2,83659E+11;Mercedes-Benz;;;"Автомобили;Автомобили>>>Новые";Mercedes-AMG G 63 (W465 Рестайлинг) 2026 — Night Package, Winter Max;Автомобиль в наличии, пробег всего 20 км! Новый Mercedes-AMG G 63 (рестайлинг W465, 2026 г.в.) в конфигурации «Снежный барс». Тотальный черный Night Package, карбоновый обвес, 22-дюймовые диски Ludwigсburg и максимальный зимний пакет с обогревом лобового стекла и автономным отопителем Webasto.<br />?? Цвет кузова: Obsidian Black Metallic (Черный обсидиан)<br />?? Пробег: 20 км (новый, только прибыл)<br />?? Двигатель: V8 4.0L Biturbo + EQ Boost 48V, 585 л.с., 850 Нм<br />?? Пакет: AMG Night (расширенный) + Carbon Package + AMG Track Pace<br />?? Салон: Кожа MANUFAKTUR Nappa черная, потолок Dinamica, Energizing Plus<br />?? Зимний пакет МАКСИМУМ: Обогрев лобового стекла + Webasto + подогрев руля<br />?? Мультимедиа: MBUX Premium, экраны сзади, Distronic Pro;"Экстерьер — скрытная агрессия<br />Легендарный внедорожник в глубоком цвете Obsidian Black Metallic с расширенным пакетом внешнего тюнинга:<br />• Пакет AMG Night (расширенный): черненые хромированные элементы, темная оптика, черные корпуса зеркал<br />• Эксклюзивные 22-дюймовые кованые диски AMG в дизайне «Ludwigсburg» (черные)<br />• Полный карбоновый пакет AMG: накладки на кузов, корпуса зеркал, кожух запасного колеса<br />• Переключаемая система выпуска ОГ с клапанами (фирменный бас V8 по нажатию кнопки)<br />• AMG Track Pace — бортовая телеметрия для трековых заездов<br />• Тонированные стекла и люк с электроприводом<br />Интерьер — черный тотал-лук<br />Салон выполнен в тотально черной концепции с максимальным комфортом:<br />• Эксклюзивная кожа Nappa MANUFAKTUR черного цвета<br />• Потолок из премиальной черной микрофибры Dinamica<br />• Карбоновый пакет: руль AMG (карбон/Dinamica) и карбоновые декоративные вставки<br />• Активные мультиконтурные сиденья PLUS: массаж, вентиляция и динамическая боковая поддержка в поворотах<br />• Обогрев передних и задних сидений, рулевого колеса и дверных подлокотников<br />• Пакет ENERGIZING PLUS — синхронизирует свет, музыку, массаж и климат под настроение водителя<br />• Сенсорные экраны для задних пассажиров (MBUX Rear)<br />• Премиальная акустическая система<br />?? Зимний пакет МАКСИМУМ — главное отличие!<br />Этот G 63 подготовлен к суровой зиме по максимуму — опции, которых нет у большинства ""европейских"" версий:<br />• Обогрев лобового стекла — критически важная опция для зимней эксплуатации (никаких скребков и ожиданий)<br />• Дополнительный автономный отопитель (Webasto) с пультом ДУ — можно прогреть салон, не выходя из дома<br />• Подогрев рулевого колеса<br />• Обогрев форсунок омывателя<br />• Подогрев передних подлокотников<br />Драйв и динамика<br />• Двигатель: Битурбо V8 4.0L AMG (M177) с технологией EQ Boost 48V (мягкий гибрид)<br />• Мощность: 585 л.с. + электро-буст на старте<br />• Крутящий момент: 850 Нм<br />• Коробка передач: AMG SPEEDSHIFT TCT 9G-Tronic (9-ступенчатый гидромеханический автомат)<br />• Постоянный полный привод AMG Performance 4MATIC с тремя блокировками дифференциалов<br />• Активная подвеска AMG Active Ride Control (A22) с адаптивными амортизаторами<br />• Полуактивные стабилизаторы поперечных кренов — внедорожник проходит повороты неестественно плоско для своего центра тяжести<br />• Разгон до 100 км/ч: ~4.5 секунды<br />Технологии и безопасность<br />• Мультимедиа MBUX Premium с навигацией на базе дополненной реальности (AR)<br />• Проекционный дисплей (Head-Up) на лобовом стекле<br />• Адаптивный круиз-контроль Distronic Pro с контролем поперечного движения на перекрестках<br />• Система удержания в полосе и контроль слепых зон<br />• Камера кругового обзора 360° + фронтальная камера 180° для бездорожья<br />• Система KEYLESS-GO с Hands-Free доступом";https://static.tildacdn.com/stor3735-3634-4331-b132-356431323038/6d6344e28d7fe1edf346bb99fd4784f7.jpg https://static.tildacdn.com/stor6262-3734-4364-b666-393231363237/c458d601a49ebe910410b89d45d40ea1.jpg;0;;;;;fakbrbdbhELS1ID3aa1p;;0;0;0;0;Купить Mercedes-AMG G 63 2026 новый – W465, Webasto, Night;"Новый Mercedes-AMG G 63 (W465 рестайлинг) 2026 г.в., пробег 20 км. V8 585 л.с., Night Package, карбон, 22"" Ludwigсburg, зимний пакет с Webasto. В наличии.";Mercedes-AMG G 63, Гелендваген W465 2026, купить AMG G63 новый, G 63 Night Package, G 63 Webasto, AMG G63 585 л.с., G 63 Winter Package;;;;;
8,64427E+11;BMW;;;"Автомобили;Автомобили>>>Новые";BMW X6 xDrive30d M Sport Pro (G06 LCI) 2026;"Автомобиль в наличии, готов к выдаче! Новый BMW X6 xDrive30d (рестайлинг G06 LCI, 2026 г.в.) в агрессивном кузове купе-кроссовер. Максимальная комплектация с пакетом M Sport Pro, 21-дюймовыми дисками, панорамой Sky Lounge и эксклюзивным салоном из кожи Merino.<br />?? Цвет кузова: Carbonschwarz Metallic (Черный карбон)<br />?? Двигатель: 3.0 дизель (298 л.с., 670 Нм), полный привод xDrive, АКПП 8-ст.<br />?? Пакет: M Sport Pro + 21"" диски M 915 Bicolor + аэродинамика<br />?? Подвеска: 2-осная пневматическая + активное рулевое (подруливание)<br />?? Салон: Кожа Merino Tartufo, декор Fineline Black, панорама Sky Lounge<br />?? Мультимедиа: Live Cockpit Pro, Bowers &amp; Wilkins Diamond, Driving Assistant Pro";"Экстерьер и стиль M Sport<br />Купе-кроссовер выполнен в глубоком цвете Carbonschwarz Metallic и оснащён расширенным пакетом M Sport Pro:<br />• Решётка радиатора BMW Iconic Glow с контурной подсветкой<br />• Аэродинамический обвес M Technic и 21-дюймовые M-диски (V-spoke 915 M Bicolor) с разноразмерными шинами<br />• Спортивный тормоз M с красными глянцевыми суппортами<br />• Фонари и элементы экстерьера M Shadow Line (с расширенным пакетом черных глянцевых акцентов)<br />• Спортивная выхлопная система M<br />• Фаркоп (тягово-сцепное устройство), комфортный доступ и автодоводчик дверей<br />Интерьер и комфорт<br />Салон обит роскошной кожей Merino в благородном цвете Tartufo с эксклюзивными вставками из дерева Fineline Black с металлическим эффектом и стеклянными элементами Crafted Clarity:<br />• Панорамная стеклянная крыша Sky Lounge со светодиодной подсветкой<br />• Потолок Individual цвета «антрацит»<br />• Комфортные передние сиденья с памятью, вентиляцией и обогревом<br />• Обогрев задних сидений и пакет теплового комфорта спереди<br />• 4-зонный автоматический климат-контроль<br />• Пакет ароматизации салона Ambient Air<br />• Солнцезащитные шторки для задних дверей, акустическое остекление и система Travel &amp; Comfort<br />• M-ремни безопасности и M-рулевое колесо<br />Драйв и динамика<br />• Двигатель: 3.0 л турбодизель B57, 298 л.с. (219 кВт) и 670 Нм крутящего момента<br />• Спортивная 8-ступенчатая АКПП Steptronic<br />• Полный привод xDrive<br />• 2-осная пневматическая подвеска<br />• Интегральное активное рулевое управление (подруливание задних колёс для идеальной маневренности)<br />Технологии и безопасность<br />• BMW Live Cockpit Professional и проекция на лобовое стекло<br />• Аудиосистема уровня High-End Bowers &amp; Wilkins Diamond Surround Sound<br />• Ассистент парковки Professional и комплекс Driving Assistant Professional<br />• Адаптивные светодиодные фары с автоматическим дальним светом<br />• Пакет инноваций, Active Protection и система контроля давления в шинах<br />• Беспроводная зарядка, персональная eSIM 5G и интеграция смартфона";https://static.tildacdn.com/stor6331-3335-4439-a231-363662646339/d10dee4097808ef8a3dc45ad4d7dcc0f.jpg https://static.tildacdn.com/stor6433-3830-4333-b833-373965656166/4347378cf29b4091df92410a0a731a13.jpg;0;;;;;DM13fA77A90JKR3btv5I;;0;0;0;0;Купить BMW X6 xDrive30d 2026 новый – цена, M Sport Pro;"Новый BMW X6 G06 LCI 2026 г.в. xDrive30d (298 л.с.), M Sport Pro, 21"" диски, пневмоподвеска, панорама Sky Lounge, Bowers&amp;Wilkins. Цвет Carbonschwarz. В наличии.";BMW X6 xDrive30d, BMW X6 G06 LCI 2026, новый BMW X6 цена, BMW X6 M Sport Pro, купить BMW X6 дизель, BMW X6 Carbonschwarz, BMW X6 Bowers Wilkins;;;;;
4,43557E+11;Hyundai;;;"Автомобили;Автомобили>>>Новые";Hyundai Palisade Calligraphy 2026 — Флагманский SUV из Кореи;"Корейский флагман в максимальной комплектации! Новый Hyundai Palisade (2026 г.в.) в топовой комплектации Calligraphy для рынка Кореи. Черный кузов, черный салон, 7 мест, вентиляция всех сидений, Harman Kardon 12 динамиков.<br />?? Цвет кузова: Черный (Phantom Black)<br />?? Салон: Черная кожа Nappa<br />?? Двигатель: 2.5 л бензин (281 л.с.), полный привод HTRAC<br />?? Привод: Полный AWD (HTRAC)<br />?? Коробка: 8-ступенчатый автомат<br />?? Комплектация: Calligraphy (максимальная)<br />?? Салон: 7 мест, вентиляция всех рядов, Harman Kardon<br />?? Мультимедиа: 12.3"" экран, цифровая приборка 12.3""";"<p style=""text-align: left;"">Экстерьер — корейский премиум</p><p style=""text-align: left;"">Флагманский SUV Hyundai в максимальной комплектации Calligraphy с обновленным дизайном:</p><p style=""text-align: left;"">• Фирменная каскадная решетка радиатора с хромированными ламелями</p><p style=""text-align: left;"">• Светодиодные матричные фары с адаптивным дальним светом</p><p style=""text-align: left;"">• 20-дюймовые легкосплавные диски в эксклюзивном дизайне Calligraphy</p><p style=""text-align: left;"">• Панорамная стеклянная крыша с электроприводом</p><p style=""text-align: left;"">• Электропривод двери багажника с Hands-Free</p><p style=""text-align: left;"">• Хромированные молдинги и акценты</p><p style=""text-align: left;"">• Светодиодные задние фонари с анимацией</p><p style=""text-align: left;"">• Рейлинги на крыше</p><p style=""text-align: left;"">• Тонированные стекла с UV-защитой</p><p style=""text-align: left;"">Интерьер — максимальный комфорт</p><p style=""text-align: left;"">Салон с 7-местной конфигурацией и премиальными материалами:</p><p style=""text-align: left;"">• Премиальная кожа Nappa черного цвета с контрастной прострочкой</p><p style=""text-align: left;"">• Вентиляция передних и задних сидений (всех 3 рядов!)</p><p style=""text-align: left;"">• Массаж передних сидений с памятью настроек</p><p style=""text-align: left;"">• Обогрев всех сидений (включая 3-й ряд) и рулевого колеса</p><p style=""text-align: left;"">• Декор из натурального дерева и алюминия</p><p style=""text-align: left;"">• Трехзонный климат-контроль с ионизацией воздуха</p><p style=""text-align: left;"">• Премиальная аудиосистема Harman Kardon на 12 динамиков</p><p style=""text-align: left;"">• 12.3-дюймовый сенсорный экран мультимедиа с навигацией</p><p style=""text-align: left;"">• 12.3-дюймовая цифровая приборная панель</p><p style=""text-align: left;"">• Проекционный дисплей (Head-Up Display)</p><p style=""text-align: left;"">• Беспроводная зарядка и USB-C порты по всему салону</p><p style=""text-align: left;"">• Электрорегулировка 3-го ряда сидений</p><p style=""text-align: left;"">• Подстаканники с подогревом/охлаждением</p><p style=""text-align: left;"">Драйв и динамика</p><p style=""text-align: left;"">• Двигатель: 2.5-литровый бензиновый мотор (Theta III)</p><p style=""text-align: left;"">• Мощность: 281 л.с.</p><p style=""text-align: left;"">• Крутящий момент: 422 Нм</p><p style=""text-align: left;"">• Коробка передач: 8-ступенчатый автомат с ручным режимом</p><p style=""text-align: left;"">• Полный привод HTRAC с электронным управлением</p><p style=""text-align: left;"">• Режимы вождения: Eco, Comfort, Sport, Smart, Snow, Sand, Mud</p><p style=""text-align: left;"">• Адаптивная подвеска (опция)</p><p style=""text-align: left;"">• Разгон до 100 км/ч: ~8.5 секунды</p><p style=""text-align: left;"">Технологии и безопасность (Hyundai SmartSense)</p><p style=""text-align: left;"">• Hyundai SmartSense — комплекс активной безопасности</p><p style=""text-align: left;"">• Адаптивный круиз-контроль с функцией Stop&amp;Go</p><p style=""text-align: left;"">• Система удержания в полосе и контроль слепых зон</p><p style=""text-align: left;"">• Автоматическое экстренное торможение с распознаванием пешеходов</p><p style=""text-align: left;"">• Камера кругового обзора 360°</p><p style=""text-align: left;"">• Система помощи при парковке с автопарковщиком</p><p style=""text-align: left;"">• Система мониторинга водителя (Driver Attention Warning)</p><p style=""text-align: left;"">• Система безопасного выхода (Safe Exit Assist)</p><p style=""text-align: left;"">• Беспроводные Apple CarPlay / Android Auto</p><p style=""text-align: left;"">• Цифровой ключ (Digital Key) для смартфона</p>";https://static.tildacdn.com/stor6236-3432-4661-a466-666564636530/8524cfe932185be8144d57bd532d3a4b.jpg https://static.tildacdn.com/stor6135-3665-4030-a338-316435353361/9f70dc35341852f7f6d273c04056c727.jpg;0;;;;;XyYm34A9SC6MxUiJNOrP;;0;0;0;0;Купить Hyundai Palisade Calligraphy 2026 новый – Корея, 7 мест;Новый Hyundai Palisade Calligraphy 2026 г.в. (Корея). Бензин 2.5L (281 л.с.), 7 мест, вентиляция всех рядов, Harman Kardon, HTRAC 4WD. Цвет черный. В наличии.;Hyundai Palisade Calligraphy, Palisade 2026 Корея, купить Palisade новый, Palisade 7 мест, Hyundai Palisade 4WD, Palisade Harman Kardon, Palisade Calligraphy;;;;;
4,8986E+11;Land Rover;;;"Автомобили;Автомобили>>>Новые";Range Rover Sport Autobiography D350 (L461) 2026;"Автомобиль в наличии, готов к выдаче! Новый Range Rover Sport в топовой комплектации Autobiography (L461, 2026 г.в.) в глубоком цвете Santorini Black. Флагманский дизель 350 л.с., 23-дюймовые диски, пневмоподвеска и эксклюзивный салон из кожи Semi-Aniline.<br />?? Цвет кузова: Santorini Black<br />?? Двигатель: 3.0 л дизель R6 (350 л.с., 700 Нм), 8-ст. АКПП, AWD<br />?? Комплектация: Autobiography + SV Black Pack<br />?? Подвеска: Пневматическая Dynamic Air + подруливание 4 колес<br />?? Салон: Кожа Semi-Aniline (Caraway/Ebony), массаж, вентиляция, 4-зонный климат<br />?? Мультимедиа: Pivi Pro 13.1"", Meridian, проекция, электр. фаркоп";Экстерьер и стиль Autobiography<br />Статусный SUV выполнен в элегантном цвете Santorini Black и оснащен пакетом Dynamic Exterior Black Pack:<br />• Эксклюзивные 23-дюймовые легкосплавные диски (стиль Crescendo, темно-серые)<br />• Глянцевая черная решетка радиатора и черные акценты экстерьера<br />• Электронно-выдвижной фаркоп (тягово-сцепное устройство) с датчиком парковки прицепа<br />• Панорамная стеклянная крыша с электроприводом<br />• Светодиодные сканирующие фары с динамическими указателями поворотов<br />• Двойные солнцезащитные козырьки и обогрев лобового стекла<br />Интерьер и комфорт (Autobiography)<br />Роскошный салон обит перфорированной кожей Semi-Aniline в эксклюзивном сочетании Caraway / Ebony (карамельный/черный) с декором из черного дерева с открытыми порами:<br />• 22-позиционные передние сиденья с памятью, вентиляцией, массажем и подогревом<br />• Подогрев и вентиляция задних сидений<br />• Обогрев рулевого колеса и дверных подлокотников<br />• 4-зонный климат-контроль с ионизацией воздуха и фильтрацией PM 2.5<br />• Центральная консоль с холодильником<br />• Потолок из премиальной замши Suedecloth (Ebony)<br />Драйв и динамика<br />• Двигатель: Рядный 6-цилиндровый дизель 3.0L (AJ20D6) с технологией MHEV (48V)<br />• Мощность: 350 л.с. и максимальный крутящий момент 700 Нм<br />• Коробка передач: 8-ступенчатая АКПП ZF 8HP80<br />• Полный привод (AWD) с системой перераспределения тяги (Torque Vectoring)<br />• Пневматическая подвеска Dynamic Air с непрерывным регулированием амортизаторов<br />• Рулевое управление на все 4 колеса для эталонной маневренности<br />• Система All-Terrain Progress Control<br />Технологии и безопасность<br />• Мультимедиа Pivi Pro с экраном 13.1 дюйма и тактильной отдачей<br />• Аудиосистема объемного звучания Meridian<br />• Проекционный дисплей (Head-Up) на лобовом стекле<br />• Навигация Connected Navigation Pro с данными о дорожном трафике в реальном времени<br />• Адаптивный круиз-контроль с ассистентом рулевого управления<br />• Камера кругового обзора 360° с системой помощи при парковке и буксировке<br />• Apple CarPlay / Android Auto беспроводные, беспроводная зарядка (спереди и сзади)<br />• Система мониторинга слепых зон, удержания в полосе и экстренного торможения;https://static.tildacdn.com/stor6265-3537-4935-b462-346666326562/abaf3eb09422a6464b36f62ac25ed245.jpg https://static.tildacdn.com/stor3363-6633-4166-b334-373661623866/c5287bee231bb469132215a64fe7adc0.jpg;0;;;;;BlEbeIBprzF71tRMJgs1;;0;0;0;0;Купить Range Rover Sport Autobiography 2026 новый – цена, D350;"Новый Range Rover Sport L461 2026 г.в. Autobiography, дизель 350 л.с., 23"" диски, пневмоподвеска, кожа Semi-Aniline, Meridian, массаж. Цвет Santorini Black. В наличии.";Range Rover Sport L461, Range Rover Sport Autobiography 2026, купить Range Rover Sport новый, Range Rover Sport D350, RR Sport Santorini Black, Range Rover Sport дизель, Range Rover Sport 23 диски;;;;;
4,19768E+11;BMW;;;"Автомобили;Автомобили>>>С пробегом";BMW 530i (G30) 2021 — пробег 7 000 км;"Автомобиль в наличии, пробег 7 000 км! BMW 530i (G30, 2021 г.в.) в отличном состоянии. Синий кузов, черный салон, панорамная крыша, Head-Up Display и управление жестами.<br />?? Цвет кузова: Phytonic Blue Metallic (Фитоник синий)<br />?? Пробег: 7 000 км (состояние нового, вовремя обслужен)<br />?? Двигатель: 2.0 л бензин (252 л.с.), задний привод, АКПП 8-ст.<br />?? Диски: 19"" легкосплавные V-spoke 635 с всесезонными шинами RunFlat<br />?? Салон: Кожа черная, спортивные сиденья, обогрев, память<br />?? Мультимедиа: Harman Kardon, Head-Up Display, Gesture Control, WiFi Hotspot";"Состояние и экстерьер<br />Автомобиль с пробегом 7 000 км, полностью обслужен и находится в состоянии нового. Выполнен в эффектном цвете Phytonic Blue Metallic:<br />• 19-дюймовые легкосплавные диски (V-spoke 635) с всесезонными шинами RunFlat<br />• Элегантная хромированная окантовка Chrome-line Exterior<br />• Электрическая стеклянная крыша с электроприводом<br />• Адаптивные светодиодные фары с автоматическим дальним светом<br />• Электропривод багажника, комфортный доступ<br />• Солнцезащитные шторки для задних дверей<br />Интерьер и комфорт<br />Салон обит черной кожей с декором из дерева Pappel Maser Grey (серый тополь) и керамическими аппликациями:<br />• Спортивные сиденья с памятью, поясничной поддержкой и обогревом<br />• Обогрев передних сидений<br />• Автоматический климат-контроль<br />• Спортивное кожаное рулевое колесо<br />• Потолок Individual цвета «антрацит»<br />• Сопровождающее освещение салона<br />• Система сквозной загрузки (Through-load System)<br />Драйв и динамика<br />• Двигатель: 2.0 л бензин с технологией рекуперации<br />• Мощность: 252 л.с.<br />• Спортивная 8-ступенчатая АКПП Steptronic с лепестками переключения<br />• Задний привод<br />• Дистанционный запуск двигателя (Remote Engine Start)<br />Технологии и безопасность<br />• BMW Live Cockpit Professional<br />• Head-Up Display (проекция на лобовое стекло)<br />• Аудиосистема Harman Kardon Surround Sound<br />• Система управления жестами BMW (Gesture Control)<br />• WiFi Hotspot и комфортная телефония с расширенной интеграцией смартфона<br />• Адаптивные светодиодные фары с автоматическим дальним светом<br />• Парктроники и камера заднего вида<br />• Active Protection и Active Guard<br />• Версия для жаркого и холодного климата (Hot-climate &amp; Cold-climate Version)";https://static.tildacdn.com/stor3735-6362-4161-b636-656633333666/a99a18f9c2f55a896145f6b2a27d67b3.jpg https://static.tildacdn.com/stor6430-3031-4837-b638-636362613537/9d49e6067061f52b8418c8d22646dd15.jpg;0;;;;;SBYpy6E8Z2JcM4BcuIij;;0;0;0;0;BMW 530i 2021 с пробегом 7 000 км – Harman Kardon, Head-Up;BMW 5-серии G30 2021 г.в. с пробегом 7 000 км. 530i (252 л.с.), Harman Kardon, Head-Up Display, Gesture Control, панорама. Цвет Phytonic Blue. В наличии.;BMW 530i, BMW 5 G30 2021, BMW 5-серии с пробегом, BMW 530i 7000 км, купить BMW 530i, BMW 5 Harman Kardon, BMW 5 Head-Up Display;;;;;
4,12595E+11;BMW;;;"Автомобили;Автомобили>>>С пробегом";BMW X5 xDrive30d M Sport Pro (G05 LCI) — пробег 12 000 км 2024;"Автомобиль в наличии, пробег всего 12 000 км! Фактически новый BMW X5 xDrive30d (рестайлинг G05 LCI, 2024 г.в.) в идеальном состоянии. Максимальная комплектация с пакетом M Sport Pro, 22-дюймовыми дисками и панорамой Sky Lounge.<br />?? Цвет кузова: Black Sapphire Metallic<br />?? Пробег: 12 000 км (состояние нового авто)<br />?? Двигатель: 3.0 дизель (286 л.с.), полный привод xDrive, АКПП 8-ст.<br />?? Пакет: M Sport Pro + 22"" диски M 742M + карбон<br />?? Салон: Кожа Individual Black, панорама Sky Lounge, массаж, Webasto<br />?? Мультимедиа: Live Cockpit Pro, Bowers &amp; Wilkins, управление жестами";"Состояние и экстерьер<br />Автомобиль с минимальным пробегом 12 000 км, находится в состоянии нового. Выполнен в глубоком цвете Black Sapphire Metallic и оснащён агрессивным пакетом M Sport Pro:<br />• Решётка радиатора BMW Iconic Glow с контурной подсветкой<br />• Аэродинамический обвес M Technic и большие 22-дюймовые M-диски (стиль 742M)<br />• Спортивный тормоз M с красными глянцевыми суппортами<br />• Рейлинги и фонари M Shadow Line<br />• Спортивная выхлопная система M<br />• Комфортный доступ и автодоводчик дверей<br />Интерьер и комфорт<br />Салон обит черной кожей BMW Individual Extended Merino с эксклюзивными вставками из карбона и стеклянными элементами Crafted Clarity:<br />• Панорамная стеклянная крыша Sky Lounge со светодиодной подсветкой<br />• Потолок, обтянутый премиальной Alcantara (антрацит)<br />• Индивидуальная панель приборов, обтянутая кожей<br />• Сиденья повышенного комфорта с памятью, вентиляцией и массажем<br />• Обогрев всех сидений, 4-зонный климат-контроль и пакет ароматизации Ambient Air<br />• Автономная система отопления (предпусковой подогреватель Webasto)<br />Драйв и динамика<br />• Двигатель: 3.0 л турбодизель B57, 286 л.с. (210 кВт)<br />• Спортивная 8-ступенчатая АКПП Steptronic<br />• Полный привод xDrive<br />• 2-осная пневматическая подвеска<br />• Интегральное активное рулевое управление (подруливание задних колёс)<br />• Исполнение для стран с холодным климатом<br />Технологии и безопасность<br />• BMW Live Cockpit Professional и проекция на лобовое стекло<br />• Аудиосистема уровня High End Bowers &amp; Wilkins<br />• Система управления жестами BMW<br />• Беспроводная зарядка, интеграция смартфона и персональная eSIM<br />• Ассистент парковки Professional и комплекс Driving Assistant<br />• Адаптивные светодиодные фары с автоматическим дальним светом";https://static.tildacdn.com/stor3964-6133-4436-b231-396433333539/c08f974bd2a3dc188f3f21ece0b99305.jpg https://static.tildacdn.com/stor3738-3931-4337-b537-663839653131/c360579e4868ff1f10dc27dd175e5260.jpg;0;;;;;53eGxDFrT7cMxkkDoG9j;;0;0;0;0;BMW X5 xDrive30d 2024 с пробегом 12 000 км – цена, M Sport;"BMW X5 G05 LCI 2024 г.в. с пробегом 12 000 км. Дизель 3.0 (286 л.с.), M Sport Pro, 22"" диски, панорама Sky Lounge, Bowers&amp;Wilkins. Цвет Black Sapphire. В наличии.";BMW X5 xDrive30d, BMW X5 G05 LCI 2024, BMW X5 с пробегом, BMW X5 12000 км, купить BMW X5 дизель, BMW X5 M Sport Pro, BMW X5 Black Sapphire;;;;;
1,58337E+11;Lexus;;;"Автомобили;Автомобили>>>Новые";Lexus LX 700h Luxury + 7S (ОАЭ) 2025 — Гибрид 457 л.с.;Абсолютная редкость на российском рынке! Новый Lexus LX 700h в топовой комплектации Luxury с 7-местным салоном. Первый в истории Lexus полноценный гибрид с V6 твин-турбо и электромотором — суммарная мощность 457 л.с. и 790 Нм. Версия для ОАЭ с расширенным пакетом опций.<br />?? Цвет кузова: Белый перламутровый (White Nova)<br />?? Салон: Абрикосовая кожа (Apricot) — редчайшее сочетание!<br />?? Двигатель: V6 3.5L Twin-Turbo + электромотор (457 л.с., 790 Нм)<br />?? Привод: Полный 4WD с понижающей передачей<br />?? Комплектация: Luxury + 7S (7 мест, Mark Levinson, панорама)<br />?? Особенность: Версия для ОАЭ с усиленным охлаждением и кондиционированием;"Экстерьер — статус и мощь<br />Флагманский внедорожник в эффектном белом перламутровом цвете:<br />• Фирменная решетка радиатора Lexus с огромной веретенообразной формой<br />• Светодиодные матричные фары с тройными L-образными ДХО<br />• Легкосплавные диски 22 дюйма в эксклюзивном дизайне Luxury<br />• Панорамная стеклянная крыша с электроприводом<br />• Электропривод двери багажника с функцией Hands-Free<br />• Рейлинги на крыше и хромированные акценты<br />Интерьер Luxury + 7S<br />Салон в эксклюзивном абрикосовом цвете — редчайшее сочетание для Lexus:<br />• 7-местная конфигурация с тремя рядами сидений<br />• Премиальная полуанилиновая кожа абрикосового цвета<br />• 24-позиционные передние сиденья с массажем, вентиляцией и памятью<br />• Подогрев всех сидений (включая 3-й ряд) и рулевого колеса<br />• Декоративные вставки из натурального дерева Shimamoku<br />• 4-зонный климат-контроль с ионизацией воздуха nanoe™ X<br />• Потолок из премиальной замши<br />Драйв и динамика — гибридная мощь<br />• Двигатель: V6 3.5L Twin-Turbo + электромотор в коробке передач<br />• Суммарная мощность: 457 л.с.<br />• Крутящий момент: 790 Нм (как у турбодизеля!)<br />• Коробка передач: 10-ступенчатый автомат Direct Shift-10AT<br />• Полный привод 4WD с понижающей передачей и блокировкой центрального дифференциала<br />• Платформа TNGA-F — первая рамная платформа Lexus с электроусилителем<br />• Система Multi-Terrain Select с 6 режимами (включая новый Deep Snow)<br />• Разгон до 100 км/ч: ~6.9 секунды<br />• Экономичность: расход на 15-20% ниже, чем у бензинового LX600<br />Технологии и безопасность (Lexus Safety System+ 3.0)<br />• Марк Levinson премиальная аудиосистема на 25 динамиков<br />• Мультимедийная система Lexus Interface с двумя экранами (12.3"" + 7"")<br />• Проекционный дисплей (Head-Up) с цветным отображением<br />• Адаптивный круиз-контроль с функцией Stop&amp;Go<br />• Система удержания в полосе и контроль слепых зон<br />• Автоматическое экстренное торможение с распознаванием пешеходов<br />• Камера кругового обзора 360° с функцией «прозрачного капота»<br />• Беспроводная зарядка, Apple CarPlay / Android Auto<br />Особенности версии для ОАЭ<br />Автомобиль собран в спецификации для рынка Объединенных Арабских Эмиратов:<br />• Усиленная система охлаждения двигателя и салона (для жаркого климата)<br />• Более мощный кондиционер с быстрым охлаждением салона<br />• Специальные настройки подвески для высоких температур<br />• Усиленный генератор и аккумулятор";https://static.tildacdn.com/stor6132-3134-4236-b962-353264373933/ed999b8061ec11ce5a541676594f697f.jpg https://static.tildacdn.com/stor3534-3063-4035-a235-383835323431/18159316c64d8b4eca2aaba79a4c843e.jpg;0;;;;;HydnrNYuyfXUIzfpnAoF;;0;0;0;0;Купить Lexus LX 700h Luxury 2025 новый – гибрид 457 л.с., ОАЭ;Новый Lexus LX 700h Luxury 2025 г.в. Гибрид V6 Twin-Turbo + электромотор (457 л.с., 790 Нм), 7 мест, Mark Levinson, панорама. Цвет белый/абрикос. В наличии.;Lexus LX 700h, купить LX 700h новый, Lexus LX гибрид, LX 700h Luxury, Lexus LX 457 л.с., LX 700h ОАЭ, Lexus LX абрикосовый салон;;;;;
5,2471E+11;BMW;;;"Автомобили;Автомобили>>>Новые";BMW X5 xDrive30d M Sport Pro (G05 LCI) 2025;Автомобиль в наличии, готов к выдаче! Новый BMW X5 xDrive30d (рестайлинг G05 LCI, 2025 г.в.) в максимальной комплектации с пакетом M Sport Pro и эксклюзивными опциями BMW Individual.<br />?? Цвет кузова: Manhattan Metallic<br />?? Двигатель: 3.0 дизель (286 л.с.), полный привод xDrive, АКПП 8-ст.<br />?? Пакет: M Sport Pro + аэродинамика M Technic<br />?? Подвеска: 2-осная пневматическая + активное рулевое<br />?? Салон: Кожа Individual Merino Coffee, панорамная крыша<br />?? Мультимедиа: Live Cockpit Pro, Harman/Kardon, проекция;Экстерьер и стиль M Sport<br />Автомобиль выполнен в цвете Manhattan Metallic и оснащён расширенным пакетом M Sport Pro:<br />• Решётка радиатора BMW Iconic Glow с контурной подсветкой<br />• Аэродинамический обвес M Technic<br />• Легкосплавные диски BMW, стиль 745I<br />• Спортивный тормоз M с красными глянцевыми суппортами<br />• Рейлинги и фонари M Shadow Line<br />• Спортивная выхлопная система M<br />• Комфортный доступ и автодоводчик дверей<br />Интерьер и комфорт<br />Салон обит кожей BMW Individual Extended Merino в цвете Coffee с декоративными вставками из дерева Fineline Stripe:<br />• Панорамная крыша с электроприводом<br />• Потолок цвета «антрацит»<br />• Сиденья повышенного комфорта с памятью, вентиляцией и обогревом (передние и задние)<br />• 4-зонный автоматический климат-контроль<br />• Подстаканники с поддержкой температуры<br />• Кожаное рулевое колесо M-спорт и M-ремни безопасности<br />• Расширенный пакет зеркал и сопровождающее освещение салона<br />Драйв и динамика<br />• Двигатель: 3.0 л турбодизель B57, 286 л.с. (210 кВт)<br />• Спортивная 8-ступенчатая АКПП Steptronic<br />• Полный привод xDrive<br />• 2-осная пневматическая подвеска<br />• Интегральное активное рулевое управление (подруливание задних колёс)<br />• Спортивная выхлопная система M<br />• Исполнение для стран с холодным климатом<br />Технологии и безопасность<br />• BMW Live Cockpit Professional и проекция на лобовое стекло<br />• Аудиосистема Harman/Kardon объёмного звучания<br />• Беспроводная зарядка и интеграция смартфона<br />• Адаптивные светодиодные фары с автоматическим дальним светом<br />• Driving Assistant и система парковки Plus<br />• Active Protection и система контроля давления в шинах;https://static.tildacdn.com/stor3132-6262-4133-a234-366239316537/4322211e53fa4d5fc8cbf00ee0dd6367.jpg https://static.tildacdn.com/stor3732-3638-4839-b131-663763383965/093c26c588dca7e55bc8c6ad56dabc77.jpg;0;;;;;n7SyHju1LesaENfDSBuk;;0;0;0;0;Купить BMW X5 xDrive30d 2025 новый – цена, комплектация M Sport;Новый BMW X5 G05 LCI 2025 г.в. с дизелем 3.0 (286 л.с.), полным приводом, пневмоподвеской и M Sport Pro. Цвет Manhattan Metallic, салон кожа Merino. Доставка по РФ.;BMW X5 xDrive30d, BMW X5 G05 LCI 2025, новый BMW X5 цена, BMW X5 M Sport Pro, купить BMW X5 дизель, BMW X5 без пробега, BMW X5 Manhattan Metallic;;;;;
2,87511E+11;BMW;;;"Автомобили;Автомобили>>>Новые";BMW X6 xDrive40d M Sport Pro (G06 LCI) 2026;"Автомобиль в наличии, готов к выдаче! Новый BMW X6 xDrive40d (рестайлинг G06 LCI, 2026 г.в.) в агрессивном кузове купе-кроссовер. Максимальная комплектация с пакетом M Sport Pro, мощнейшим дизелем 352 л.с., 22-дюймовыми дисками, панорамной крышей и эксклюзивным салоном цвета Слоновая кость.<br />?? Цвет кузова: Black Sapphire Metallic (Черный сапфир)<br />?? Двигатель: 3.0 дизель (352 л.с., 720 Нм), полный привод xDrive, АКПП 8-ст.<br />?? Пакет: M Sport Pro + 22"" диски M 742 + фаркоп<br />?? Подвеска: 2-осная пневматическая + активное рулевое (подруливание)<br />?? Салон: Кожа Merino Elfenbeinweiss (Слоновая кость), декор карбон, массаж<br />?? Мультимедиа: Live Cockpit Pro, Bowers &amp; Wilkins Diamond, Driving Assistant Pro";"Экстерьер и стиль M Sport<br />Купе-кроссовер выполнен в глубоком цвете Black Sapphire Metallic и оснащён расширенным пакетом M Sport Pro:<br />• Решётка радиатора BMW Iconic Glow с контурной подсветкой<br />• Аэродинамический обвес M Technic и большие 22-дюймовые M-диски (сдвоенные спицы 742 M) с разноразмерными шинами<br />• Спортивный тормоз M с красными глянцевыми суппортами<br />• Фонари и элементы экстерьера M Shadow Line (с расширенным пакетом черных глянцевых акцентов)<br />• Спортивная выхлопная система M<br />• Фаркоп (тягово-сцепное устройство), комфортный доступ и автодоводчик дверей<br />Интерьер и комфорт<br />Роскошный салон обит эксклюзивной кожей Merino в редком цвете Elfenbeinweiss (Слоновая кость) с декором из настоящего карбона и стеклянными элементами Crafted Clarity:<br />• Панорамная стеклянная крыша с электроприводом<br />• Потолок Individual, обтянутый Alcantara (антрацит)<br />• Индивидуальная панель приборов, обтянутая кожей<br />• Комфортные передние сиденья с памятью, вентиляцией и массажем<br />• Обогрев передних и задних сидений, пакет теплового комфорта<br />• 4-зонный автоматический климат-контроль<br />• Пакет ароматизации салона Ambient Air<br />• Солнцезащитные шторки для задних дверей, акустическое остекление и система Travel &amp; Comfort<br />• M-ремни безопасности и M-рулевое колесо<br />Драйв и динамика<br />• Двигатель: 3.0 л турбодизель B57 (версия 40d), 352 л.с. (259 кВт) и 720 Нм крутящего момента<br />• Спортивная 8-ступенчатая АКПП Steptronic<br />• Полный привод xDrive<br />• 2-осная пневматическая подвеска<br />• Интегральное активное рулевое управление (подруливание задних колёс для идеальной маневренности)<br />Технологии и безопасность<br />• BMW Live Cockpit Professional и проекция на лобовое стекло<br />• Аудиосистема уровня High-End Bowers &amp; Wilkins Diamond Surround Sound<br />• Ассистент парковки Professional и комплекс Driving Assistant Professional<br />• Адаптивные светодиодные фары с автоматическим дальним светом<br />• Пакет инноваций, Active Protection и система контроля давления в шинах<br />• Беспроводная зарядка, персональная eSIM 5G и интеграция смартфона";https://static.tildacdn.com/stor6165-3031-4761-b162-633661366130/b73d29faf55905e6065d9bf0054a1680.jpg https://static.tildacdn.com/stor3566-3965-4736-b636-663836353862/7143abe572a7e2730ef7e92f3e1fb03b.jpg;0;;;;;SUbvaO901PgzGF6CC29b;;0;0;0;0;Купить BMW X6 xDrive40d 2026 новый – цена, M Sport Pro;"Новый BMW X6 G06 LCI 2026 г.в. xDrive40d (352 л.с.), M Sport Pro, 22"" диски, пневмоподвеска, панорама, Bowers&amp;Wilkins, карбон. Цвет Black Sapphire. В наличии.";BMW X6 xDrive40d, BMW X6 G06 LCI 2026, новый BMW X6 цена, BMW X6 M Sport Pro, купить BMW X6 дизель 40d, BMW X6 Black Sapphire, BMW X6 Bowers Wilkins;;;;;
6,11771E+11;BMW;;;"Автомобили;Автомобили>>>С пробегом";BMW 740d xDrive M Sport (G70 LCI) 2025 — Brooklyn Grey, пробег 4 000 км;Автомобиль в наличии, пробег 4 000 км! Флагманский BMW 7-й серии (рестайлинг G70 LCI) в мощной дизельной версии 40d. Редкое сочетание Brooklyn Grey и рыжего салона, хрустальные фары Iconic Glow, M Sport пакет и вентиляция всех сидений.<br />?? Цвет кузова: Brooklyn Grey Metallic<br />?? Салон: Кожа Merino Tartufo (рыжий)<br />?? Пробег: 4 000 км<br />?? Двигатель: 3.0 л дизель (286-300 л.с.), 48V MHEV, 8-ст. АКПП, xDrive<br />?? Пакет: M Sport + хром Chrome Line Exterior<br />?? Салон: Хрустальные фары Iconic Glow, Fineline Black декор, массаж, вентиляция перед+зад<br />?? Мультимедиа: Live Cockpit Pro, Driving Assistant Pro, Natural Interaction;"Экстерьер — флагман BMW<br />Флагманский седан в современном цвете Brooklyn Grey Metallic с пакетом M Sport и элегантной хромированной окантовкой Chrome Line Exterior:<br />• Хрустальные фары BMW Crystal Headlights Iconic Glow<br />• Решётка радиатора BMW Iconic Glow с контурной подсветкой<br />• Эксклюзивные 20-дюймовые M-диски (стиль 907 M Bicolor) с разноразмерными шинами<br />• Автоматические двери с доводчиками<br />• Климат-комфортное остекление (ламинированное)<br />Интерьер уровня флагмана<br />Салон обит роскошной кожей Merino в цвете Tartufo (рыжий) с эксклюзивными вставками из дерева Fineline Black с металлическим эффектом и M-подписью:<br />• Многофункциональные передние сиденья с памятью, вентиляцией и массажем<br />• Многофункциональные задние сиденья с вентиляцией и электрорегулировкой<br />• Пакет теплового комфорта спереди и сзади<br />• Стеклянные элементы Crafted Clarity<br />• Потолок Individual цвета «антрацит»<br />• Интерьерная камера для контроля салона<br />• Система Travel &amp; Comfort<br />• Солнцезащитные шторки<br />Драйв и динамика<br />• Двигатель: 3.0 л турбодизель с технологией MHEV (48V)<br />• Мощность: 286-300 л.с.<br />• Спортивная 8-ступенчатая АКПП Steptronic<br />• Полный привод xDrive<br />• Интегральное активное рулевое управление (подруливание задних колёс)<br />• Система рекуперации энергии<br />Технологии и безопасность<br />• BMW Live Cockpit Professional<br />• Система BMW Natural Interaction (голосовое управление с естественным языком)<br />• Ассистент парковки Professional и комплекс Driving Assistant Professional<br />• Адаптивные светодиодные фары<br />• Персональная eSIM 5G и Connected Package Professional";https://static.tildacdn.com/stor6138-3935-4064-b434-343335373137/e2675806fb0b8ef3752ed2cef54ce7af.jpg https://static.tildacdn.com/stor3538-6537-4430-b634-653532616663/842698139389659f4fe2b233962da98c.jpg;0;;;;;PFS1eTU1J4UNcnzEApZG;;0;0;0;0;BMW 740d xDrive 2025 с пробегом 4 000 км – M Sport, Brooklyn Grey;BMW 7-серии G70 LCI 2025 г.в. 740d xDrive, пробег 4 000 км. Дизель 3.0 (286 л.с.), M Sport, хрустальные фары, массаж, вентиляция. Цвет Brooklyn Grey. В наличии.;BMW 740d, BMW 7 G70 LCI 2025, BMW 7-серии с пробегом, BMW 740d xDrive, BMW 7 Brooklyn Grey, BMW 7 M Sport;;;;;
8,93871E+11;BMW;;;"Автомобили;Автомобили>>>С пробегом";BMW XM (G09) — пробег 25 000 км 2023;"Автомобиль в наличии, пробег 25 000 км! Флагманский гибридный кроссовер BMW XM (G09, 2023 г.в.) с чистой автотекой. Бескомпромиссная мощность 653 л.с. (V8 + электромотор), 23-дюймовые диски M 923M, красные тормозные суппорта и топовая аудиосистема Bowers &amp; Wilkins Diamond.<br />?? Цвет кузова: Carbonschwarz Metallic<br />?? Пробег: 25 000 км (состояние нового, вовремя обслужен)<br />?? Двигатель: V8 4.4L PHEV (653 л.с.), полный привод M xDrive, АКПП 8-ст.<br />?? Ходовая: Адаптивная подвеска M Professional + M дифференциал<br />?? Салон: Кожа Merino Black, массаж, вентиляция, 23"" диски<br />?? Мультимедиа: Live Cockpit Pro, Bowers &amp; Wilkins Diamond, решетка Iconic Glow";"Состояние и экстерьер M<br />Автомобиль с пробегом 25 000 км, полностью обслужен. Выполнен в глубоком цвете Carbonschwarz Metallic:<br />• Фирменная решётка радиатора BMW Iconic Glow с контурной подсветкой<br />• Огромные 23-дюймовые легкосплавные M-диски (звездообразные спицы 923M Bicolor)<br />• Спортивный тормоз M с эксклюзивными суппортами цвета красный глянец<br />• Расширенный пакет M Shadow Line (черные глянцевые акценты)<br />• Комфортный доступ и автодоводчик дверей<br />Интерьер и комфорт<br />Салон обит роскошной черной кожей Merino:<br />• Многофункциональные сиденья M-стиль с памятью, вентиляцией и массажем<br />• Обогрев передних и задних сидений, пакет теплового комфорта<br />• Оригинальные кабели для зарядки (Mode 2 + Mode 3)<br />• Система BMW IconicSounds Electric<br />• Bowers &amp; Wilkins Diamond Surround Sound<br />Драйв и динамика (Plug-in Hybrid)<br />• Двигатель: Битурбо V8 4.4L + электромотор, суммарная мощность 653 л.с. и 800 Нм<br />• Спортивная 8-ступенчатая АКПП M Steptronic<br />• Полный привод M xDrive<br />• Спортивная ходовая часть M Professional<br />• M спортивный дифференциал<br />Технологии и безопасность<br />• BMW Live Cockpit Professional и система управления жестами<br />• Система парковки Plus, Driving Assistant Professional<br />• Адаптивные светодиодные фары<br />• Персональная eSIM 5G и полный пакет Connected Drive Services";https://static.tildacdn.com/stor6232-3433-4963-a133-353037393064/b2db3ba443bf353c99d4f9857c008879.jpg https://static.tildacdn.com/stor6232-3334-4832-b936-366164393035/2956108313bd990e26b2f14f3c1a02a6.jpg;0;;;;;2XSTOtcS0oT2JNeZLj5G;;0;0;0;0;BMW XM 2023 с пробегом 25 000 км – цена, гибрид 653 л.с.;"BMW XM G09 2023 г.в. с пробегом 25 000 км. Гибрид V8 (653 л.с.), M xDrive, Bowers&amp;Wilkins Diamond, 23"" диски. Цвет Carbonschwarz. В наличии.";BMW XM, BMW XM G09, BMW XM с пробегом, BMW XM 25000 км, купить BMW XM гибрид, BMW XM 653 л.с.;;;;;
9,73866E+11;BMW;;;"Автомобили;Автомобили>>>Новые";BMW X7 xDrive40d M Sport Pro (G07 LCI) 2026;"Автомобиль в наличии, готов к выдаче! Новый BMW X7 xDrive40d (рестайлинг G07 LCI, 2026 г.в.) в максимальной комплектации с пакетом M Sport Pro и эксклюзивными опциями BMW Individual.<br />?? Цвет кузова: Tanzanite Blue II Metallic (Individual)<br />?? Двигатель: 3.0 дизель (340 л.с.), полный привод xDrive, АКПП 8-ст.<br />?? Пакет: M Sport Pro + M Aerodynamics + 22"" диски M 913M<br />?? Подвеска: Пневматическая + подруливание задних колес<br />?? Салон: Кожа Individual Coffee, панорама Sky Lounge, массаж, 5 зон климата<br />?? Мультимедиа: Live Cockpit Pro, Bowers &amp; Wilkins, хрустальная оптика Iconic Glow";"Экстерьер и стиль M Sport<br />Автомобиль выполнен в потрясающем эксклюзивном цвете Tanzanite Blue II Metallic и оснащён расширенным пакетом M Sport Pro:<br />• Хрустальные фары и решётка радиатора BMW Iconic Glow с контурной подсветкой<br />• Аэродинамический обвес M Technic и 22-дюймовые легкосплавные M-диски (стиль 913M)<br />• Спортивный тормоз M с черными глянцевыми суппортами<br />• Расширенный пакет M Shadow Line (черные глянцевые акценты)<br />• Спортивная выхлопная система M<br />• Фаркоп (тягово-сцепное устройство) и автодоводчик дверей<br />Интерьер и комфорт<br />Салон обит роскошной кожей BMW Individual Extended Merino в цвете Coffee с эксклюзивными вставками из дерева тополь (антрацит, открытые поры) и стеклянными элементами Crafted Clarity:<br />• Панорамная стеклянная крыша Sky Lounge со светодиодной подсветкой<br />• Потолок, обтянутый премиальной Alcantara (антрацит)<br />• Индивидуальная панель приборов, обтянутая кожей<br />• Сиденья повышенного комфорта с памятью, вентиляцией и массажем<br />• Обогрев всех сидений и 5-зонный автоматический климат-контроль<br />• Пакет ароматизации Ambient Air и система Travel &amp; Comfort<br />Драйв и динамика<br />• Двигатель: 3.0 л турбодизель B57, 340 л.с. (250 кВт)<br />• Спортивная 8-ступенчатая АКПП Steptronic<br />• Полный привод xDrive<br />• Адаптивная пневматическая подвеска<br />• Интегральное активное рулевое управление (подруливание задних колёс для идеальной маневренности)<br />Технологии и безопасность<br />• BMW Live Cockpit Professional и проекция на лобовое стекло<br />• Аудиосистема уровня High End Bowers &amp; Wilkins<br />• Ассистент парковки Professional и комплекс Driving Assistant<br />• Адаптивные светодиодные фары с автоматическим дальним светом<br />• Пакет Comfort, Active Protection и система контроля давления в шинах";https://static.tildacdn.com/stor6664-6265-4933-b864-626463666262/d0e68beda5c38d6f9883818323d3216a.jpg https://static.tildacdn.com/stor6565-6230-4161-a465-356130666361/784ed4fdbe25e4e14ca713b737fb4ebb.jpg;0;;;;;ireGGMnZG1dVxRYPROfz;;0;0;0;0;Купить BMW X7 xDrive40d 2026 новый – цена, M Sport;Новый BMW X7 G07 LCI 2026 г.в. xDrive40d (340 л.с.), M Sport Pro, хрустальная оптика, панорама Sky Lounge, массаж. Цвет Tanzanite Blue. В наличии.;BMW X7 xDrive40d, BMW X7 G07 LCI 2026, новый BMW X7 цена, BMW X7 M Sport Pro, купить BMW X7 дизель, BMW X7 Tanzanite Blue, BMW X7 Bowers Wilkins;;;;;
3,97064E+11;Mercedes-Benz;;;"Автомобили;Автомобили>>>Новые";"Mercedes-Benz GLE 450 4MATIC Coup? AMG Line (C167) — Черный, AMG 21""";"Стильный купе-SUV Mercedes с полным AMG-пакетом! Mercedes-Benz GLE 450 4MATIC Coup? (C167) в максимальной комплектации AMG Line с полным пакетом AMG Styling, Night Package (черные акценты), 21"" AMG диски, кожаная приборная панель, премиальная аудиосистема, беспроводная зарядка, пакет ассистентов вождения.<br />?? Цвет кузова: Черный<br />?? Салон: Черная кожа с черным тканевым потолком<br />?? Двигатель: 3.0 л R6 бензин + EQ Boost 48V (367+22 л.с.)<br />?? Привод: Постоянный полный 4MATIC<br />?? Коробка: 9-ступенчатая 9G-TRONIC<br />?? Комплектация: AMG Line + Night Package<br />?? Диски: 21"" AMG легкосплавные с разноразмерными шинами<br />?? Свет: Multibeam LED (матричные фары)<br />?? Аудио: Premium Sound System<br />?? Разгон: 0-100 км/ч за ~5.7 секунды";"Экстерьер — агрессивный AMG Line с Night Package<br />Купе-SUV Mercedes-Benz с полным пакетом спортивного дизайна:<br />• Полный пакет AMG Line (P31) — агрессивные AMG бампера, спортивные пороги, AMG решетка радиатора<br />• AMG Styling Package (772) — передний спойлер и боковые юбки AMG<br />• Night Package (P55) — черные акценты экстерьера: черная решетка радиатора, черные корпуса зеркал, черные молдинги, черные надписи<br />• 21-дюймовые AMG легкосплавные диски (RWA) с разноразмерными шинами (mixed tires) — широкие задние шины для лучшего сцепления<br />• AMG задний спойлер (U47) — спортивный аэродинамический элемент<br />• Multibeam LED фары — матричные светодиодные фары с адаптивным дальним светом<br />• Купе-силуэт — покатая линия крыши, создающая спортивный профиль<br />• Электропривод двери багажника с Hands-Free Access<br />• Хромированные акценты и шильдики AMG<br />Интерьер — премиальная кожа с черным потолком<br />Салон в спортивной комплектации с премиальными материалами:<br />• Черная кожа — спортивная атмосфера с высоким уровнем комфорта<br />• Черный тканевый потолок (51U) — спортивный дизайн, создающий ощущение кокпита<br />• Кожаная приборная панель и поясная линия (U38) — натуральная кожа на приборной панели, признак премиальной комплектации<br />• Interior Chrome Package (901) — хромированные акценты интерьера<br />• Front Memory Package (P64) — память настроек водительского сиденья, руля и зеркал<br />• Спортивные сиденья с усиленной боковой поддержкой<br />• Подогрев передних сидений<br />• Многофункциональное спортивное рулевое колесо AMG<br />• Ambient Lighting — подсветка салона<br />• Premium Sound System (810) — премиальная аудиосистема<br />• Беспроводная зарядка для телефона (897) — удобная зарядка без кабелей<br />• USB-порт в задней части салона — для пассажиров заднего ряда<br />Драйв и динамика — M256 с EQ Boost<br />• Двигатель: 3.0-литровая рядная шестерка M256 с турбонаддувом + EQ Boost 48V (мягкий гибрид)<br />• Базовая мощность: 367 л.с.<br />• Дополнительно +22 л.с. от электромотора EQ Boost при разгоне<br />• Базовый крутящий момент: 500 Нм<br />• Дополнительно +250 Нм кратковременно от EQ Boost<br />• Коробка передач: 9-ступенчатая автоматическая 9G-TRONIC<br />• Постоянный полный привод 4MATIC<br />• Пневматическая подвеска Airmatic с адаптивными амортизаторами<br />• Dynamic Select — режимы движения: Comfort, Sport, Sport+, Individual, Eco<br />• Разгон до 100 км/ч: ~5.7 секунды<br />• Максимальная скорость: 250 км/ч (электронно ограничена)<br />Технологии и безопасность — Driving Assistant Package<br />• Driving Assistant Package Entry (P79) — пакет ассистентов вождения:<br />— Адаптивный круиз-контроль с Stop &amp; Go<br />— Ассистент удержания в полосе<br />— Ассистент слепых зон<br />— Автоматическое экстренное торможение<br />• MBUX (Mercedes-Benz User Experience) — два 12.3"" экрана<br />• Hey Mercedes — голосовое управление<br />• Камера кругового обзора 360°<br />• Автоматическая парковка<br />• Apple CarPlay / Android Auto";https://static.tildacdn.com/stor3963-3061-4337-b330-306134316261/cea5113199aa3f2845343149e3973a2c.jpg https://static.tildacdn.com/stor3265-6666-4234-b766-343937623861/ec15f2d148d7ada110b5be6cba78b9ce.jpg;0;;;;;9zI8dXBEYimt6FcHCEr2;;0;0;0;0;"Купить Mercedes GLE 450 Coup? AMG Line – 21"" AMG, Night Package";"Mercedes-Benz GLE 450 4MATIC Coup? AMG Line. R6 3.0L + EQ Boost (367+22 л.с.), 21"" AMG диски, Night Package, кожаная приборка, Premium Sound. Черный/черный. В наличии.";"Mercedes GLE 450 Coup?, GLE AMG Line, купить GLE Coup?, GLE Night Package, Mercedes GLE 21"" AMG, GLE 4MATIC, GLE Coup? черный";;;;;
9,60196E+11;Mercedes-Benz;;;"Автомобили;Автомобили>>>Новые";Mercedes-AMG G 63 (W463A) 2026 — Obsidian Black;"Автомобиль в наличии, готов к выдаче! Новый Mercedes-AMG G 63 (2026 модельный год) в культовом цвете Obsidian Black Metallic. Бескомпромиссная версия с карбоновым обвесом AMG, 22-дюймовыми дисками, красными акцентами и эксклюзивной кожей MANUFAKTUR Nappa.<br />?? Цвет кузова: Obsidian Black Metallic (Черный обсидиан)<br />?? Двигатель: V8 4.0L Biturbo AMG + 48V, 9G-TRONIC, полный привод<br />?? Экстерьер: Карбоновый пакет AMG, Night Package, 22"" диски, красные суппорта<br />?? Салон: Кожа MANUFAKTUR Nappa (черная с красной строчкой), карбон, красные ремни<br />?? Комфорт: Мультиконтурные сиденья PLUS (массаж), люк, ENERGIZING PLUS";Экстерьер и стиль AMG<br />Легендарный внедорожник в агрессивном исполнении AMG. Выполнен в глубоком цвете Obsidian Black Metallic и оснащен максимумом черного глянца и карбона:<br />• Карбоновый пакет AMG (накладки на кузов, карбоновый кожух запасного колеса)<br />• Пакет AMG Night и черная звезда Mercedes-Benz<br />• Эксклюзивные 22-дюймовые AMG диски (двойные спицы, черные)<br />• Тормозные суппорта AMG, окрашенные в красный цвет<br />• Кольцо кожуха запасного колеса в цвете «Черный обсидиан»<br />• Фаркоп, тонированное остекление и электрообогрев лобового стекла<br />Интерьер и комфорт MANUFAKTUR<br />Салон поражает уровнем детализации эксклюзивной программы MANUFAKTUR:<br />• Обивка из натуральной кожи Nappa (черная с красной декоративной строчкой)<br />• Красные ремни безопасности и красная строчка на панели приборов<br />• Декоративные элементы из настоящего карбона<br />• Поручень переднего пассажира с гравировкой MANUFAKTUR<br />• Потолок из премиальной микрофибры DINAMICA (черная)<br />• Активные мультиконтурные сиденья PLUS (массаж, вентиляция, динамическая поддержка в поворотах)<br />• Пакет ENERGIZING PLUS и подогрев рулевого колеса AMG (карбон/DINAMICA)<br />Драйв и динамика<br />• Двигатель: Битурбо V8 4.0L AMG (M177) с технологией 48V (мягкий гибрид)<br />• Коробка передач: AMG SPEEDSHIFT PLUS 9G-TRONIC<br />• Полный привод AMG Performance 4MATIC с тремя блокировками дифференциалов<br />• Система активного управления жесткостью амортизаторов AMG RIDE CONTROL<br />• Переключаемая система выпуска ОГ (для фирменного басовитого рыка V8)<br />• Кнопки быстрого доступа AMG Drive Unit на руле<br />Технологии и безопасность<br />• Мультимедиа MBUX с навигацией на базе дополненной реальности (AR)<br />• Камера кругового обзора 360° и система PARKTRONIC<br />• Акустическая система класса Premium<br />• Проекция логотипа через наружные зеркала<br />• Система KEYLESS-GO и беспроводная зарядка<br />• Пакет систем помощи водителю (DISTRONIC, удержание в полосе, мониторинг слепых зон);https://static.tildacdn.com/stor3432-3164-4331-a465-326131373836/651181ee2bffa8c06e8ab4cbcd1ddccc.jpg https://static.tildacdn.com/stor6337-3535-4539-b064-303139633334/a5d8c6ea10500aa09694adb9229874c4.jpg;0;;;;;rsRPa74aMcuIRbtMTE1A;;0;0;0;0;Купить Mercedes-AMG G 63 2026 новый – цена, карбон, MANUFAKTUR;"Новый Mercedes-AMG G 63 2026 г.в. V8 4.0L, Obsidian Black. Карбоновый обвес AMG, 22"" диски, кожа MANUFAKTUR Nappa, массаж, MBUX AR. В наличии.";Mercedes-AMG G 63, купить Гелендваген 2026, AMG G63 новый, Гелендваген карбон, G 63 MANUFAKTUR, Mercedes G-Class V8, AMG G63 Obsidian Black;;;;;
2,01127E+11;Mercedes-Benz;;;"Автомобили;Автомобили>>>Новые";Mercedes-AMG G 63 (W465 Рестайлинг) 2026 — MANUFAKTUR, Carbon;Автомобиль в наличии, пробег всего 20 км! Новый Mercedes-AMG G 63 (рестайлинг W465, 2026 г.в.) в максимальной комплектации по программе MANUFAKTUR. Серый кузов, полный карбоновый пакет, 22-дюймовые диски Ludwigсburg, эксклюзивная кожа Nappa и активная подвеска AMG Active Ride Control.<br />?? Цвет кузова: Серый (MANUFAKTUR)<br />?? Пробег: 20 км (новый, только прибыл)<br />?? Двигатель: V8 4.0L Biturbo + EQ Boost 48V, 585 л.с., 850 Нм<br />?? Пакет: MANUFAKTUR + Carbon Package + AMG Active Ride Control<br />?? Салон: Кожа Nappa MANUFAKTUR, потолок Dinamica, Energizing Plus<br />?? Мультимедиа: MBUX AR, экраны сзади, USB 100W, автономный отопитель;Экстерьер и карбоновый обвес MANUFAKTUR<br />Легендарный внедорожник в сером цвете MANUFAKTUR с полным карбоновым пакетом:<br />• Эксклюзивные 22-дюймовые кованые диски AMG в дизайне «Ludwigсburg» (черные)<br />• Полный карбоновый пакет AMG: накладки на кузов, корпуса зеркал, кожух запасного колеса<br />• Переключаемая система выпуска ОГ с клапанами (фирменный бас V8 по нажатию кнопки)<br />• AMG Track Pace — бортовая телеметрия для трековых заездов<br />• Активная подвеска AMG Active Ride Control (A22) с полуактивными стабилизаторами кренов — машина гасит крены в поворотах и клевки при торможении<br />• Тонированные стекла и люк с электроприводом<br />• Зимний пакет: дополнительный автономный отопитель с пультом ДУ (можно прогреть салон, не выходя из дома)<br />Интерьер уровня MANUFAKTUR<br />Салон поражает детализацией эксклюзивной программы MANUFAKTUR:<br />• Обивка из эксклюзивной полуанилиновой кожи Nappa MANUFAKTUR<br />• Карбоновый пакет: руль AMG (карбон/Dinamica) и карбоновые декоративные вставки<br />• Потолок из премиальной черной микрофибры Dinamica с кожаными поручнями<br />• Активные мультиконтурные сиденья PLUS: массаж, вентиляция и динамическая боковая поддержка в поворотах<br />• Обогрев передних и задних сидений, рулевого колеса и дверных подлокотников<br />• Пакет ENERGIZING PLUS — синхронизирует свет, музыку, массаж и климат под настроение водителя<br />• Сенсорные экраны для задних пассажиров (MBUX Rear)<br />• USB-разъемы на 100W — хватит, чтобы заряжать MacBook Pro на полной скорости<br />Драйв и динамика<br />• Двигатель: Битурбо V8 4.0L AMG (M177) с технологией EQ Boost 48V (мягкий гибрид)<br />• Мощность: 585 л.с. + электро-буст на старте<br />• Крутящий момент: 850 Нм<br />• Коробка передач: AMG SPEEDSHIFT TCT 9G (9-ступенчатый гидромеханический автомат)<br />• Постоянный полный привод AMG Performance 4MATIC с тремя блокировками дифференциалов<br />• Разгон до 100 км/ч: ~4.5 секунды<br />Технологии и безопасность<br />• Мультимедиа MBUX с навигацией на базе дополненной реальности (AR)<br />• Проекционный дисплей (Head-Up) на лобовом стекле<br />• Адаптивный круиз-контроль Distronic Pro с контролем поперечного движения на перекрестках<br />• Система удержания в полосе и контроль слепых зон<br />• Камера кругового обзора 360° и система PARKTRONIC<br />• Система KEYLESS-GO с расширенной противоугонной защитой<br />• Премиальная акустическая система Burmester;https://static.tildacdn.com/stor6464-6165-4536-b431-633831356537/e5112fc5c0abff9107de28c777e66a03.jpg https://static.tildacdn.com/stor3633-3663-4964-a234-386334313861/80ffc7fa97314717f4a9cc1890d66340.jpg;0;;;;;ZkFDmgZbrC6GnCagVnRG;;0;0;0;0;Купить Mercedes-AMG G 63 2026 новый – W465, MANUFAKTUR, карбон;"Новый Mercedes-AMG G 63 (W465 рестайлинг) 2026 г.в., пробег 20 км. V8 585 л.с., MANUFAKTUR, Carbon Package, 22"" Ludwigсburg, Active Ride Control. В наличии.";Mercedes-AMG G 63, Гелендваген W465 2026, купить AMG G63 новый, G 63 MANUFAKTUR, G 63 Carbon Package, AMG G63 585 л.с., G 63 Active Ride Control;;;;;
1,95265E+11;BMW;;;Автомобили;BMW X5 xDrive30d M Sport Pro (G05 LCI) — пробег 20 000 км 2024;"Автомобиль в наличии, пробег всего 20 000 км! Фактически новый BMW X5 xDrive30d (рестайлинг G05 LCI, 2024 г.в.) в идеальном состоянии. Максимальная комплектация с пакетом M Sport Pro, 22-дюймовыми дисками, панорамой Sky Lounge и карбоном в салоне.<br />?? Цвет кузова: Black Sapphire Metallic<br />?? Пробег: 20 000 км (состояние нового авто, обкатан)<br />?? Двигатель: 3.0 дизель (286 л.с.), полный привод xDrive, АКПП 8-ст.<br />?? Пакет: M Sport Pro + 22"" диски M 742M + декор карбон<br />?? Салон: Кожа Individual Black, панорама Sky Lounge, массаж, Webasto<br />?? Мультимедиа: Live Cockpit Pro, Bowers &amp; Wilkins, управление жестами";"Состояние и экстерьер<br />Автомобиль с пробегом 20 000 км, полностью обслужен и находится в состоянии нового. Выполнен в глубоком цвете Black Sapphire Metallic и оснащён агрессивным пакетом M Sport Pro:<br />• Решётка радиатора BMW Iconic Glow с контурной подсветкой<br />• Аэродинамический обвес M Technic и большие 22-дюймовые M-диски (сдвоенные спицы 742M)<br />• Спортивный тормоз M с красными глянцевыми суппортами<br />• Рейлинги и фонари M Shadow Line<br />• Спортивная выхлопная система M<br />• Комфортный доступ и автодоводчик дверей<br />Интерьер и комфорт<br />Салон обит черной кожей BMW Individual Extended Merino с эксклюзивными вставками из карбона и стеклянными элементами Crafted Clarity:<br />• Панорамная стеклянная крыша Sky Lounge со светодиодной подсветкой<br />• Потолок, обтянутый премиальной Alcantara (антрацит)<br />• Индивидуальная панель приборов, обтянутая кожей<br />• Сиденья повышенного комфорта с памятью, вентиляцией и массажем<br />• Обогрев всех сидений, 4-зонный климат-контроль и пакет ароматизации Ambient Air<br />• Солнцезащитные шторки для задних дверей и автономная система отопления (Webasto)<br />Драйв и динамика<br />• Двигатель: 3.0 л турбодизель B57, 286 л.с. (210 кВт)<br />• Спортивная 8-ступенчатая АКПП Steptronic<br />• Полный привод xDrive<br />• 2-осная пневматическая подвеска<br />• Исполнение для стран с холодным климатом<br />Технологии и безопасность<br />• BMW Live Cockpit Professional и проекция на лобовое стекло<br />• Аудиосистема уровня High End Bowers &amp; Wilkins<br />• Система управления жестами BMW<br />• Беспроводная зарядка, интеграция смартфона и персональная eSIM<br />• Ассистент парковки Professional, Active Guard и ассистент движения на магистрали<br />• Адаптивные светодиодные фары с автоматическим дальним светом";https://static.tildacdn.com/stor6563-3838-4638-a263-663161653539/e8a750540d9a85c8659dcd31c01d1432.jpg https://static.tildacdn.com/stor6330-3563-4737-b934-303161386566/39c4fef85adfe2782d92e9aebbcfea28.jpg;0;;;;;VxBkSRyeBtVEKGk1vkBE;;0;0;0;0;BMW X5 xDrive30d 2024 с пробегом 20 000 км – цена, M Sport;"BMW X5 G05 LCI 2024 г.в. с пробегом 20 000 км. Дизель 3.0 (286 л.с.), M Sport Pro, 22"" диски, панорама Sky Lounge, Bowers&amp;Wilkins. Цвет Black Sapphire. В наличии.";BMW X5 xDrive30d, BMW X5 G05 LCI 2024, BMW X5 с пробегом, BMW X5 20000 км, купить BMW X5 дизель, BMW X5 M Sport Pro, BMW X5 Black Sapphire;;;;;
5,26592E+11;Mercedes-Benz;;;"Автомобили;Автомобили>>>Новые";Mercedes-AMG G 63 (W465 Рестайлинг) 2026 — G MANUFAKTUR Exclusive Edition;"Эксклюзивный экземпляр — редкий VIN с символом X! Mercedes-AMG G 63 (рестайлинг W465, 2026 г.в.) из лимитированной партии Magna Steyr. Индивидуальный заказ по программе G MANUFAKTUR, полный карбоновый пакет, 22-дюймовые диски Ludwigсburg, активная подвеска AMG Active Ride Control и премиальная акустика Burmester.<br />?? VIN-особенность: Редкий 9-й символ «X» (индивидуальный заказ G MANUFAKTUR)<br />?? Двигатель: V8 4.0L Biturbo + EQ Boost 48V, 585 л.с., 850 Нм<br />?? Пакет: AMG Carbon Package + 22"" Ludwigсburg + Night Package<br />?? Салон: Кожа MANUFAKTUR Nappa, потолок Dinamica, карбон, Energizing Plus<br />?? Подвеска: AMG Active Ride Control (A22) + полуактивные стабилизаторы<br />?? Мультимедиа: MBUX AR, Distronic Pro, Burmester, AMG Track Pace";Экстерьер — скрытая агрессия<br />Легендарный внедорожник в эксклюзивном цветовом решении программы G MANUFAKTUR с максимальным пакетом внешнего тюнинга:<br />• Пакет AMG Night + расширенный Night: черненые хромированные элементы, темная оптика, черные корпуса зеркал<br />• Черная звезда Mercedes-Benz спереди и сзади<br />• Эксклюзивные 22-дюймовые кованые диски AMG в дизайне «Ludwigсburg» (черные)<br />• Полный карбоновый пакет AMG: накладки на кузов, корпуса зеркал, кожух запасного колеса<br />• Переключаемая система выпуска ОГ с клапанами (фирменный бас V8 по нажатию кнопки)<br />• AMG Track Pace — бортовая телеметрия для трековых заездов<br />• Тонированные стекла и люк с электроприводом<br />Интерьер уровня MANUFAKTUR<br />Салон поражает детализацией эксклюзивной программы MANUFAKTUR:<br />• Обивка из натуральной кожи Nappa MANUFAKTUR с декоративной прострочкой<br />• Потолок из премиальной микрофибры Dinamica (черная) с кожаными поручнями<br />• Карбоновый пакет: руль AMG (карбон/Dinamica) и карбоновые декоративные вставки<br />• Активные мультиконтурные сиденья PLUS: массаж, вентиляция и динамическая боковая поддержка в поворотах<br />• Обогрев всех сидений, рулевого колеса и дверных подлокотников<br />• Пакет ENERGIZING PLUS — синхронизирует свет, музыку, массаж и климат под настроение водителя<br />• Сенсорные экраны для задних пассажиров (MBUX Rear)<br />• USB-разъемы на 100W для зарядки мощных ноутбуков<br />Драйв и динамика<br />• Двигатель: Битурбо V8 4.0L AMG (M177) с технологией EQ Boost 48V (мягкий гибрид)<br />• Мощность: 585 л.с. + электро-буст на старте<br />• Крутящий момент: 850 Нм<br />• Коробка передач: AMG SPEEDSHIFT TCT 9G-Tronic (9-ступенчатый гидромеханический автомат)<br />• Постоянный полный привод AMG Performance 4MATIC с тремя блокировками дифференциалов<br />• Активная подвеска AMG Active Ride Control (A22) с адаптивными амортизаторами<br />• Полуактивные стабилизаторы поперечных кренов — внедорожник проходит повороты неестественно плоско для своего центра тяжести<br />• Разгон до 100 км/ч: ~4.5 секунды<br />Технологии и безопасность<br />• Мультимедиа MBUX Premium с навигацией на базе дополненной реальности (AR)<br />• Проекционный дисплей (Head-Up) на лобовом стекле<br />• Адаптивный круиз-контроль Distronic Pro с контролем поперечного движения на перекрестках<br />• Система удержания в полосе и автоматическое регулирование скорости по маршруту<br />• Камера кругового обзора 360° + фронтальная камера 180° для бездорожья<br />• Премиальная акустическая система Burmester Surround Sound<br />• Система KEYLESS-GO с Hands-Free доступом;https://static.tildacdn.com/stor3062-3630-4739-b035-356638636534/9b45234806f8a193229c0a54692a7e19.jpg https://static.tildacdn.com/stor3766-6430-4262-b232-616334383034/028c9bf487dc46da19e96b920c149fee.jpg;0;;;;;yD8tS0SDCRIeyHSG7FlK;;0;0;0;0;Купить Mercedes-AMG G 63 2026 – G MANUFAKTUR эксклюзив, W465;"Эксклюзивный Mercedes-AMG G 63 (W465 рестайлинг) 2026 г.в. Редкий VIN с символом X, G MANUFAKTUR, V8 585 л.с., карбон, 22"" диски, Active Ride Control. Закрытая продажа.";Mercedes-AMG G 63, Гелендваген W465 2026, купить AMG G63 эксклюзив, G 63 G MANUFAKTUR, AMG G63 редкий VIN, G 63 Active Ride Control, G 63 индивидуальная сборка;;;;;
8,06496E+11;Mercedes-Benz;;;"Автомобили;Автомобили>>>Новые";"Mercedes-Benz GLS 450d 4MATIC (X167) 2025 — ""S-Class среди SUV"", Дизель 700 Нм, 7 мест";"Флагманский 7-местный SUV Mercedes — ""S-Class среди SUV""! Новый Mercedes-Benz GLS 450d 4MATIC (X167, 2025 г.в.) с легендарным дизелем OM656 3.0 л (367 л.с., 700 Нм паровозной тяги!), белый кузов Polar White, черный салон, 7-местная конфигурация (2+3+2), топовая аудиосистема Burmester High-End 3D Surround 26 динамиков 1610 Вт с Dolby Atmos, пневмоподвеска Airmatic, 4-зонный климат, MBUX с Hey Mercedes.<br />?? Цвет кузова: Polar White (149) — классический белый<br />?? Салон: Черная кожа Nappa / Artico<br />?? Двигатель: 3.0 л R6 дизель OM656 Twin-Turbo (367 л.с., 700 Нм)<br />?? Привод: Постоянный полный 4MATIC (50:50)<br />?? Коробка: 9-ступенчатая 9G-TRONIC<br />?? Салон: 7 мест (2+3+2), электропривод 3-го ряда<br />?? Подвеска: Airmatic пневматическая (опция E-Active Body Control)<br />?? Диски: 21"" легкосплавные 5-спицевые<br />?? Свет: Multibeam LED (84 LED на фару)<br />?? Аудио: Burmester High-End 3D 26 дин. / 1610 Вт<br />?? Брод: клиренс до 295 мм<br />?? Разгон: 0-100 км/ч за 6.3 секунды<br />?? Багажник: 890-2400 литров";"Экстерьер — флагманский белый GLS<br />Полноразмерный SUV в элегантном белом цвете:<br />• Polar White (149) — классический белый цвет Mercedes, визуально увеличивающий монументальный силуэт GLS<br />• Multibeam LED фары с 84 LED на каждую фару — точное управление светом, не ослепляет встречных водителей<br />• 21-дюймовые легкосплавные диски в 5-спицевом дизайне (опционально 22"" и 23"" AMG)<br />• AMG Line экстерьер (опция) — агрессивные AMG бампера и пороги<br />• Off-Road пакет — защита днища, увеличенный клиренс до 295 мм, специальные режимы для бездорожья (Rock, Sand, Mud)<br />• Панорамная крыша с электроприводом шторки<br />• Электропривод двери багажника с функцией Hands-Free Access (открытие жестом ноги)<br />• Доводчики дверей Soft-Close — все 4 двери автоматически закрываются с кнопки<br />• Хромированные акценты и шильдики GLS<br />Интерьер — 7-местный флагман с Burmester High-End<br />Салон в максимальной комплектации с топовой аудиосистемой:<br />• Черная кожа Nappa или Artico/Dinamica — премиальный уровень отделки Mercedes<br />• 7-местная конфигурация (2+3+2) — полноценные 3 ряда сидений для большой семьи<br />• Power-Folding 3rd Row — электропривод третьего ряда сидений (складываются с кнопки)<br />• 14-позиционные передние сиденья с памятью, подогревом, вентиляцией и массажем<br />• Подогрев и вентиляция задних сидений<br />• Массаж задних сидений (опция) — комфорт бизнес-класса для пассажиров<br />• Rear Entertainment — два 11.6"" экрана для задних пассажиров (опция)<br />• Встроенный холодильник в центральном подлокотнике (опция)<br />• 4-зонный климат-контроль THERMOTRONIC с ионизацией воздуха<br />• Деревянные вставки Brown Open-Pore Walnut или Piano Lacquer<br />• Ambient Lighting — подсветка салона с 64 цветами и динамическими сценариями<br />• Memory Package — память сидений, руля и зеркал<br />• Премиальная аудиосистема Burmester High-End 3D Surround Sound — 26 динамиков, 1610 Вт с технологией Dolby Atmos:<br />— FrontBass технология (бас из пространства под ногами)<br />— Concert Hall режим — эффект концертного зала<br />— Алмазные твитеры — кристально чистый звук высоких частот<br />— Активное шумоподавление — тишина в салоне<br />— Сабвуфер — глубокий бас<br />— 7.1.4 каналы — пространственный звук из каждого динамика<br />• MBUX (Mercedes-Benz User Experience) — два 12.3"" экрана (приборка + центральный)<br />• Hey Mercedes — голосовое управление с искусственным интеллектом<br />• Навигация с дополненной реальностью (Augmented Reality)<br />• MBUX Interior Assistant — распознавание жестов в салоне<br />• Беспроводная зарядка спереди и сзади<br />• Apple CarPlay / Android Auto — беспроводное подключение<br />Драйв и динамика — дизель OM656 с паровозной тягой 700 Нм<br />• Двигатель: 3.0-литровая рядная шестерка OM656 Twin-Turbo дизель<br />• Мощность: 367 л.с. при 4000-4400 об/мин<br />• Крутящий момент: 700 Нм при 1200-3200 об/мин — огромная паровозная тяга!<br />• Коробка передач: 9-ступенчатая автоматическая 9G-TRONIC<br />• Постоянный полный привод 4MATIC с распределением 50:50<br />• Пневматическая подвеска Airmatic с адаптивными амортизаторами ADS+<br />• E-Active Body Control (опция за 500-700 тыс. ?) — активная гидропневматическая подвеска, гасящая крены и неровности<br />• Dynamic Select — 6 режимов движения:<br />— Comfort, Sport, Sport+, Individual, Eco, Off-Road, Slippery<br />• Off-Road пакет — специальные режимы для бездорожья (Rock, Sand, Mud)<br />• Разгон до 100 км/ч: 6.3 секунды — впечатляющая динамика для 2.5-тонного SUV<br />• Максимальная скорость: 238 км/ч<br />• Масса: 2570 кг (самый тяжелый Mercedes в списке)<br />• Объем багажника: 890-2400 литров (при сложенных 2-м и 3-м рядах)<br />• Клиренс: до 295 мм (с Off-Road пакетом)<br />• Расход топлива: 8-10 л/100 км (смешанный)<br />• Запас хода: до 1200 км на одном баке<br />Технологии и безопасность — MBUX и активные ассистенты<br />• MBUX с двумя 12.3"" экранами и голосовым ассистентом Hey Mercedes<br />• Навигация с дополненной реальностью — стрелки навигации проецируются на изображение с камеры<br />• Head-Up Display с Augmented Reality — проекция навигации на лобовое стекло<br />• Active Distance Assist DISTRONIC — адаптивный круиз-контроль с Stop &amp; Go<br />• Active Steering Assist — ассистент удержания в полосе с автоматическим подруливанием<br />• Active Blind Spot Assist — ассистент слепых зон с автоматическим торможением<br />• Active Lane Keeping Assist — удержание в полосе<br />• Active Brake Assist — автоматическое экстренное торможение с распознаванием пешеходов и велосипедистов<br />• 360° Camera — камеры кругового обзора с 3D визуализацией и функцией ""прозрачный капот""<br />• Parking Package — автоматическая парковка с памятью парковочных мест<br />• Energizing Comfort — уникальная система, сочетающая музыку, массаж, свет и климат";https://static.tildacdn.com/stor3637-3961-4737-b562-616464333162/c9a0a648f0601c4e3e7c8c87383c12a1.jpg https://static.tildacdn.com/stor6266-3835-4339-b739-393964626131/6846ace691716a594c8ca8e8c71565db.jpg;0;;;;;zFDknJ81sLN6mAcsXXv1;;0;0;0;0;Купить Mercedes GLS 450d 2025 новый – 7 мест, дизель 700 Нм, Burmester;Новый Mercedes-Benz GLS 450d 4MATIC 2025 г.в. Дизель R6 3.0L (367 л.с., 700 Нм), 7 мест, Burmester High-End 3D 26 дин. 1610 Вт, пневмоподвеска, Airmatic. В наличии.;Mercedes GLS 450d, GLS 2025, купить GLS новый, GLS 7 мест, Mercedes GLS дизель, GLS Burmester High-End, GLS S-Class среди SUV;;;;;
2,98693E+11;BMW;;;"Автомобили;Автомобили>>>С пробегом";BMW X5 xDrive40i M Sport 7 мест (G05 LCI) 2025 — пробег 6 000 км;"Автомобиль в наличии, пробег 6 000 км! BMW X5 xDrive40i (рестайлинг G05 LCI, 2025 г.в.) в редкой 7-местной конфигурации с мощным бензиновым 3.0 л R6 (381 л.с.), Iconic Glow, 21"" дисками и пневмоподвеской.<br />?? Цвет кузова: Carbonschwarz Metallic<br />?? Салон: Кожа белая<br />?? Пробег: 6 000 км (состояние нового)<br />?? Двигатель: 3.0 л бензин R6 Turbo + 48V (381 л.с., 520 Нм)<br />?? Пакет: M Sport + Iconic Glow + 3-й ряд сидений (5+2)<br />?? Диски: 21"" M V-spoke 915 Bicolor<br />?? Подвеска: 2-осная пневматическая + подруливание<br />?? Особенность: Пожарный огнетушитель в комплекте!";Экстерьер и стиль M Sport<br />Современный SUV в глубоком цвете Carbonschwarz Metallic с пакетом M Sport:<br />• Решётка радиатора BMW Iconic Glow с контурной подсветкой<br />• 21-дюймовые M-диски (V-spoke 915 M Bicolor) с разноразмерными шинами RunFlat<br />• Спортивный тормоз M и адаптивные LED-фары<br />• Рейлинги M Shadow Line (черный глянец)<br />• Панорамная стеклянная крыша с электроприводом<br />• Солнцезащитные шторки для задних дверей<br />• Комфортный доступ и автодоводчик дверей<br />Интерьер — 7-местный салон<br />Салон с редкой 7-местной конфигурацией (5+2) с дополнительным 3-м рядом сидений:<br />• Декор из черного рояльного лака (Piano Finish Black) и стеклянные элементы Crafted Clarity<br />• Комфортные передние сиденья с памятью и вентиляцией<br />• Обогрев передних и задних сидений, пакет теплового комфорта<br />• 4-зонный автоматический климат-контроль<br />• Подстаканники с регулировкой температуры<br />• M-рулевое колесо с кожаной отделкой<br />• Сопровождающее освещение салона<br />• Потолок Individual цвета «антрацит»<br />• Пожарный огнетушитель в комплекте<br />Драйв и динамика<br />• Двигатель: 3.0 л R6 бензин с технологией 48V MHEV<br />• Мощность: 381 л.с. и 520 Нм<br />• Спортивная 8-ступенчатая АКПП Steptronic<br />• Полный привод xDrive<br />• 2-осная пневматическая подвеска<br />• Интегральное активное рулевое управление (подруливание задних колёс)<br />• Дистанционный запуск двигателя<br />• Разгон до 100 км/ч: ~5.4 секунды<br />Технологии и безопасность<br />• BMW Live Cockpit Professional<br />• Аудиосистема Harman Kardon Surround Sound<br />• Комплекс Driving Assistant Professional<br />• Ассистент парковки Professional<br />• Беспроводная зарядка, персональная eSIM 5G;https://static.tildacdn.com/stor6466-6638-4237-b737-313031643866/3bd6fa85940029f80d874ca6d19bb16a.jpg https://static.tildacdn.com/stor3661-3633-4134-b761-396131633432/0acc64191633e214d26054f4b8156f08.jpg;0;;;;;rdYNialc7JFoYh6DTBL6;;0;0;0;0;BMW X5 xDrive40i 2025 с пробегом 6 000 км – 7 мест, M Sport;"BMW X5 G05 LCI 2025 г.в. xDrive40i (381 л.с.) с пробегом 6 000 км. 7 мест (3-й ряд), M Sport, Iconic Glow, 21"" диски, пневмоподвеска. В наличии.";BMW X5 xDrive40i, BMW X5 7 мест, BMW X5 3-й ряд, BMW X5 с пробегом 6000 км, купить BMW X5 бензин, BMW X5 M Sport, BMW X5 381 л.с.;;;;;
1,17095E+11;Land Rover;;;"Автомобили;Автомобили>>>Новые";Range Rover Sport P400 Autobiography (L460) 2026 — Бензин 400 л.с.;"Автомобиль в наличии, готов к выдаче! Новый Range Rover Sport P400 (L460, 2026 г.в.) в редкой бензиновой версии и предтоповой комплектации Autobiography из первой партии модельного года. 400 л.с. с MHEV 48V, пиксельные Pixel LED фары, пневмоподвеска Dynamic Air, подруливание задних колес и капитанские кресла Executive Class.<br />?? Двигатель: 3.0 л R6 бензин Turbo + MHEV 48V (400 л.с., 550 Нм)<br />?? Коробка и привод: 8-ступенчатый ZF, AWD с 2-скоростной раздаткой, Terrain Response 2<br />?? Комплектация: Autobiography (предтоп, выше только SV от SVO)<br />?? Салон: Кожа Windsor, капитанские кресла Executive Class, Hot Stone массаж<br />?? Подвеска: Dynamic Air + Dynamic Response Pro (активные стабилизаторы 48V)<br />?? Шасси: Полноуправляемое (подруливание задних колес до 10°)<br />?? Мультимедиа: Pivi Pro 13.1"", Pixel LED, выдвижные ручки, Head-Up";"Экстерьер и технологии Pixel LED<br />Статусный SUV собран на легендарном заводе в Солихалле, Великобритания и относится к первой партии 2026 модельного года:<br />• Пиксельные светодиодные фары Pixel LED с анимированными ДХО — каждая фара состоит из сотен индивидуальных диодов и умеет «вырезать» встречные машины, не ослепляя их<br />• Электронные выдвижные ручки Deployable Door Handles — утоплены в кузов для аэродинамики и выезжают при приближении ключа<br />• Эксклюзивные легкосплавные диски в дизайне Autobiography<br />• Панорамная сдвижная крыша с электроприводом<br />• Светодиодные задние фонари с анимацией<br />Интерьер уровня персонального лимузина<br />Салон комплектации Autobiography создан для самых требовательных клиентов:<br />• Премиальная полуанилиновая кожа Windsor с ромбовидной прострочкой и тиснением Autobiography<br />• Передние кресла с 24 направлениями регулировки и функцией Hot Stone массажа + вентиляция<br />• Раздельные капитанские кресла Executive Class второго ряда с электроприводом, вентиляцией и функцией откидывания<br />• 4-зонный климат-контроль с ионизацией воздуха Cabin Air Purification Pro (защита от вирусов и аллергенов)<br />• Встроенный холодильник в центральном подлокотнике<br />• Потолок из премиальной замши Suedecloth<br />Драйв и динамика (Бензин + MHEV)<br />• Двигатель: 3.0 л рядная бензиновая «шестерка» Ingenium с системой MHEV 48V (мягкий гибрид)<br />• Мощность: 400 л.с.<br />• Крутящий момент: 550 Нм<br />• Коробка передач: 8-ступенчатый автомат ZF<br />• Привод: Постоянный полный AWD с двухскоростной раздаточной коробкой<br />• Система Terrain Response 2 для любых типов покрытия<br />• Пневматическая подвеска Dynamic Air Suspension<br />• Система Dynamic Response Pro — активные электрические стабилизаторы поперечной устойчивости на 48V, которые гасят крены за миллисекунды<br />• Полноуправляемое шасси: задние колеса подруливают на скорости до 10 градусов — огромный SUV маневренный в городе как хэтчбек и сверхстабильный на трассе<br />• Разгон до 100 км/ч: ~5.7 секунды<br />Технологии и безопасность<br />• Изогнутый «плавающий» сенсорный экран Pivi Pro 13.1""<br />• Полностью цифровая приборная панель<br />• Head-Up дисплей с дополненной реальностью<br />• Топовая аудиосистема Meridian Signature Surround<br />• Система кругового обзора 3D с функцией «прозрачного капота» (ClearSight Ground View) — чтобы не наехать на камень на бездорожье<br />• Салонное зеркало ClearSight — превращается в экран с камеры заднего вида, когда багажник забит вещами<br />• Адаптивный круиз-контроль с ассистентом рулевого управления<br />• Система удержания в полосе и контроль слепых зон<br />• Интеграция смартфона (Apple CarPlay / Android Auto)";https://static.tildacdn.com/stor3537-3936-4435-b539-313862323039/f53ab411628328d8c00acb2621f3482e.jpg https://static.tildacdn.com/stor3938-3636-4432-b961-356632646265/12c3f0568c0a8540b3d69ea5175c7297.jpg;0;;;;;8h8Aa5FTKsdYxyJ20vBP;;0;0;0;0;Купить Range Rover Sport P400 2026 новый – Autobiography, бензин;Новый Range Rover Sport L460 2026 г.в. P400 Autobiography. Бензин 3.0L R6 (400 л.с.), AWD, пневмоподвеска, подруливание 4 колес, Meridian. В наличии.;Range Rover Sport P400, RR Sport L460 2026, купить Range Rover Sport новый, RR Sport Autobiography, Range Rover Sport бензин, RR Sport 400 л.с., RR Sport Meridian;;;;;
9,41205E+11;Land Rover;;;"Автомобили;Автомобили>>>Новые";Range Rover Sport P400 Autobiography (L460) 2026 — Бензин 400 л.с.;"Автомобиль в наличии, пробег всего 25 км! Новый Range Rover Sport P400 (L460, 2026 г.в.) в редкой бензиновой версии и предтоповой комплектации Autobiography. 400 л.с. с системой MHEV, капитанские кресла Executive Class, Pixel LED фары и топовая акустика Meridian Signature.<br />?? Двигатель: 3.0 л R6 бензин Turbo + MHEV 48V (400 л.с., 550 Нм)<br />?? Коробка и привод: 8-ступенчатый ZF, постоянный AWD с двухскоростной раздаткой<br />?? Комплектация: Autobiography (предтоп, выше только SV от SVO)<br />?? Салон: Полуанилиновая кожа Windsor, капитанские кресла Executive Class, Hot Stone массаж<br />?? Подвеска: Dynamic Air + Dynamic Response Pro (активные стабилизаторы 48V)<br />?? Мультимедиа: Pivi Pro 13.1"", Meridian Signature 29 дин., Head-Up, ClearSight зеркало";"Экстерьер и технологии Pixel LED<br />Статусный SUV собран на исторической родине Range Rover — заводе в Солихалле, Великобритания:<br />• Пиксельные светодиодные фары Pixel LED с анимированными ДХО — каждая фара состоит из сотен индивидуальных диодов и умеет «вырезать» встречные машины, не ослепляя их<br />• Электронные выдвижные ручки Deployable Door Handles — утоплены в кузов для аэродинамики и выезжают при приближении ключа<br />• Эксклюзивные 22- или 23-дюймовые диски в дизайне Autobiography<br />• Панорамная сдвижная крыша с электроприводом<br />• Светодиодные задние фонари с анимацией<br />Интерьер уровня персонального лимузина<br />Салон комплектации Autobiography — это уровень персонального лимузина для владельца, который любит управлять сам:<br />• Премиальная полуанилиновая кожа Windsor с ромбовидной прострочкой и тиснением Autobiography<br />• Передние кресла с 24 направлениями регулировки и функцией Hot Stone массажа + вентиляция<br />• Раздельные капитанские кресла Executive Class второго ряда с электроприводом, вентиляцией и функцией откидывания<br />• 4-зонный климат-контроль с ионизацией воздуха Cabin Air Purification Pro (защита от вирусов и аллергенов)<br />• Встроенный холодильник в центральном подлокотнике<br />• Потолок из премиальной замши Suedecloth<br />Драйв и динамика (Бензин + MHEV)<br />• Двигатель: 3.0 л рядная бензиновая «шестерка» Ingenium с системой MHEV 48V (мягкий гибрид)<br />• Мощность: 400 л.с.<br />• Крутящий момент: 550 Нм<br />• Коробка передач: 8-ступенчатый автомат ZF<br />• Привод: Постоянный полный AWD с двухскоростной раздаточной коробкой<br />• Пневматическая подвеска Dynamic Air Suspension<br />• Система Dynamic Response Pro — активные электрические стабилизаторы поперечной устойчивости на 48V, которые гасят крены за миллисекунды<br />• Разгон до 100 км/ч: ~5.7 секунды<br />Технологии и безопасность<br />• Изогнутый «плавающий» сенсорный экран Pivi Pro 13.1""<br />• Полностью цифровая приборная панель<br />• Head-Up дисплей с дополненной реальностью<br />• Топовая аудиосистема Meridian Signature Surround — 29 динамиков, включая сабвуфер и динамики в подголовниках<br />• Система кругового обзора 3D с функцией «прозрачного капота» (ClearSight Ground View) — чтобы не наехать на камень на бездорожье<br />• Салонное зеркало ClearSight — превращается в экран с камеры заднего вида, когда багажник забит вещами<br />• Адаптивный круиз-контроль с ассистентом рулевого управления<br />• Система удержания в полосе и контроль слепых зон<br />• Интеграция смартфона (Apple CarPlay / Android Auto)";https://static.tildacdn.com/stor3335-6165-4665-b839-343030663963/e2c8870c64d2589fb1b53371cadd925c.jpg https://static.tildacdn.com/stor3739-3130-4266-b130-313830613434/7b46c06e9a028d27d555831040729bdf.jpg;0;;;;;ylE9Mm2t1lkaMX7T779L;;0;0;0;0;Купить Range Rover Sport P400 2026 новый – Autobiography, бензин;Новый Range Rover Sport L460 2026 г.в. P400 Autobiography. Бензин 3.0L R6 (400 л.с.), AWD, пневмоподвеска, Meridian Signature, капитанские кресла. В наличии.;Range Rover Sport P400, RR Sport L460 2026, купить Range Rover Sport новый, RR Sport Autobiography, Range Rover Sport бензин, RR Sport 400 л.с., RR Sport Meridian;;;;;
8,70878E+11;BMW;;;"Автомобили;Автомобили>>>Новые";BMW X7 xDrive40d M Sport Pro (G07 LCI) 2026;"Автомобиль в наличии, готов к выдаче! Новый BMW X7 xDrive40d (рестайлинг G07 LCI, 2026 г.в.) в максимальной комплектации с пакетом M Sport Pro, хрустальной оптикой и эксклюзивными опциями BMW Individual.<br />?? Цвет кузова: Brooklyn Grey Metallic<br />?? Двигатель: 3.0 дизель (340 л.с.), полный привод xDrive, АКПП 8-ст.<br />?? Пакет: M Sport Pro + аэродинамика M Technic<br />?? Подвеска: Пневматическая + подруливание задних колес<br />?? Салон: Кожа Individual Merino Tartufo, декор карбон, панорама Sky Lounge, массаж<br />?? Мультимедиа: Live Cockpit Pro, Bowers &amp; Wilkins, хрустальная оптика Iconic Glow";"Экстерьер и стиль M Sport<br />Автомобиль выполнен в стильном и современном цвете Brooklyn Grey Metallic и оснащён расширенным пакетом M Sport Pro:<br />• Хрустальные фары и решётка радиатора BMW Iconic Glow с контурной подсветкой<br />• Аэродинамический обвес M Technic и легкосплавные M-диски (V-spoke 914I)<br />• Спортивный тормоз M с черными глянцевыми суппортами<br />• Рейлинги и элементы M Shadow Line<br />• Спортивная выхлопная система M<br />• Комфортный доступ и автодоводчик дверей<br />Интерьер и комфорт<br />Салон обит роскошной кожей BMW Individual Extended Merino в цвете Tartufo с эксклюзивными вставками из карбона и стеклянными элементами Crafted Clarity:<br />• Панорамная стеклянная крыша Sky Lounge со светодиодной подсветкой<br />• Потолок, обтянутый премиальной Alcantara (антрацит)<br />• Индивидуальная панель приборов, обтянутая кожей<br />• Сиденья повышенного комфорта с памятью, вентиляцией и массажем<br />• Обогрев всех сидений и 5-зонный автоматический климат-контроль<br />• Система Travel &amp; Comfort и M-ремни безопасности<br />Драйв и динамика<br />• Двигатель: 3.0 л турбодизель B57, 340 л.с. (250 кВт)<br />• Спортивная 8-ступенчатая АКПП Steptronic<br />• Полный привод xDrive<br />• Адаптивная пневматическая подвеска на обе оси<br />• Интегральное активное рулевое управление (подруливание задних колёс для идеальной маневренности)<br />Технологии и безопасность<br />• BMW Live Cockpit Professional и проекция на лобовое стекло<br />• Аудиосистема уровня High End Bowers &amp; Wilkins<br />• Ассистент парковки Professional, Driving Assistant и Active Guard<br />• Адаптивные светодиодные фары с автоматическим дальним светом<br />• Пакет Comfort, Active Protection и система контроля давления в шинах";https://static.tildacdn.com/stor3431-3062-4534-b939-643265393166/2df9fd8b1f049cf31bccf9782df133cb.jpg https://static.tildacdn.com/stor3437-3936-4534-a434-653865346233/df95024e263ddcb401a11e5614daa5a7.jpg;0;;;;;VV0H2eV0bglGlIAnIeFl;;0;0;0;0;Купить BMW X7 xDrive40d 2026 новый – цена, M Sport;Новый BMW X7 G07 LCI 2026 г.в. xDrive40d (340 л.с.), M Sport Pro, хрустальная оптика, панорама Sky Lounge, карбон, массаж. Цвет Brooklyn Grey. В наличии.;BMW X7 xDrive40d, BMW X7 G07 LCI 2026, новый BMW X7 цена, BMW X7 M Sport Pro, купить BMW X7 дизель, BMW X7 Brooklyn Grey, BMW X7 Bowers Wilkins;;;;;
5,46494E+11;Mercedes-Benz;;;"Автомобили;Автомобили>>>Новые";Mercedes-Benz V 300 d 4MATIC Long (W447 Рестайлинг 2) — VIP для владельца;Автомобиль в наличии, готов к выдаче! Новый Mercedes-Benz V 300 d 4MATIC Long (W447, рестайлинг 2) — персональный люксовый лайнер в версии Long (5.14 м). Золотая середина: простор Extra Long в сочетании с легковой маневренностью. Топовый дизель OM654, пневмоподвеска AIRMATIC и капитанские кресла.<br />?? Цвет кузова: Obsidian Black (Черный обсидиан)<br />?? Двигатель: 2.0 л турбодизель OM654 (237 л.с., 500 Нм), 9G-Tronic, 4MATIC<br />?? Кузов: Long (база 3200 мм, длина 5.14 м) — золотая середина<br />?? Подвеска: Пневмоподвеска AIRMATIC («приседает» для удобной посадки)<br />?? Салон VIP: 6 капитанских кресел (2+2+2), кожа, премиальная отделка<br />?? Мультимедиа: MBUX, Burmester, Multibeam LED, камеры 360°, автопарковщик;"Экстерьер — премиальный бизнес-вэн в компактном формате<br />Легендарный V-Class в новейшем кузове W447 Рестайлинг 2 в глубоком цвете Obsidian Black:<br />• Матричные адаптивные фары Multibeam LED с функцией вырезания встречных машин (Highbeam Assist Plus)<br />• Две сдвижные боковые двери с электроприводом — открываются с кнопки или взмахом ноги (Hands-Free)<br />• Версия Long: длина кузова 5.14 м — идеально для города (помещается на стандартные парковочные места)<br />• Легкосплавные диски премиум-класса<br />• Тонированное остекление и электропривод двери багажника<br />Интерьер VIP-уровня — для владельца и гостей<br />Салон уровня флагманских седанов Mercedes-Benz:<br />• Премиальная обивка сидений натуральной кожей<br />• 6 раздельных капитанских кресел (компоновка 2+2+2) с полным электропакетом<br />• Мультиконтурные кресла водителя и переднего пассажира с вентиляцией и массажем<br />• Многозонный климат-контроль с отдельными блоками для задних пассажиров<br />• Декоративная премиальная подсветка салона<br />• Цифровое салонное зеркало заднего вида (транслирует картинку с камеры)<br />• Откидные столики и подстаканники для задних пассажиров<br />Драйв и динамика — для того, кто рулит сам<br />• Двигатель: Новейший 2.0-литровый турбодизель OM654 — самый эффективный дизель в линейке Mercedes-Benz<br />• Мощность: 237 л.с. и 500 Нм крутящего момента<br />• Коробка передач: 9G-Tronic (9-ступенчатый автомат)<br />• Полный привод 4MATIC<br />• Пневмоподвеска AIRMATIC — «приседает» для удобной посадки пассажиров и держит кузов ровно независимо от загрузки<br />• База 3200 мм — более легковая рулежка и меньший радиус разворота по сравнению с Extra Long<br />• Более короткая версия Long ощущается на трассе собранной и динамичной<br />Технологии и безопасность<br />• Мультимедиа MBUX с интуитивным управлением и интеграцией смартфона<br />• Премиальная акустическая система Burmester Surround Sound<br />• Парковочный пакет с камерами кругового обзора 360° и автопарковщиком — управлять 5.14-метровым вэном стало легко<br />• Адаптивный круиз-контроль DISTRONIC с функцией Stop&amp;Go<br />• Система удержания в полосе, контроль слепых зон, активное экстренное торможение<br />• Система KEYLESS-GO и беспроводная зарядка<br />• Розетки USB и 12V по всему салону";https://static.tildacdn.com/stor3364-3334-4039-a566-373432396165/079b55315c30ecb5d949e470d9fc8003.jpg https://static.tildacdn.com/stor6264-6138-4462-b230-363966663861/3cf7232287c9a9679d8219b2410d38f2.jpg https://static.tildacdn.com/stor6237-3863-4634-a164-303234633833/395b5e8245ef7f7c9e18b95c77404a01.jpg;0;;;;;hoyEV7Bv5PohSENV4RTP;;0;0;0;0;Купить Mercedes-Benz V 300 d 4MATIC Long новый – V-Class 2026;Новый Mercedes-Benz V 300 d 4MATIC Long (W447 рестайлинг 2). Дизель OM654 237 л.с., пневмоподвеска AIRMATIC, 6 капитанских кресел, Burmester. В наличии.;Mercedes-Benz V 300 d, V-Class W447 рестайлинг 2, купить V-Class новый, V 300 d 4MATIC, V-Class Long, V-Class AIRMATIC, V-Class VIP;;;;;
9,47546E+11;Land Rover;;;"Автомобили;Автомобили>>>Новые";Range Rover D350 SWB Autobiography (L460) 2026 — Storm Grey;"Автомобиль в наличии, готов к выдаче! Новый флагманский Range Rover (L460, 2026 г.в.) в максимальной комплектации Autobiography. Двухцветный кузов (Storm Grey с черной крышей), дизель 350 л.с., 23-дюймовые диски Crescendo и эксклюзивный бордовый салон Deep Garnet.<br />?? Цвет кузова: Storm Grey (крыша — черная Narvik Black)<br />?? Двигатель: 3.0 л дизель R6 (350 л.с., 700 Нм), 8-ст. АКПП, AWD<br />?? Комплектация: Autobiography + 23"" диски Crescendo Gloss Black<br />?? Подвеска: Пневматическая + подруливание 4 колес<br />?? Салон: Кожа Semi-Aniline Deep Garnet, Executive Class, массаж 24-позиц.<br />?? Мультимедиа: Pivi Pro 13.1"", Meridian 2500 Вт, активное шумоподавление";;https://static.tildacdn.com/stor3538-6334-4339-a632-636236313963/25a1eea9ea961ce3ab1e482bcecdff05.jpg https://static.tildacdn.com/stor6431-3438-4761-b334-386238356339/2dd46b8a846a236e29026af262a9988d.jpg;0;;;;;Bus2HtJYrH0AEC06YOCc;;0;0;0;0;Купить Range Rover Autobiography 2026 новый – цена, L460 D350;"Новый Range Rover L460 2026 г.в. Autobiography, дизель 350 л.с., 23"" диски, пневмоподвеска, кожа Semi-Aniline Deep Garnet, Meridian 2500 Вт. Цвет Storm Grey. В наличии.";Range Rover L460, Range Rover Autobiography 2026, купить Range Rover новый, Range Rover D350, RR Storm Grey, Range Rover дизель;;;;;
6,89128E+11;BMW;;;"Автомобили;Автомобили>>>Новые";BMW X5 xDrive40i M Sport (G05 LCI) 2026 — Бензин 381 л.с., Iconic Glow;"Автомобиль в наличии, готов к выдаче! Новый BMW X5 xDrive40i (рестайлинг G05 LCI, 2026 г.в.) в бензиновой версии с мощнейшим 3.0 л R6 (381 л.с.), пакетом M Sport, решеткой Iconic Glow, 21"" дисками и пневмоподвеской.<br />?? Двигатель: 3.0 л бензин R6 Turbo + 48V (381 л.с., 520 Нм)<br />?? Пакет: M Sport + Innovation + Comfort + Iconic Glow<br />?? Диски: 21"" M Y-spoke 741 Bicolor с RunFlat<br />?? Подвеска: 2-осная пневматическая + подруливание задних колес<br />?? Салон: Комфортные сиденья с вентиляцией, 4-зонный климат, Crafted Clarity<br />?? Мультимедиа: Live Cockpit Pro, Harman Kardon, Driving Assistant Pro";"Экстерьер и стиль M Sport<br />Современный SUV в максимальной комплектации с пакетом M Sport:<br />• Решётка радиатора BMW Iconic Glow с контурной подсветкой<br />• 21-дюймовые M-диски (Y-spoke 741 M Bicolor) с разноразмерными шинами RunFlat<br />• Спортивный тормоз M и адаптивные LED-фары<br />• Рейлинги M Shadow Line (черный глянец)<br />• Панорамная стеклянная крыша с электроприводом<br />• Солнцезащитные шторки для задних дверей<br />• Комфортный доступ и автодоводчик дверей<br />Интерьер и комфорт<br />Салон с декором из черного рояльного лака (Piano Finish Black) и стеклянными элементами Crafted Clarity:<br />• Комфортные передние сиденья с памятью и вентиляцией<br />• Обогрев передних и задних сидений, пакет теплового комфорта<br />• 4-зонный автоматический климат-контроль<br />• Подстаканники с регулировкой температуры<br />• M-рулевое колесо с кожаной отделкой<br />• Сопровождающее освещение салона<br />• Система Travel &amp; Comfort<br />• Потолок Individual цвета «антрацит»<br />Драйв и динамика<br />• Двигатель: 3.0 л R6 бензин с технологией 48V MHEV<br />• Мощность: 381 л.с. и 520 Нм<br />• Спортивная 8-ступенчатая АКПП Steptronic<br />• Полный привод xDrive<br />• 2-осная пневматическая подвеска<br />• Интегральное активное рулевое управление (подруливание задних колёс)<br />• Дистанционный запуск двигателя<br />• Разгон до 100 км/ч: ~5.4 секунды<br />Технологии и безопасность<br />• BMW Live Cockpit Professional<br />• Аудиосистема Harman Kardon Surround Sound<br />• Комплекс Driving Assistant Professional<br />• Ассистент парковки Professional<br />• Беспроводная зарядка, персональная eSIM 5G<br />• Активная защита пешеходов";https://static.tildacdn.com/stor3833-6437-4336-b635-393263626563/6c769157386a3db41bdad664181bfc5d.jpg https://static.tildacdn.com/stor6335-3236-4434-b962-373138646231/c8cef2838911c869ed56b1f9f8153943.jpg;0;;;;;rkExaZFVT0CrkbppI7UD;;0;0;0;0;Купить BMW X5 xDrive40i 2026 новый – M Sport, 381 л.с., бензин;"Новый BMW X5 G05 LCI 2026 г.в. xDrive40i (381 л.с.), M Sport, Iconic Glow, 21"" диски, пневмоподвеска, Harman Kardon, 4-зонный климат. В наличии.";BMW X5 xDrive40i, BMW X5 G05 LCI 2026, новый BMW X5 бензин, BMW X5 381 л.с., BMW X5 M Sport, BMW X5 Iconic Glow, BMW X5 пневмоподвеска;;;;;
8,49995E+11;BMW;;;"Автомобили;Автомобили>>>Новые";BMW X7 xDrive40d M Sport Pro (G07 LCI) 2025;"Автомобиль в наличии, готов к выдаче! Новый BMW X7 xDrive40d (рестайлинг G07 LCI, 2025 г.в.) в максимальной комплектации с пакетом M Sport Pro, эксклюзивными 23-дюймовыми дисками Individual, карбоном в салоне и панорамой Sky Lounge.<br />?? Цвет кузова: Brooklyn Grau Metallic (Серый Бруклин)<br />?? Двигатель: 3.0 дизель (352 л.с., 720 Нм), полный привод xDrive, АКПП 8-ст.<br />?? Пакет: M Sport Pro + 23"" диски Individual 914 Bicolor<br />?? Подвеска: Пневматическая + подруливание задних колес<br />?? Салон: Кожа Individual Black, декор карбон, панорама Sky Lounge, массаж, 5 зон климата<br />?? Мультимедиа: Live Cockpit Pro, Harman/Kardon, решетка Iconic Glow";"Экстерьер и стиль M Sport<br />Статусный внедорожник выполнен в современном и стильном цвете Brooklyn Grau Metallic и оснащён расширенным пакетом M Sport Pro:<br />• Решётка радиатора BMW Iconic Glow с контурной подсветкой<br />• Аэродинамический обвес M Technic и эксклюзивные 23-дюймовые диски BMW Individual (V-spoke 914 Bicolor) со спортивными шинами<br />• Спортивный тормоз M с черными глянцевыми суппортами<br />• Рейлинги и элементы экстерьера M Shadow Line (с расширенным пакетом черных глянцевых акцентов)<br />• Спортивная выхлопная система M<br />• Комфортный доступ и автодоводчик дверей<br />Интерьер и комфорт<br />Роскошный салон обит черной кожей BMW Individual с декором из настоящего карбона и стеклянными элементами Crafted Clarity:<br />• Панорамная стеклянная крыша Sky Lounge со светодиодной подсветкой<br />• Потолок Individual, обтянутый премиальной Alcantara (антрацит)<br />• Индивидуальная панель приборов, обтянутая кожей<br />• Комфортные передние сиденья с памятью, вентиляцией и массажем<br />• Обогрев передних и задних сидений, пакет теплового комфорта<br />• 5-зонный автоматический климат-контроль<br />• Пакет ароматизации салона Ambient Air<br />• Солнцезащитные шторки для задних дверей и система Travel &amp; Comfort<br />• M-ремни безопасности и M-рулевое колесо<br />Драйв и динамика<br />• Двигатель: 3.0 л турбодизель B57 (версия 40d), 352 л.с. (259 кВт) и 720 Нм крутящего момента<br />• Спортивная 8-ступенчатая АКПП Steptronic<br />• Полный привод xDrive<br />• Адаптивная пневматическая подвеска на обе оси<br />• Интегральное активное рулевое управление (подруливание задних колёс для эталонной маневренности)<br />Технологии и безопасность<br />• BMW Live Cockpit Professional и проекция на лобовое стекло<br />• Аудиосистема объемного звучания Harman/Kardon Surround Sound<br />• Ассистент парковки Professional и комплекс Driving Assistant Professional<br />• Адаптивные светодиодные фары с автоматическим дальним светом<br />• Пакет инноваций, Active Protection и система контроля давления в шинах<br />• Беспроводная зарядка, персональная eSIM 5G и интеграция смартфона";https://static.tildacdn.com/stor3437-3632-4363-b333-323538363435/ae4fb9f20102cd297e954ade7a430e33.jpg https://static.tildacdn.com/stor6239-6235-4064-b035-373939643332/41d857037c7001dca2f482330cecb326.jpg;0;;;;;z2SYlMvexcruG6jNFJJa;;0;0;0;0;"Купить BMW X7 xDrive40d 2025 новый – цена, M Sport, 23"" диски";"Новый BMW X7 G07 LCI 2025 г.в. xDrive40d (352 л.с.), M Sport Pro, 23"" диски Individual, панорама Sky Lounge, карбон, массаж. Цвет Brooklyn Grau. В наличии.";BMW X7 xDrive40d, BMW X7 G07 LCI 2025, новый BMW X7 цена, BMW X7 M Sport Pro, BMW X7 Brooklyn Grau, BMW X7 23 диски, BMW X7 карбон;;;;;
7,17669E+11;BMW;;;"Автомобили;Автомобили>>>С пробегом";BMW X5 xDrive40d M Sport Pro (G05 LCI) — пробег 15 000 км 2024;"Автомобиль в наличии, пробег всего 15 000 км! Фактически новый BMW X5 xDrive40d (рестайлинг G05 LCI, 2024 г.в.) в идеальном состоянии. Эксклюзивный матовый цвет Individual, максимальная комплектация с пакетом M Sport Pro, карбоном, массажем и панорамой Sky Lounge.<br />?? Цвет кузова: Frozen Pure Grey Metallic (Individual матовый)<br />?? Пробег: 15 000 км (состояние нового авто, обкатан)<br />?? Двигатель: 3.0 дизель (340 л.с.), полный привод xDrive, АКПП 8-ст.<br />?? Пакет: M Sport Pro + 22"" диски M 742M + декор карбон<br />?? Салон: Кожа Individual Tartufo, панорама Sky Lounge, массаж, Webasto<br />?? Мультимедиа: Live Cockpit Pro, Bowers &amp; Wilkins, управление жестами";"<p style=""text-align: left;"">Состояние и экстерьер</p><p style=""text-align: left;"">Автомобиль с минимальным пробегом 15 000 км, полностью обслужен и находится в состоянии нового. Выполнен в редчайшем матовом цвете Frozen Pure Grey Metallic (программа BMW Individual) и оснащён агрессивным пакетом M Sport Pro:</p><p style=""text-align: left;"">• Решётка радиатора BMW Iconic Glow с контурной подсветкой</p><p style=""text-align: left;"">• Аэродинамический обвес M Technic и большие 22-дюймовые M-диски (сдвоенные спицы 742M)</p><p style=""text-align: left;"">• Спортивные тормоза M</p><p style=""text-align: left;"">• Рейлинги и фонари M Shadow Line</p><p style=""text-align: left;"">• Спортивная выхлопная система M</p><p style=""text-align: left;"">• Фаркоп (тягово-сцепное устройство), комфортный доступ и автодоводчик дверей</p><p style=""text-align: left;"">Интерьер и комфорт</p><p style=""text-align: left;"">Салон обит роскошной кожей BMW Individual в цвете Tartufo с эксклюзивными вставками из карбона и стеклянными элементами Crafted Clarity:</p><p style=""text-align: left;"">• Панорамная стеклянная крыша Sky Lounge со светодиодной подсветкой</p><p style=""text-align: left;"">• Потолок, обтянутый премиальной Alcantara (антрацит)</p><p style=""text-align: left;"">• Индивидуальная панель приборов, обтянутая кожей</p><p style=""text-align: left;"">• Многофункциональные сиденья M-спорт с памятью, вентиляцией и массажем</p><p style=""text-align: left;"">• Обогрев всех сидений, 4-зонный климат-контроль и пакет ароматизации Ambient Air</p><p style=""text-align: left;"">• Солнцезащитные шторки для задних дверей и автономная система отопления (Webasto)</p><p style=""text-align: left;"">Драйв и динамика</p><p style=""text-align: left;"">• Двигатель: 3.0 л турбодизель B57, 340 л.с. (250 кВт)</p><p style=""text-align: left;"">• Спортивная 8-ступенчатая АКПП Steptronic</p><p style=""text-align: left;"">• Полный привод xDrive</p><p style=""text-align: left;"">• 2-осная пневматическая подвеска</p><p style=""text-align: left;"">Технологии и безопасность</p><p style=""text-align: left;"">• BMW Live Cockpit Professional и проекция на лобовое стекло</p><p style=""text-align: left;"">• Аудиосистема уровня High End Bowers &amp; Wilkins</p><p style=""text-align: left;"">• Система управления жестами BMW</p><p style=""text-align: left;"">• Беспроводная зарядка, интеграция смартфона и персональная eSIM</p><p style=""text-align: left;"">• Ассистент парковки Professional и комплекс Driving Assistant</p><p style=""text-align: left;"">• Адаптивные светодиодные фары с автоматическим дальним светом</p>";https://static.tildacdn.com/stor3431-6166-4231-b562-653436336536/027ad9ae1b7331e457da44ed31cc78fd.jpg https://static.tildacdn.com/stor3732-6430-4530-b239-626462366266/78333513c0ec69efcc97f0941e4887a7.jpg;0;;;;;x1Hixo36nLFuf5csyhaS;;0;0;0;0;BMW X5 xDrive40d 2024 с пробегом 15 000 км – цена, M Sport;"BMW X5 G05 LCI 2024 г.в. с пробегом 15 000 км. Дизель 3.0 (340 л.с.), M Sport Pro, 22"" диски, панорама Sky Lounge, Bowers&amp;Wilkins. Цвет Frozen Grey. В наличии.";BMW X5 xDrive40d, BMW X5 G05 LCI 2024, BMW X5 с пробегом, BMW X5 15000 км, купить BMW X5 дизель, BMW X5 Frozen Pure Grey, BMW X5 M Sport Pro;;;;;
2,4215E+11;Audi;;;"Автомобили;Автомобили>>>Новые";Audi RS Q8 performance (C8) 2025 — V8 Biturbo 640 л.с.;"Абсолютный топ линейки Audi! Новый Audi RS Q8 performance 2025 г.в. — самый мощный серийный SUV в истории Audi. Битурбо-V8 4.0 л (640 л.с.), разгон до 100 км/ч за 3.4 секунды, керамические тормоза и полный пакет RS.<br />?? Цвет кузова: Черный Mythos<br />?? Двигатель: V8 4.0L Biturbo + 48V MHEV (640 л.с., 850 Нм)<br />?? Привод: quattro постоянный полный с sport differential<br />?? Коробка: 8-ступенчатый Tiptronic<br />?? Комплектация: RS performance (самый топ)<br />?? Тормоза: Карбоново-керамические (опция)<br />?? Разгон: 0-100 км/ч за 3.4 секунды<br />?? Мультимедиа: MMI touch 10.1"", Virtual Cockpit Plus, Bang &amp; Olufsen 3D";"Экстерьер — агрессия RS<br />Флагманский SUV в максимальной комплектации RS performance:<br />• Фирменная решетка Singleframe в черном глянце с сотами RS<br />• Массивные воздухозаборники и расширенные колесные арки<br />• 23-дюймовые кованые диски Audi Sport в эксклюзивном дизайне<br />• Карбоново-керамические тормоза (опция) с красными или серыми суппортами<br />• Спортивный выхлоп RS с клапанами и четырьмя овальными патрубками<br />• Матовые черные акценты и шильдики RS performance<br />• Светодиодные матричные фары Audi Matrix LED с лазерным дальним светом<br />• Панорамная стеклянная крыша<br />Интерьер — спортивный люкс<br />Салон обит премиальной кожей Valcona или Fine Nappa с сотовой прострочкой RS:<br />• Спортивные сиденья RS с электрорегулировкой в 18 направлениях, вентиляцией и массажем<br />• Рулевое колесо RS с алькантарой и красными кнопками Drive Select<br />• Virtual Cockpit Plus 12.3"" с эксклюзивными RS-режимами<br />• MMI touch response 10.1"" с навигацией и RS Monitor<br />• Премиальная аудиосистема Bang &amp; Olufsen 3D Advanced Sound (23 динамика, 1920 Вт)<br />• Декор из карбона Carbon Twill или алюминия Race<br />• 4-зонный климат-контроль<br />• Контрастная красная прострочка RS<br />• Потолок из черной алькантары<br />Драйв и динамика — суперкар среди SUV<br />• Двигатель: V8 4.0L Biturbo с технологией 48V MHEV (мягкий гибрид)<br />• Мощность: 640 л.с. при 6000 об/мин <br />www.audi.com<br /><br />• Крутящий момент: 850 Нм при 2300-4500 об/мин<br />• Коробка передач: 8-ступенчатый Tiptronic с молниеносными переключениями<br />• Полный привод quattro с активным sport differential на задней оси<br />• Адаптивная пневмоподвеска air suspension с RS-настройками<br />• Активная система подавления кренов electromechanical active roll stabilization<br />• Разгон до 100 км/ч: 3.4 секунды <br />www.audiusa.com<br /><br />• Максимальная скорость: 305 км/ч (с пакетом performance)<br />Технологии и безопасность<br />• Audi drive select с режимами comfort, auto, dynamic, efficiency, individual, RS1, RS2<br />• Система Audi pre sense (360°) с экстренным торможением<br />• Адаптивный круиз-контроль с функцией Stop&amp;Go<br />• Система удержания в полосе и контроль слепых зон<br />• Камера кругового обзора 360° с 3D-визуализацией<br />• Head-Up дисплей с проекцией RS-параметров<br />• Пакет Audi Parking System Plus<br />• Ночное видение с распознаванием пешеходов";https://static.tildacdn.com/stor3530-3961-4437-a230-353432653039/8e9cc7eab76477d03e2414ce1c4b9680.jpg https://static.tildacdn.com/stor6564-3663-4663-b939-333765626165/22597d2b0e1ea24ac2c1bf1e02e616da.jpg;0;;;;;x4d8aIOMCxOGKDRpR4pS;;0;0;0;0;Купить Audi RS Q8 2025 новый – V8 640 л.с., performance, quattro;"Новый Audi RS Q8 performance 2025 г.в. V8 4.0L Biturbo (640 л.с., 850 Нм), quattro, 0-100 за 3.4 сек, Bang &amp; Olufsen, пневмоподвеска. Цвет черный/серый. В наличии.";Audi RS Q8, RS Q8 2025, купить Audi RS Q8 новый, RS Q8 performance, Audi RS Q8 640 л.с., RS Q8 V8 Biturbo, Audi RS Q8 quattro;;;;;
9,82437E+11;BMW;;;"Автомобили;Автомобили>>>С пробегом";BMW M3 Competition M xDrive Touring (G81) — Frozen Grey, пробег 20 000 км;Автомобиль в наличии, пробег 20 000 км! Редчайший BMW M3 Competition Touring — первый в истории M-универсал с полным приводом. Карбоново-керамические тормоза, лазерные фары, адаптивная M-подвеска и 510 л.с. в семейном кузове.<br />?? Цвет кузова: Frozen Grey Metallic (матовый серый Individual)<br />?? Салон: Черная кожа Merino<br />?? Пробег: 20 000 км<br />?? Двигатель: 3.0 л R6 битурбо (510 л.с., 650 Нм), M xDrive<br />?? Тормоза: Карбоново-керамические M Carbon Ceramic<br />?? Ходовая: Адаптивная M подвеска + M Sport дифференциал<br />?? Салон: Карбон, M Sport сиденья, Harman/Kardon<br />?? Свет: BMW Laser Light;"Экстерьер — первый M-универсал<br />Легендарный M3 в кузове Touring выполнен в редком матовом сером цвете Individual Frozen Grey:<br />• BMW Laser Light — лазерные фары с дальностью до 600 метров<br />• 19""/20"" кованые M-диски (двойные спицы 826 M Bicolor, черный матовый)<br />• Карбоново-керамические тормоза M Carbon Ceramic (опционально, очень дорогая опция!)<br />• Адаптивная M-подвеска с электронным управлением<br />• Рейлинги на крыше M Shadow Line (черный глянец)<br />• Черная крыша и черные корпуса зеркал<br />• Расширенный пакет M Shadow Line Exterior<br />Интерьер — спортивный драйв<br />Салон обит черной кожей Merino с декором из настоящего карбона:<br />• M Sports сиденья с памятью, вентиляцией и подогревом<br />• Поясничная поддержка для водителя и пассажира<br />• M-ремни безопасности<br />• Подогрев рулевого колеса<br />• Солнцезащитные шторки для задних дверей<br />• Потолок Individual цвета «антрацит»<br />• Гальванические аппликации для элементов управления<br />Драйв и динамика (M xDrive)<br />• Двигатель: 3.0 л R6 битурбо (S58)<br />• Мощность: 510 л.с. и 650 Нм<br />• Коробка передач: 8-ступенчатая M Steptronic с Drivelogic<br />• Полный привод M xDrive с режимами 4WD, 4WD Sport и 2WD (чистый задний!)<br />• M Drive Professional (M Drift Analyser, M Traction Control 10-ступенчатый)<br />• M Sport дифференциал с электронным управлением<br />• Разгон до 100 км/ч: 3.6 секунды<br />Технологии и безопасность<br />• BMW Live Cockpit Professional<br />• Harman/Kardon Surround Sound<br />• Driving Assistant Professional и Parking Assistant Plus<br />• Удаленный запуск двигателя<br />• Акустическое комфортное остекление<br />• Персональная eSIM 5G";https://static.tildacdn.com/stor3830-3436-4437-a632-653232616630/bed81720a936d2b3814425d884521825.jpg https://static.tildacdn.com/stor3061-6165-4439-b935-326535623335/79732f9c7405f8cd5a240f37a48fbda5.jpg;0;;;;;s6XoFuCx9iJ4DisaV8Yj;;0;0;0;0;BMW M3 Competition Touring 2025 – M xDrive, карбон-керамика;BMW M3 Competition Touring G81. Полный привод M xDrive, 510 л.с., карбоново-керамические тормоза, Laser Light, Frozen Grey. Пробег 20 000 км. В наличии.;BMW M3 Touring, BMW M3 Competition, M3 M xDrive, купить M3 Touring, BMW M3 G81, M3 карбон-керамика, M3 Laser Light;;;;;
6,4388E+11;Ford;;;"Автомобили;Автомобили>>>Новые";Ford F-150 Raptor R 2025 — 5.2L Supercharged V8 720 л.с., Predator;"Легендарный пустынный хищник! Новый Ford F-150 Raptor R 2025 г.в. с двигателем от Shelby GT500. V8 5.2L Supercharged ""Predator"" 720 л.с., 37"" шины, амортизаторы FOX Live Valve и внедорожная подвеска.<br />?? Цвет кузова: Черный (Shadow Black)<br />?? Двигатель: V8 5.2L Supercharged ""Predator"" (720 л.с., 868 Нм)<br />?? Привод: 4WD с блокировками и понижающей передачей<br />?? Коробка: 10-ступенчатый автомат<br />?? Комплектация: Raptor R Level 2<br />?? Шины: 37"" BFGoodrich All-Terrain<br />?? Подвеска: FOX Dual-Live Valve Shox<br />?? Особенность: Двигатель от Mustang Shelby GT500!";"Экстерьер — агрессивный пустынный рейсер<br />Мощный пикап в максимальной внедорожной комплектации:<br />• Уникальная решетка радиатора Raptor R с надписью FORD<br />• Расширенные колесные арки и массивные бампера<br />• 37-дюймовые шины BFGoodrich All-Terrain T/A KO2 на кованых дисках<br />• Светодиодные фары с адаптивным дальним светом<br />• Защита днища skid plates из высокопрочной стали<br />• Внедорожные крюки спереди и сзади<br />• Светодиодная подсветка кузова и логотип Raptor<br />• Электропривод задней двери с Hands-Free<br />Интерьер — комфорт и технологии<br />Салон сочетает спортивность и практичность:<br />• Премиальная кожаная отделка с вставками из алькантары<br />• Спортивные сиденья с вышитыми логотипами Raptor R<br />• 12-дюймовый цифровой дисплей приборной панели<br />• 12-дюймовый сенсорный экран SYNC 4 с навигацией<br />• Премиальная аудиосистема B&amp;O Sound System (18 динамиков)<br />• Панорамная крыша<br />• Двухзонный климат-контроль<br />• Беспроводная зарядка и Apple CarPlay/Android Auto<br />• 360-градусная камера с внедорожным режимом<br />Драйв и внедорожные возможности<br />• Двигатель: V8 5.2L Supercharged ""Predator"" (от Mustang Shelby GT500)<br />• Мощность: 720 л.с. при 6650 об/мин <br />www.autoblog.com<br /><br />• Крутящий момент: 868 Нм при 4250 об/мин <br />www.autoblog.com<br /><br />• Коробка передач: 10-ступенчатый автомат SelectShift<br />• Полный привод 4WD с электронным управлением<br />• Блокировка заднего дифференциала и понижающая передача<br />• Амортизаторы FOX Dual-Live Valve Shox с электронной регулировкой <br />www.ford.com<br /><br />• Ход подвески: 353 мм спереди, 371 мм сзади<br />• 7 режимов езды: Normal, Sport, Tow/Haul, Slippery, Off-Road, Baja, Rock Crawl<br />• Trail Control — круиз-контроль для бездорожья<br />• Trail Turn Assist — торможение одного колеса для разворота<br />• Максимальная буксировка: 3674 кг<br />Технологии и безопасность<br />• Ford Co-Pilot360 Assist 2.0<br />• Адаптивный круиз-контроль с функцией Stop&amp;Go<br />• Система удержания в полосе и контроль слепых зон<br />• Автоматическое экстренное торможение с распознаванием пешеходов<br />• Pro Power Onboard — встроенный генератор 7.2 кВт для питания электроинструментов<br />• Камера кругового обзора 360° с внедорожным режимом";https://static.tildacdn.com/stor3065-6563-4130-b861-653132653566/13716c0d361f84641be4241d51dc64bb.jpg https://static.tildacdn.com/stor3031-3362-4738-b939-643761393161/8b5fae7b467a743de55444cd2e964aa6.jpg;0;;;;;EhGz5UG8zS8g8DbsTyy3;;0;0;0;0;Купить Ford F-150 Raptor R 2025 новый – V8 720 л.с., Predator;"Новый Ford F-150 Raptor R 2025 г.в. V8 5.2L Supercharged Predator (720 л.с., 868 Нм), 37"" шины, FOX амортизаторы, B&amp;O 18 дин. Цвет черный. В наличии.";"Ford F-150 Raptor R, F-150 Raptor R 2025, купить Raptor R новый, F-150 720 л.с., Ford Raptor Predator, F-150 Raptor R V8, Ford Raptor 37""";;;;;
3,98176E+11;Mercedes-Benz;;;"Автомобили;Автомобили>>>Новые";Mercedes-AMG G 63 (W465 Рестайлинг) 2026 — MANUFAKTUR Classic Grey, Tow Package;"Автомобиль в наличии, пробег всего 20 км! Новый Mercedes-AMG G 63 (рестайлинг W465, 2026 г.в.) в редкой конфигурации «Прагматичный Люкс». Однотонный серый MANUFAKTUR, карбоновый пакет Night, фаркоп с шаровым пальцем и максимальный зимний пакет с автономным отопителем.<br />?? Цвет кузова: MANUFAKTUR Classic Grey (однотонный серый)<br />?? Пробег: 20 км (новый, только прибыл)<br />?? Двигатель: V8 4.0L Biturbo + EQ Boost 48V, 585 л.с., 850 Нм<br />?? Пакет: AMG Night Package + Carbon Package + 22"" Ludwigсburg<br />?? Эксклюзив: Фаркоп (шаровой палец) + Зимний пакет максимум<br />?? Салон: Кожа Nappa черная, потолок Dinamica, карбон, AMG Drive Unit<br />?? Мультимедиа: MBUX Premium, экраны сзади, USB 100W, камера 360°+180°";Экстерьер — скрытая агрессия и практичность<br />Легендарный внедорожник в редком однотонном цвете MANUFAKTUR Classic Grey с расширенным пакетом внешнего тюнинга:<br />• Пакет AMG Night + карбоновые накладки и черные акценты экстерьера<br />• Черная звезда Mercedes-Benz спереди и сзади<br />• Эксклюзивные 22-дюймовые кованые диски AMG в дизайне «Ludwigсburg» (черные)<br />• Расширенные колесные арки AMG для агрессивного stance<br />• Кольцо кожуха запасного колеса в цвете «Черный Обсидиан»<br />• Фаркоп (тягово-сцепное устройство) с шаровым пальцем — редчайшая опция для G63, владелец планировал возить прицеп с квадроциклом или катером<br />• Тонированные стекла и люк с электроприводом<br />Интерьер — строгий люкс<br />Салон выполнен в классической строгой концепции:<br />• Обивка из натуральной полуанилиновой кожи Nappa черного цвета с антрацитовой декоративной прострочкой<br />• Потолок из премиальной черной микрофибры Dinamica<br />• Рулевое колесо AMG в модификации «Карбон / Dinamica» с фирменными кнопками AMG Drive Unit<br />• Карбоновые декоративные детали AMG по всему салону<br />• Панель приборов, обитая кожей Nappa<br />• Активные мультиконтурные сиденья PLUS: массаж, вентиляция и динамическая боковая поддержка в поворотах<br />• Обогрев всех сидений, рулевого колеса и передних подлокотников<br />• Сенсорные экраны для задних пассажиров (MBUX Rear)<br />• USB-разъемы на 100W — хватит для зарядки MacBook Pro на полной скорости<br />Драйв и динамика<br />• Двигатель: Битурбо V8 4.0L AMG (M177) с технологией EQ Boost 48V (мягкий гибрид)<br />• Мощность: 585 л.с. + электро-буст на старте<br />• Крутящий момент: 850 Нм<br />• Коробка передач: AMG SPEEDSHIFT TCT 9G-Tronic (9-ступенчатый гидромеханический автомат)<br />• Постоянный полный привод AMG Performance 4MATIC с тремя блокировками дифференциалов<br />• Активная подвеска AMG с адаптивными амортизаторами<br />• Полуактивные стабилизаторы поперечных кренов — внедорожник проходит повороты неестественно плоско для своего центра тяжести<br />• Разгон до 100 км/ч: ~4.5 секунды<br />Технологии для выживания и комфорта<br />• Мультимедиа MBUX Premium с навигацией на базе дополненной реальности (AR)<br />• Проекционный дисплей (Head-Up) на лобовом стекле<br />• Зимний пакет максимум:<br />— Обогрев рулевого колеса<br />— Лобовое стекло с электрообогревом<br />— Дополнительное автономное отопление с пультом ДУ<br />— Подогрев передних подлокотников<br />• Адаптивный круиз-контроль Distronic Pro с контролем поперечного движения<br />• Система удержания в полосе и автоматическое регулирование скорости по маршруту<br />• Камера кругового обзора 360° + фронтальная камера 180° для бездорожья<br />• Система распознавания детей в заблокированном автомобиле<br />• Боковые подушки безопасности в задней части салона<br />• Премиальная акустическая система и система KEYLESS-GO;https://static.tildacdn.com/stor6163-3531-4266-b332-356430353436/9d89f3532d8dee051a30522ba4b07608.jpg https://static.tildacdn.com/stor3963-3164-4838-b164-326336613039/7492bb4b7b8f4ed7d79dcf3835ba3ef2.jpg;0;;;;;D750kOydGEoCIUu42CpV;;0;0;0;0;Купить Mercedes-AMG G 63 2026 новый – W465, фаркоп, Night;Новый Mercedes-AMG G 63 (W465 рестайлинг) 2026 г.в., пробег 20 км. V8 585 л.с., MANUFAKTUR Classic Grey, Night+Carbon, фаркоп, зимний пакет. В наличии.;Mercedes-AMG G 63, Гелендваген W465 2026, купить AMG G63 новый, G 63 MANUFAKTUR, G 63 Night Package, AMG G63 с фаркопом, G 63 Classic Grey;;;;;
3,27558E+11;Mercedes-Benz;;;"Автомобили;Автомобили>>>Новые";Mercedes-AMG G 63 (W465 Рестайлинг) 2026 — Night Package, Carbon;Автомобиль в наличии, пробег всего 20 км! Новый Mercedes-AMG G 63 (рестайлинг W465, 2026 г.в.) в брутальной конфигурации «Total Black». Пакет NIGHT, карбоновый обвес, черные 22-дюймовые диски Ludwigсburg и тотально черный интерьер из кожи Nappa с Dinamica.<br />?? Цвет кузова: Obsidian Black Metallic (Черный обсидиан)<br />?? Пробег: 20 км (новый, только прибыл)<br />?? Двигатель: V8 4.0L Biturbo + EQ Boost 48V, 585 л.с., 850 Нм<br />?? Пакет: AMG Night Package + Carbon Package + AMG Track Pace<br />?? Салон: Кожа Nappa черная, потолок Dinamica, карбон, массаж PLUS<br />?? Мультимедиа: MBUX AR, экраны сзади, Distronic Pro, Energizing Plus;Экстерьер в стелс-режиме (Night Package)<br />Легендарный внедорожник в глубоком цвете Obsidian Black Metallic с агрессивным пакетом AMG Night Package:<br />• Эксклюзивные 22-дюймовые кованые диски AMG в дизайне «Ludwigсburg» (черные)<br />• Пакет внешнего тюнинга NIGHT: черненые хромированные элементы, темная оптика, черные корпуса зеркал<br />• Черная крышка запасного колеса и черные надписи/эмблемы «MB»<br />• Карбоновый пакет AMG: накладки на кузов и элементы экстерьера<br />• Переключаемая система выпуска ОГ с клапанами (фирменный бас V8 по нажатию кнопки)<br />• AMG Track Pace — бортовая телеметрия для трековых заездов<br />• Тонированные стекла и люк с электроприводом<br />• Зимний пакет: обогрев лобового стекла и форсунок омывателя<br />Интерьер «Total Black»<br />Салон выполнен в тотально черной концепции с максимальной спортивностью:<br />• Обивка из полуанилиновой кожи Nappa черного цвета с эксклюзивной отделкой<br />• Карбоновый пакет: руль AMG (карбон/Dinamica) и карбоновые декоративные вставки<br />• Потолок из премиальной черной микрофибры Dinamica<br />• Активные мультиконтурные сиденья PLUS: массаж, вентиляция и динамическая боковая поддержка в поворотах<br />• Обогрев передних и задних сидений, рулевого колеса и дверных подлокотников<br />• Сенсорные экраны для задних пассажиров (MBUX Rear)<br />• Премиальная акустическая система и пакет ENERGIZING PLUS<br />Драйв и динамика<br />• Двигатель: Битурбо V8 4.0L AMG (M177) с технологией EQ Boost 48V (мягкий гибрид)<br />• Мощность: 585 л.с. + электро-буст на старте<br />• Крутящий момент: 850 Нм<br />• Коробка передач: AMG SPEEDSHIFT TCT 9G (9-ступенчатый гидромеханический автомат)<br />• Постоянный полный привод AMG Performance 4MATIC с тремя блокировками дифференциалов<br />• Активная подвеска AMG с адаптивными амортизаторами<br />• Полуактивные стабилизаторы поперечных кренов — внедорожник проходит повороты неестественно плоско для своего центра тяжести<br />• Разгон до 100 км/ч: ~4.5 секунды<br />Технологии и безопасность<br />• Мультимедиа MBUX с навигацией на базе дополненной реальности (AR)<br />• Проекционный дисплей (Head-Up) на лобовом стекле<br />• Адаптивный круиз-контроль Distronic Pro с контролем поперечного движения на перекрестках<br />• Система удержания в полосе и контроль слепых зон<br />• Камера кругового обзора 360° и система PARKTRONIC<br />• Пакет ENERGIZING PLUS (синхронизирует свет, музыку, аромат и массаж)<br />• Система KEYLESS-GO с Hands-Free доступом;https://static.tildacdn.com/stor3635-3432-4838-b235-306539643237/23738b68f9beace20d1a184bcae068c1.jpg https://static.tildacdn.com/stor3666-6538-4737-a466-663134356436/72d22a27324241ccb8ec68cddb03311d.jpg;0;;;;;bHHbobkO7Z5jzxVSv9IC;;0;0;0;0;Купить Mercedes-AMG G 63 2026 новый – W465, Night, Carbon;"Новый Mercedes-AMG G 63 (W465 рестайлинг) 2026 г.в., пробег 20 км. Цвет Obsidian Black, V8 585 л.с., Night Package, 22"" Ludwigсburg, карбон, Nappa. В наличии.";Mercedes-AMG G 63, Гелендваген W465 2026, купить AMG G63 новый, G 63 Night Package, G 63 Carbon Package, AMG G63 585 л.с., G 63 Black Edition;;;;;
3,3672E+11;Mercedes-Benz;;;"Автомобили;Автомобили>>>Новые";Mercedes-AMG G 63 (W465 Рестайлинг) 2026 — Green, Platinum White Nappa;"Автомобиль в наличии, пробег всего 20 км! Новый Mercedes-AMG G 63 (рестайлинг W465, 2026 г.в.) в редчайшей эксклюзивной конфигурации. Зеленый кузов, белый платиновый салон Nappa, карбоновый пакет и 22-дюймовые диски Ludwigсburg. Машина для тех, кто не сливается с потоком.<br />?? Цвет кузова: Зеленый (эксклюзивный MANUFAKTUR)<br />?? Пробег: 20 км (новый, только прибыл)<br />?? Двигатель: V8 4.0L Biturbo + EQ Boost 48V, 585 л.с., 850 Нм<br />?? Пакет: AMG Carbon Package + 22"" Ludwigсburg + Зимний пакет<br />?? Салон: Кожа Nappa Platinum White, потолок Dinamica, карбон, массаж PLUS<br />?? Мультимедиа: MBUX AR, экраны сзади, Distronic Pro, беспроводная зарядка";Экстерьер — смелый зеленый эксклюзив<br />Легендарный внедорожник в редчайшем зеленом цвете — такой G 63 на дороге встречается раз в сотню черных и серых экземпляров:<br />• Эксклюзивные 22-дюймовые кованые диски AMG в дизайне «Ludwigсburg»<br />• Карбоновый пакет AMG: накладки на кузов, кожух запасного колеса, корпуса зеркал<br />• Переключаемая система выпуска ОГ с клапанами (фирменный бас V8 по нажатию кнопки)<br />• Активная подвеска AMG с адаптивными амортизаторами<br />• Полуактивные стабилизаторы поперечных кренов — внедорожник проходит повороты неестественно плоско для своего центра тяжести<br />• Тонированные стекла и люк с электроприводом<br />• Зимний пакет: обогрев лобового стекла, форсунок омывателя и рулевого колеса<br />Интерьер — контраст и шик<br />Салон поражает смелым сочетанием зеленого кузова и белого платинового интерьера:<br />• Роскошная кожа Nappa цвета «Белый платиновый» (Platinum White) — уровень индивидуального заказа, который на заводе стоит баснословных денег<br />• Потолок из премиальной черной микрофибры Dinamica<br />• Карбоновый пакет: руль AMG (карбон/Dinamica) и карбоновые декоративные вставки<br />• Активные мультиконтурные сиденья PLUS: массаж, вентиляция и динамическая боковая поддержка в поворотах<br />• Обогрев всех сидений, дверных подлокотников и рулевого колеса<br />• Сенсорные экраны для задних пассажиров (MBUX Rear)<br />• Беспроводная зарядка для смартфона<br />Драйв и динамика<br />• Двигатель: Битурбо V8 4.0L AMG (M177) с технологией EQ Boost 48V (мягкий гибрид)<br />• Мощность: 585 л.с. + электро-буст на старте<br />• Крутящий момент: 850 Нм<br />• Коробка передач: AMG SPEEDSHIFT TCT 9G (9-ступенчатый гидромеханический автомат)<br />• Постоянный полный привод AMG Performance 4MATIC с тремя блокировками дифференциалов<br />• Разгон до 100 км/ч: ~4.5 секунды<br />Технологии и безопасность<br />• Мультимедиа MBUX с навигацией на базе дополненной реальности (AR)<br />• Проекционный дисплей (Head-Up) на лобовом стекле<br />• Адаптивный круиз-контроль Distronic Pro с контролем поперечного движения на перекрестках<br />• Система удержания в полосе и контроль слепых зон<br />• Камера кругового обзора 360° и система PARKTRONIC<br />• Премиальная акустическая система и пакет ENERGIZING<br />• Система KEYLESS-GO с Hands-Free доступом;https://static.tildacdn.com/stor6631-3864-4065-b765-336466363131/ba54f811fed6109413acffb38ee27999.jpg https://static.tildacdn.com/stor6534-3162-4239-a131-373031366436/d90bdde1f54d75a450731c8e95125b6c.jpg;0;;;;;y3zngZXIFzhjpOybHoEG;;0;0;0;0;Купить Mercedes-AMG G 63 2026 новый – зеленый, белый салон Nappa;"Новый Mercedes-AMG G 63 (W465 рестайлинг) 2026 г.в., пробег 20 км. V8 585 л.с., зеленый кузов, салон Nappa Platinum White, карбон, 22"" диски. В наличии.";Mercedes-AMG G 63, Гелендваген W465 2026, купить AMG G63 новый, G 63 зеленый, G 63 белый салон, AMG G63 Nappa, G 63 MANUFAKTUR;;;;;
9,1538E+11;Mercedes-Benz;;;"Автомобили;Автомобили>>>Новые";Mercedes-AMG G 63 (W465 Рестайлинг) 2026 — Carbon Package, MANUFAKTUR;Автомобиль в наличии, пробег всего 20 км! Новый Mercedes-AMG G 63 (рестайлинг W465, 2026 г.в.) в максимальной комплектации с карбоновым пакетом, эксклюзивными 22-дюймовыми дисками Ludwigсburg и салоном MANUFAKTUR Nappa.<br />?? Цвет кузова: Серый (MANUFAKTUR)<br />?? Пробег: 20 км (новый, только прибыл)<br />?? Двигатель: V8 4.0L Biturbo + EQ Boost 48V, 585 л.с., 850 Нм<br />?? Пакет: AMG Carbon Package + AMG Track Pace + Зимний пакет<br />?? Салон: Кожа MANUFAKTUR Nappa (черная с белой прострочкой), карбон, Dinamica потолок<br />?? Мультимедиа: MBUX AR, экраны сзади, USB 100W, Energizing Plus, Distronic Pro;Экстерьер и карбоновый обвес AMG<br />Легендарный внедорожник в новом рестайлинговом кузове W465 с максимальной агрессией:<br />• Эксклюзивные 22-дюймовые кованые диски AMG в дизайне «Ludwigсburg» (черные)<br />• Карбоновый пакет AMG: накладки на кузов, корпуса зеркал, кожух запасного колеса<br />• Черная звезда Mercedes-Benz спереди и сзади<br />• Переключаемая система выпуска ОГ с клапанами (фирменный бас V8 по нажатию кнопки)<br />• AMG Track Pace — бортовая телеметрия для трековых заездов<br />• Тонированные стекла и люк с электроприводом<br />• Фаркоп и электрообогрев лобового стекла<br />Интерьер уровня MANUFAKTUR<br />Салон поражает детализацией эксклюзивной программы MANUFAKTUR:<br />• Обивка из натуральной кожи Nappa MANUFAKTUR (черная с контрастной белой декоративной прострочкой)<br />• Карбоновый руль AMG и карбоновые элементы декора<br />• Потолок из премиальной микрофибры DINAMICA (черная) с кожаными поручнями<br />• Активные мультиконтурные сиденья PLUS: массаж, вентиляция и динамическая боковая поддержка в поворотах<br />• Обогрев передних и задних сидений, рулевого колеса и дверных подлокотников<br />• Сенсорные экраны для задних пассажиров (MBUX Rear)<br />• USB-разъемы на 100W для быстрой зарядки ноутбуков и планшетов<br />Драйв и динамика<br />• Двигатель: Битурбо V8 4.0L AMG (M177) с технологией EQ Boost 48V (мягкий гибрид)<br />• Мощность: 585 л.с. + электро-буст на старте<br />• Крутящий момент: 850 Нм<br />• Коробка передач: AMG SPEEDSHIFT TCT 9G (9-ступенчатый гидромеханический автомат)<br />• Постоянный полный привод AMG Performance 4MATIC с тремя блокировками дифференциалов<br />• Активная подвеска AMG с адаптивными амортизаторами<br />• Полуактивные стабилизаторы поперечных кренов — внедорожник проходит повороты неестественно плоско для своего центра тяжести<br />• Разгон до 100 км/ч: ~4.5 секунды<br />Технологии и комфорт<br />• Мультимедиа MBUX с навигацией на базе дополненной реальности (AR)<br />• Проекционный дисплей (Head-Up) на лобовом стекле<br />• Адаптивный круиз-контроль Distronic Pro с контролем поперечного движения на перекрестках<br />• Система удержания в полосе и контроль слепых зон<br />• Пакет ENERGIZING PLUS — синхронизирует свет, музыку, аромат и массаж под настроение водителя<br />• Зимний пакет: дополнительный отопитель + пульт ДУ для дистанционного прогрева салона (в -30° вы садитесь в уже горячий автомобиль)<br />• Камера кругового обзора 360° и система PARKTRONIC<br />• Акустическая система класса Premium (Burmester)<br />• Премиум-подсветка салона и система KEYLESS-GO;https://static.tildacdn.com/stor6162-6461-4734-b634-313633326339/0cd934c73313dd55b663987eb9c4e774.jpg https://static.tildacdn.com/stor3938-3036-4136-a235-323134356164/b0fca917a83d792edc746d7b3e0feb27.jpg;0;;;;;yTDUlNyLPt1FAmzhTsgR;;0;0;0;0;Купить Mercedes-AMG G 63 2026 новый – W465, карбон, MANUFAKTUR;"Новый Mercedes-AMG G 63 (W465 рестайлинг) 2026 г.в., пробег 20 км. V8 585 л.с., Carbon Package, 22"" Ludwigсburg, MANUFAKTUR Nappa, AMG Track Pace. В наличии.";Mercedes-AMG G 63, Гелендваген W465 2026, купить AMG G63 новый, G 63 Carbon Package, G 63 MANUFAKTUR, AMG G63 585 л.с., G 63 22 диски;;;;;
6,42626E+11;Mercedes-Benz;;;"Автомобили;Автомобили>>>Новые";Mercedes-AMG G 63 (W463A) 2026 — MANUFAKTUR Classic Grey;"Автомобиль в наличии, готов к выдаче! Новый Mercedes-AMG G 63 (2026 модельный год) в эксклюзивном однотонном цвете MANUFAKTUR Classic Grey. Бескомпромиссная версия с черными акцентами Night Package, 22-дюймовыми матовыми дисками, карбоном и салоном из черной кожи Nappa.<br />?? Цвет кузова: MANUFAKTUR Classic Grey (Классический серый, однотонный)<br />?? Двигатель: V8 4.0L Biturbo AMG + 48V, 9G-TRONIC, полный привод<br />?? Экстерьер: Night Package, черная звезда, 22"" матовые диски, фаркоп<br />?? Салон: Кожа Nappa черная, карбон, руль карбон/DINAMICA, массаж PLUS<br />?? Комфорт: Люк, ENERGIZING PLUS, MBUX с дополненной реальностью";Экстерьер и стиль AMG<br />Легендарный внедорожник в элегантном и редком исполнении программы MANUFAKTUR. Выполнен в благородном однотонном цвете Classic Grey и оснащен максимумом черного глянца:<br />• Пакет AMG Night и черные надписи/эмблемы «MB»<br />• Черная звезда Mercedes-Benz спереди и сзади<br />• Эксклюзивные кованые 22-дюймовые AMG диски (матово-черные)<br />• Тормозные механизмы AMG с серебристыми суппортами<br />• Кольцо кожуха запасного колеса в цвете «Черный обсидиан»<br />• Фаркоп, тонированное остекление и электрообогрев лобового стекла<br />Интерьер и комфорт MANUFAKTUR<br />Салон поражает идеальным сочетанием спортивности и роскоши:<br />• Обивка из натуральной кожи Nappa (черная/антрацит)<br />• Декоративные элементы из настоящего карбона<br />• Рулевое колесо AMG в модификации «Карбон / DINAMICA»<br />• Потолок из премиальной микрофибры DINAMICA (черная)<br />• Активные мультиконтурные сиденья PLUS (массаж, вентиляция, динамическая поддержка в поворотах)<br />• Панель приборов, обтянутая кожей Nappa<br />• Пакет ENERGIZING PLUS и подогрев рулевого колеса<br />Драйв и динамика<br />• Двигатель: Битурбо V8 4.0L AMG (M177) с технологией 48V (мягкий гибрид)<br />• Коробка передач: AMG SPEEDSHIFT PLUS 9G-TRONIC<br />• Полный привод AMG Performance 4MATIC с тремя блокировками дифференциалов<br />• Система активного управления жесткостью амортизаторов (AMG RIDE CONTROL)<br />• Полуактивная система стабилизации поперечных кренов<br />• Переключаемая система выпуска ОГ (для фирменного басовитого рыка V8)<br />Технологии и безопасность<br />• Мультимедиа MBUX с навигацией на базе дополненной реальности (AR)<br />• Камера кругового обзора 360° и система PARKTRONIC<br />• Акустическая система класса Premium (Burmester)<br />• Система KEYLESS-GO и беспроводная зарядка<br />• Комплекс ассистентов: DISTRONIC PRO, контроль поперечного движения, удержание в полосе;https://static.tildacdn.com/stor3734-3931-4338-b538-386662633839/46c9b3535d22dbd85f69b294f9c0eeda.jpg https://static.tildacdn.com/stor3861-3339-4161-b034-356664343532/f37e8dde23cf1a63b9f10400c01444b0.jpg;0;;;;;ft3hHU9CAtK1OgPjbe0M;;0;0;0;0;Купить Mercedes-AMG G 63 2026 новый – MANUFAKTUR, Night;"Новый Mercedes-AMG G 63 2026 г.в. Цвет MANUFAKTUR Classic Grey. V8 4.0L, Night Package, 22"" матовые диски, кожа Nappa, массаж, MBUX AR. В наличии.";Mercedes-AMG G 63, купить Гелендваген 2026, AMG G63 новый, Гелендваген MANUFAKTUR, G 63 Classic Grey, Mercedes G-Class V8, AMG G63 Night Package;;;;;
3,59148E+11;Lexus;;;"Автомобили;Автомобили>>>Новые";Lexus LX 600 Luxury Plus 7s (J310) 2026 — Бензин 415 л.с.;Бензиновый флагман Lexus! Новый Lexus LX 600 (J310, 2026 г.в.) в топовой комплектации Luxury Plus с 7-местным салоном. Битурбо-V6 3.5L (415 л.с., 650 Нм), черный кузов, черный салон.<br />?? Цвет кузова: Черный (Black / Obsidian)<br />?? Салон: Черная премиальная кожа Semi-Aniline<br />?? Двигатель: V6 3.5L Twin-Turbo бензин (415 л.с., 650 Нм)<br />?? Привод: Full-time 4WD с блокировками<br />?? Коробка: 10-ступенчатый автомат<br />?? Комплектация: Luxury Plus 7s (максимальная)<br />?? Разгон: 0-100 км/ч за 6.9 секунды;"<p style=""text-align: left;"">Экстерьер — статусная классика</p><p style=""text-align: left;"">Флагманский внедорожник в классическом черном цвете:</p><p style=""text-align: left;"">• Фирменная веретенообразная решетка радиатора с хромированными ламелями</p><p style=""text-align: left;"">• Обновленные светодиодные матричные фары (рестайлинг 2026)</p><p style=""text-align: left;"">• 22-дюймовые кованые диски в дизайне Luxury</p><p style=""text-align: left;"">• Панорамная стеклянная крыша с электроприводом</p><p style=""text-align: left;"">• Электропривод двери багажника с Hands-Free</p><p style=""text-align: left;"">• Хромированные молдинги и акценты</p><p style=""text-align: left;"">• Полноразмерное запасное колесо</p><p style=""text-align: left;"">Интерьер — японский люкс</p><p style=""text-align: left;"">Салон с премиальными материалами и 7-местной конфигурацией:</p><p style=""text-align: left;"">• Премиальная кожа Semi-Aniline черного цвета</p><p style=""text-align: left;"">• 24-позиционные передние сиденья с массажем, вентиляцией и памятью</p><p style=""text-align: left;"">• Задние сиденья Executive Class с подогревом и вентиляцией</p><p style=""text-align: left;"">• Обогрев всех сидений (включая 3-й ряд) и рулевого колеса</p><p style=""text-align: left;"">• Декор из натурального дерева Shimamoku</p><p style=""text-align: left;"">• 4-зонный климат-контроль с ионизацией воздуха nanoe™ X</p><p style=""text-align: left;"">• Премиальная аудиосистема Mark Levinson на 25 динамиков</p><p style=""text-align: left;"">• Изогнутый 12.3"" экран мультимедиа Lexus Interface</p><p style=""text-align: left;"">• Проекционный дисплей (Head-Up Display)</p><p style=""text-align: left;"">• Холодильник в центральном подлокотнике</p><p style=""text-align: left;"">Драйв и динамика (Бензин)</p><p style=""text-align: left;"">• Двигатель: V6 3.5L Twin-Turbo бензин (V35A-FTS)</p><p style=""text-align: left;"">• Мощность: 415 л.с.</p><p style=""text-align: left;"">• Крутящий момент: 650 Нм</p><p style=""text-align: left;"">• Коробка передач: 10-ступенчатый автомат</p><p style=""text-align: left;"">• Постоянный полный привод Full-time 4WD</p><p style=""text-align: left;"">• Блокировка центрального дифференциала и понижающая передача</p><p style=""text-align: left;"">• Гидравлическая подвеска AHC с регулировкой клиренса</p><p style=""text-align: left;"">• Multi-Terrain Select и Crawl Control</p><p style=""text-align: left;"">• Платформа TNGA-F</p><p style=""text-align: left;"">• Разгон до 100 км/ч: ~6.9 секунды</p>";https://static.tildacdn.com/stor3935-3730-4436-a136-616238646230/b63129960f8c515af57a9674f19d9112.jpg https://static.tildacdn.com/stor3338-3865-4238-a663-366362303333/28a09d920e51888087c60103e0de2147.jpg;0;;;;;EJYPxY8xX9xKao3lk6Vr;;0;0;0;0;Купить Lexus LX 600 2026 новый – бензин 415 л.с., Luxury Plus;Новый Lexus LX 600 Luxury Plus 2026 г.в. Бензин V6 3.5L Twin-Turbo (415 л.с., 650 Нм), 7 мест, Mark Levinson 25 дин., AHC, 4WD. Цвет черный. В наличии.;Lexus LX 600, купить LX 600 новый, Lexus LX бензин, LX 600 415 л.с., Lexus LX Luxury Plus, LX 600 рестайлинг, Lexus LX 2026;;;;;
7,16018E+11;Lexus;;;"Автомобили;Автомобили>>>Новые";Lexus GX 550 Executive (J250) 2026 — V6 Twin-Turbo 354 л.с., Рамный, Япония;Рамный японский внедорожник с русификацией с завода! Новый Lexus GX 550 (J250, 2026 г.в.) в комплектации Executive — премиальный рамный SUV на платформе TNGA-F (как у Land Cruiser 300 и LX 600). Битурбо-V6 3.5 л (354 л.с., 650 Нм), серый кузов, черный салон, матричные фары, вентиляция сидений, 3-зонный климат. ЭПТС действующий, утильсбор оплачен, 0 км пробега.<br />?? Цвет кузова: Серый металлик<br />?? Салон: Черная кожа с перфорацией<br />?? Двигатель: V6 3.5L Twin-Turbo бензин (354 л.с., 650 Нм)<br />?? Привод: Полный 4WD с блокировками и понижающей передачей<br />?? Коробка: 10-ступенчатая Direct Shift<br />?? Сборка: Япония ????<br />?? Рынок: Европейский, русификация с завода<br />?? Пробег: 0 км (новый)<br />?? Комплектация: Executive (матричные фары, вентиляция, 3-зонный климат);"Экстерьер — брутальный дизайн с японским качеством<br />Рамный SUV в элегантном сером цвете с полным пакетом внедорожных опций:<br />• Матричные LED фары с адаптивным дальним светом и автоматическим переключением<br />• 21-дюймовые легкосплавные диски с внедорожными шинами<br />• Стационарные пороги с противоскользящим покрытием — для удобной посадки в высокий автомобиль<br />• Рейлинги на крыше для перевозки багажа и аксессуаров<br />• Электропривод зеркал с подогревом и автоматическим складыванием<br />• Электропривод двери багажника с функцией Hands-Free<br />• Хромированные акценты на решетке радиатора и молдингах<br />• Полноразмерное запасное колесо под днищем<br />Интерьер — японский комфорт с черным потолком<br />Салон в комплектации Executive с премиальными материалами:<br />• Черная кожа с перфорацией — дышащий материал для вентиляции сидений<br />• Черный потолок — создает спортивную атмосферу в салоне<br />• Электропривод передних сидений с памятью настроек для водителя и пассажира<br />• Вентиляция и обогрев передних сидений — комфорт в любую погоду<br />• Электропривод рулевой колонки с памятью положения<br />• Обогрев руля с кожаной отделкой<br />• Мультифункциональный руль с подрулевыми лепестками<br />• 3-зонный климат-контроль — индивидуальные настройки для водителя, переднего пассажира и задних пассажиров<br />• Полный обогрев лобового стекла — быстрое удаление льда и инея зимой<br />• Люк с электроприводом<br />• Беспроводная зарядка для смартфона<br />• Кнопка запуска двигателя (Smart Entry)<br />• Доступ без ключа — комфортный вход и запуск<br />Драйв и внедорожные возможности<br />• Двигатель: V6 3.5L Twin-Turbo бензин (V35A-FTS) — тот же, что в LC300 и LX600<br />• Мощность: 354 л.с.<br />• Крутящий момент: 650 Нм при 2000-3600 об/мин<br />• Коробка передач: 10-ступенчатая Direct Shift с подрулевыми лепестками<br />• Полный привод 4WD с постоянным распределением момента<br />• Понижающая передача в раздаточной коробке<br />• Блокировка центрального дифференциала Torsen<br />• Рамная конструкция на платформе TNGA-F — максимальная прочность<br />• Независимая передняя подвеска на двойных рычагах<br />• Задний мост с усиленной конструкцией<br />• Multi-Terrain Select с режимами: Dirt, Sand, Mud, Rock, Deep Snow<br />• Crawl Control — автоматическое движение по бездорожью<br />• Разгон до 100 км/ч: ~8.0 секунды<br />• Расход топлива: 11-13 л/100 км (смешанный)<br />Технологии и безопасность<br />• Цифровая приборная панель с настраиваемым отображением<br />• Полноцветный сенсорный дисплей с интуитивным интерфейсом<br />• Навигация с актуальными картами Европы и России<br />• Apple CarPlay / Android Auto — беспроводное подключение<br />• Bluetooth, Hands free — безопасные звонки и музыка<br />• Адаптивный круиз-контроль с функцией Stop&amp;Go<br />• Контроль мертвых зон (BSM) с предупреждением о перекрестном трафике<br />• Удержание в полосе (LTA) с системой предупреждения<br />• Камера заднего вида с динамической разметкой<br />• Парктроники передние и задние<br />• Система Lexus Safety System+ 3.0<br />Юридический статус и документы<br />• ЭПТС действующий — без ограничений<br />• Коммерческий утильсбор оплачен — готов к постановке на учет<br />• ПТС электронный — полный комплект документов<br />• 2 ключа в комплекте<br />• 0 владельцев — новый автомобиль<br />• Европейский рынок — русификация с завода, без необходимости перепрошивки";https://static.tildacdn.com/stor6164-6336-4339-b534-393938353833/77cd8c092d7c5c45c278ed75c27b04ed.jpg https://static.tildacdn.com/stor6438-3237-4662-a236-373535626337/ad07652ad62064ea119719be2c5635c6.jpg;0;;;;;pXZXVb7kv8HoMjXSfSAT;;0;0;0;0;Купить Lexus GX 550 2026 новый – рамный, V6 354 л.с., Executive;Новый Lexus GX 550 Executive 2026 г.в. Рамный SUV, V6 3.5L Twin-Turbo (354 л.с., 650 Нм), 4WD, матричные фары, вентиляция, русификация с завода. В наличии.;Lexus GX 550, купить GX 550 новый, рамный Lexus, GX 550 Executive, Lexus TNGA-F, GX 550 V6, Lexus Япония;;;;;
7,989E+11;Lexus;;;"Автомобили;Автомобили>>>Новые";Lexus RX 350h F Sport (2024) — Гибрид 246 л.с., Спортивный;Спортивный гибридный RX! Lexus RX 350h (2024 г.в.) в комплектации F Sport. Гибрид 2.5 л (246 л.с.), белый кузов, черный салон, спортивный обвес, Mark Levinson.<br />?? Цвет кузова: Белый (White Pearl)<br />?? Салон: Черная кожа с красной прострочкой<br />?? Двигатель: 2.5 л гибрид (246 л.с.)<br />?? Привод: Полный E-Four<br />?? Коробка: e-CVT<br />?? Комплектация: F Sport (спортивная версия)<br />?? Особенность: Гибрид, экономичность 6-7 л/100 км;"Экстерьер — спортивный дизайн F Sport<br />Lexus RX в спортивной версии F Sport:<br />• Фирменная веретенообразная решетка радиатора с черными акцентами F Sport<br />• Светодиодные матричные фары с адаптивным дальним светом<br />• 21-дюймовые легкосплавные диски в черном цвете F Sport<br />• Спортивный обвес (передний спойлер, накладки на пороги, задний диффузор)<br />• Черные корпуса зеркал и молдинги<br />• Панорамная стеклянная крыша с электроприводом<br />• Светодиодные задние фонари с анимацией<br />Интерьер — спортивный комфорт<br />Салон в спортивной конфигурации:<br />• Премиальная черная кожа с красной контрастной прострочкой<br />• Спортивные сиденья с усиленной боковой поддержкой<br />• Вентиляция передних сидений с памятью<br />• Обогрев передних и задних сидений и рулевого колеса<br />• Декор из черного алюминия F Sport<br />• Двухзонный климат-контроль с ионизацией воздуха<br />• Премиальная аудиосистема Mark Levinson на 12 динамиков<br />• 14-дюймовый сенсорный экран мультимедиа Lexus Interface<br />• Цифровая приборная панель 12.3""<br />• Проекционный дисплей (Head-Up Display)<br />• Беспроводная зарядка<br />Драйв и динамика (Гибрид)<br />• Двигатель: 2.5-литровый гибрид (A25A-FXS) с электромоторами<br />• Суммарная мощность: 246 л.с.<br />• Коробка передач: e-CVT (электронный вариатор)<br />• Полный привод E-Four с электромоторами на задней оси<br />• Режимы движения: Normal, Eco, Sport, EV (чистый электромобиль)<br />• Экономичность: 6-7 л/100 км в смешанном цикле<br />• Разгон до 100 км/ч: ~7.9 секунды<br />Технологии и безопасность (Lexus Safety System+ 3.0)<br />• Lexus Safety System+ 3.0 — последняя версия<br />• Адаптивный круиз-контроль с функцией Stop&amp;Go<br />• Система удержания в полосе и контроль слепых зон<br />• Автоматическое экстренное торможение<br />• Камера кругового обзора 360°<br />• Проекционный дисплей (Head-Up Display)";https://static.tildacdn.com/stor3365-3065-4333-b735-313730383766/48231375.jpg https://static.tildacdn.com/stor6463-3664-4437-b361-626561343738/70057606.jpg;0;;;;;JVLeOn2FETUe3CLg0Xdm;;0;0;0;0;Купить Lexus RX 350h F Sport 2024 – гибрид 246 л.с., спортивный;Lexus RX 350h F Sport 2024 г.в. Гибрид 2.5L (246 л.с.), спортивный обвес, Mark Levinson 12 дин., E-Four 4WD, расход 6-7 л/100 км. Цвет белый. В наличии.;Lexus RX 350h F Sport, RX 350h 2024, купить RX гибрид, RX F Sport, Lexus RX 246 л.с., RX E-Four, RX гибрид экономичный;;;;;
2,21905E+11;Land Rover;;;"Автомобили;Автомобили>>>Новые";Range Rover Autobiography D350 (L460) 2026 — Storm Grey;"Автомобиль в наличии, готов к выдаче! Новый флагманский Range Rover (L460, 2026 г.в.) в максимальной комплектации Autobiography. Двухцветный кузов (Storm Grey с черной крышей), дизель 350 л.с., 23-дюймовые диски и эксклюзивный салон цвета Deep Garnet.<br />?? Цвет кузова: Storm Grey (крыша — черная Narvik Black)<br />?? Двигатель: 3.0 л дизель R6 (350 л.с., 700 Нм), 8-ст. АКПП, AWD<br />?? Комплектация: Autobiography + 23"" диски Crescendo Gloss Black<br />?? Подвеска: Пневматическая + подруливание 4 колес<br />?? Салон: Кожа Semi-Aniline Deep Garnet, Executive Class, массаж 24-позиц.<br />?? Мультимедиа: Pivi Pro 13.1"", Meridian 2500 Вт, активное шумоподавление";Экстерьер и стиль Autobiography<br />Флагманский внедорожник выполнен в элегантном цвете Storm Grey с контрастной черной крышей и пакетом Shadow Pack:<br />• Эксклюзивные 23-дюймовые легкосплавные диски (стиль Crescendo, глянцевый черный)<br />• Электронно-выдвижной фаркоп с датчиком парковки прицепа<br />• Панорамная стеклянная крыша с электроприводом<br />• Светодиодные сканирующие фары (Pixel LED) с динамическими указателями поворотов<br />• Двухцветная окраска кузова и черные акценты экстерьера<br />• Атермальное лобовое стекло с обогревом<br />Интерьер и комфорт (Executive Class)<br />Роскошный салон обит перфорированной кожей Semi-Aniline в эксклюзивном цвете Deep Garnet (Глубокий гранат) с декором из натурального шпона черной березы:<br />• 24-позиционные передние сиденья с памятью, вентиляцией, массажем и подогревом<br />• Задние сиденья Executive Class (увеличенной ширины) с подогревом, вентиляцией и электрорегулировкой<br />• Холодильник в центральной консоли<br />• 4-зонный климат-контроль с ионизацией воздуха и фильтрацией PM 2.5<br />• Потолок из премиальной кожи (Ebony/Deep Garnet)<br />• Обогрев рулевого колеса, лобового стекла и дверных подлокотников<br />Драйв и динамика<br />• Двигатель: Рядный 6-цилиндровый дизель 3.0L (AJ20D6) с технологией MHEV (48V)<br />• Мощность: 350 л.с. и максимальный крутящий момент 700 Нм<br />• Коробка передач: 8-ступенчатая АКПП ZF<br />• Полный привод (AWD) с системой перераспределения тяги (Torque Vectoring)<br />• Пневматическая подвеска с непрерывным регулированием амортизаторов<br />• Рулевое управление на все 4 колеса для эталонной маневренности<br />• Система All-Terrain Progress Control<br />Технологии и безопасность<br />• Мультимедиа Pivi Pro с экраном 13.1 дюйма<br />• Аудиосистема Meridian Signature (Super Premium, 2500 Вт) с активным шумоподавлением 3-го поколения<br />• Проекционный дисплей (Head-Up) на лобовом стекле<br />• Навигация Connected Navigation Pro с данными о трафике<br />• Адаптивный круиз-контроль с ассистентом рулевого управления<br />• Камера кругового обзора 360° с системой помощи при парковке и буксировке<br />• Apple CarPlay / Android Auto беспроводные, Wi-Fi, eSIM;https://static.tildacdn.com/stor6265-6133-4163-b034-653064386136/c3e441912f6ba6363015c419d8615140.jpg https://static.tildacdn.com/stor3264-6437-4562-b932-313937616161/a52b699a12c48169dccfa20fdcee1942.jpg;0;;;;;0AXrARZgGYBX9ce6f7aR;;0;0;0;0;Купить Range Rover Autobiography 2026 новый – цена, L460 D350;"Новый Range Rover L460 2026 г.в. Autobiography, дизель 350 л.с., 23"" диски, пневмоподвеска, кожа Semi-Aniline Deep Garnet, Meridian 2500 Вт. Цвет Storm Grey. В наличии.";Range Rover L460, Range Rover Autobiography 2026, купить Range Rover новый, Range Rover D350, RR Storm Grey, Range Rover дизель, Range Rover 23 диски;;;;;
7,05725E+11;Land Rover;;;"Автомобили;Автомобили>>>Новые";Range Rover Autobiography D350 (L460) 2026 — Santorini Black;"Автомобиль в наличии, готов к выдаче! Новый флагманский Range Rover (L460, 2026 г.в.) в максимальной комплектации Autobiography. Глубокий черный цвет Santorini Black, мощнейший дизель 350 л.с., 23-дюймовые диски Pinnacle и эксклюзивный бордовый салон Deep Garnet.<br />?? Цвет кузова: Santorini Black (однотонный, крыша в цвет кузова)<br />?? Двигатель: 3.0 л дизель R6 (350 л.с., 700 Нм), 8-ст. АКПП, AWD<br />?? Комплектация: Autobiography + 23"" диски Pinnacle Dark Grey<br />?? Подвеска: Пневматическая + подруливание 4 колес<br />?? Салон: Кожа Semi-Aniline Deep Garnet, Executive Class, массаж 24-позиц.<br />?? Мультимедиа: Pivi Pro 13.1"", Meridian 2500 Вт, активное шумоподавление";Экстерьер и стиль Autobiography<br />Флагманский внедорожник выполнен в глубоком и строгом цвете Santorini Black (однотонная окраска) и оснащен элегантными темными акцентами:<br />• Эксклюзивные 23-дюймовые легкосплавные диски (стиль Pinnacle, темно-серые)<br />• Электронно-выдвижной фаркоп с датчиком парковки прицепа<br />• Панорамная стеклянная крыша с электроприводом<br />• Светодиодные сканирующие фары (Pixel LED) с динамическими указателями поворотов<br />• Двойные солнцезащитные козырьки и обогрев лобового стекла<br />• Атермальное остекление и пакет внешней защиты<br />Интерьер и комфорт (Executive Class)<br />Роскошный салон обит перфорированной кожей Semi-Aniline в эксклюзивном цвете Deep Garnet (Глубокий гранат) с декором из натурального шпона черной березы:<br />• 24-позиционные передние сиденья с памятью, вентиляцией, массажем и подогревом<br />• Задние сиденья Executive Class (увеличенной ширины) с подогревом, вентиляцией и электрорегулировкой<br />• Холодильник в центральной консоли<br />• 4-зонный климат-контроль с ионизацией воздуха и фильтрацией PM 2.5<br />• Потолок из премиальной кожи (Ebony/Deep Garnet)<br />• Обогрев рулевого колеса, лобового стекла и дверных подлокотников<br />Драйв и динамика<br />• Двигатель: Рядный 6-цилиндровый дизель 3.0L (AJ20D6) с технологией MHEV (48V)<br />• Мощность: 350 л.с. и максимальный крутящий момент 700 Нм<br />• Коробка передач: 8-ступенчатая АКПП ZF<br />• Полный привод (AWD) с системой перераспределения тяги (Torque Vectoring)<br />• Пневматическая подвеска с непрерывным регулированием амортизаторов<br />• Рулевое управление на все 4 колеса для эталонной маневренности<br />• Система All-Terrain Progress Control<br />Технологии и безопасность<br />• Мультимедиа Pivi Pro с экраном 13.1 дюйма<br />• Аудиосистема Meridian Signature (Super Premium, 2500 Вт) с активным шумоподавлением 3-го поколения<br />• Проекционный дисплей (Head-Up) на лобовом стекле<br />• Навигация Connected Navigation Pro с данными о трафике<br />• Адаптивный круиз-контроль с ассистентом рулевого управления<br />• Камера кругового обзора 360° с системой помощи при парковке и буксировке<br />• Apple CarPlay / Android Auto беспроводные, Wi-Fi, eSIM;https://static.tildacdn.com/stor3232-3037-4736-a266-346136646635/b9bb90c1649411cd057dd4e875bd62cb.jpg https://static.tildacdn.com/stor3264-6437-4562-b932-313937616161/a52b699a12c48169dccfa20fdcee1942.jpg;0;;;;;UDFt5TeYMRHYY20tNLSM;;0;0;0;0;Купить Range Rover Autobiography 2026 новый – цена, L460 D350;"Новый Range Rover L460 2026 г.в. Autobiography, дизель 350 л.с., 23"" диски, пневмоподвеска, кожа Semi-Aniline Deep Garnet, Meridian 2500 Вт. Цвет Santorini Black. В наличии.";Range Rover L460, Range Rover Autobiography 2026, купить Range Rover новый, Range Rover D350, RR Santorini Black, Range Rover дизель, Range Rover 23 диски;;;;;
4,31237E+11;Land Rover;;;"Автомобили;Автомобили>>>Новые";Range Rover P530 Long Autobiography (L460 LWB) 2025 — V8 Biturbo 530 л.с.;"Флагманский бензиновый Range Rover! Новый Range Rover P530 Long (L460 LWB, 2025 г.в.) в максимальной комплектации Autobiography. Битурбо-V8 4.4 л (530 л.с.), длинная база, Executive Class сиденья и холодильник.<br />?? Цвет кузова: Черный<br />?? Салон: Бежевый (Perlino)<br />?? Двигатель: V8 4.4L Twin-Turbo (530 л.с., 750 Нм)<br />?? Привод: Полный AWD с двухскоростной раздаткой<br />?? Комплектация: Autobiography (предтоп)<br />?? База: Long Wheelbase (+200 мм к стандартной)<br />?? Салон: Executive Class, массаж, холодильник, Meridian Signature<br />?? Мультимедиа: Pivi Pro 13.1"", активное шумоподавление";"Экстерьер — британская элегантность<br />Флагманский SUV в максимальной комплектации Autobiography:<br />• Фирменная решетка радиатора с хромированными ламелями<br />• Светодиодные пиксельные фары с анимированными ДХО<br />• 23-дюймовые легкосплавные диски в дизайне Style 1075<br />• Панорамная стеклянная крыша с электроприводом<br />• Электронно-выдвижные дверные ручки<br />• Электропривод двери багажника с Hands-Free<br />• Хромированные акценты и шильдики Autobiography<br />• Двухцветная окраска кузова (опция)<br />Интерьер — Executive Class комфорт<br />Салон Long версии с увеличенным пространством для задних пассажиров:<br />• Кожа Semi-Aniline в цвете Perlino (бежевый) или Deep Garnet (вишневый)<br />• 24-позиционные передние сиденья с массажем, вентиляцией и памятью<br />• Задние сиденья Executive Class с электрорегулировкой, массажем и вентиляцией<br />• Центральный подлокотник с холодильником для напитков<br />• 4-зонный климат-контроль с ионизацией воздуха PM2.5<br />• Декор из натурального шпона Grand Black или Light Ash<br />• Потолок из премиальной замши<br />• Meridian Signature Sound System 2500 Вт (29 динамиков с сабвуфером)<br />• Активное шумоподавление 3-го поколения через подголовники<br />• Pivi Pro 13.1"" — изогнутый сенсорный экран<br />• 13.1-дюймовый экран для задних пассажиров (опция)<br />Драйв и динамика<br />• Двигатель: V8 4.4L Twin-Turbo (BMW N63) с технологией MHEV 48V<br />• Мощность: 530 л.с. при 5500 об/мин <br />www.caranddriver.com<br /><br />• Крутящий момент: 750 Нм при 1800-4600 об/мин<br />• Коробка передач: 8-ступенчатая АКПП ZF<br />• Полный привод AWD с двухскоростной раздаточной коробкой<br />• Пневматическая подвеска с непрерывным регулированием амортизаторов<br />• Подруливание задних колес (до 7°)<br />• Система All-Terrain Progress Control<br />• Максимальная буксировка: 3720 кг<br />• Разгон до 100 км/ч: ~4.6 секунды <br />www.caranddriver.com<br />Технологии и безопасность<br />• Pivi Pro с беспроводными Apple CarPlay/Android Auto<br />• Проекционный дисплей (Head-Up)<br />• Адаптивный круиз-контроль с ассистентом рулевого управления<br />• Система удержания в полосе и контроль слепых зон<br />• Камера кругового обзора 360° с функцией ""прозрачного капота""<br />• ClearSight Ground View — видно, что под колесами<br />• Wade Sensing — датчик глубины брода<br />• Система помощи при спуске с горы";https://static.tildacdn.com/stor3433-3639-4232-b637-306339633231/af3684a3f8b7f0b5c1248754a4b8ef56.jpg https://static.tildacdn.com/stor3830-3161-4232-b439-666661663738/3515e55f0316ce43ea31a6a005705378.jpg;0;;;;;yDHpvbbMx4tausOu64GZ;;0;0;0;0;Купить Range Rover P530 Long 2025 новый – V8 530 л.с., Autobiography;Новый Range Rover P530 Long LWB 2025 г.в. V8 4.4L Biturbo (530 л.с., 750 Нм), Autobiography, Executive Class, Meridian 2500 Вт, пневмоподвеска. В наличии.;Range Rover P530, RR P530 Long, купить Range Rover новый, RR V8 530 л.с., Range Rover Autobiography, RR L460 LWB, Range Rover бензин;;;;;
7,05542E+11;Land Rover;;;"Автомобили;Автомобили>>>Новые";Range Rover Autobiography D350 (L460) 2026 — Belgravia Green;"Автомобиль в наличии, готов к выдаче! Новый флагманский Range Rover (L460, 2026 г.в.) в максимальной комплектации Autobiography. Редкий британский зеленый цвет Belgravia Green, светлый салон Perlino, дизель 350 л.с., 22-дюймовые диски и эксклюзивная отделка Grand Black.<br />?? Цвет кузова: Belgravia Green (классический английский зеленый)<br />?? Двигатель: 3.0 л дизель R6 (350 л.с., 700 Нм), 8-ст. АКПП, AWD<br />?? Комплектация: Autobiography + 22"" диски Reaper Dark Grey<br />?? Подвеска: Пневматическая + подруливание 4 колес<br />?? Салон: Кожа Semi-Aniline Perlino, декор Grand Black, массаж 24-позиц.<br />?? Мультимедиа: Pivi Pro 13.1"", Meridian 2500 Вт, активное шумоподавление 3-го поколения";Экстерьер и стиль Autobiography<br />Флагманский внедорожник выполнен в благородном классическом цвете Belgravia Green — визитной карточке английского стиля. Оснащен элегантными темными акцентами:<br />• Эксклюзивные 22-дюймовые легкосплавные диски (стиль Reaper, темно-серые)<br />• Панорамная стеклянная крыша с электроприводом<br />• Светодиодные сканирующие фары с динамическими указателями поворотов<br />• Двойные солнцезащитные козырьки и обогрев лобового стекла<br />• Боковые жалюзи задних окон с электроприводом<br />• Атермальное остекление и система автоматического выравнивания фар<br />Интерьер и комфорт (Executive Class)<br />Роскошный салон обит перфорированной кожей Semi-Aniline в изысканном цвете Perlino (светлый кремовый) с контрастной передней панелью в том же оттенке и отделкой из натурального шпона Grand Black:<br />• 24-позиционные передние сиденья с памятью, вентиляцией, массажем и подогревом<br />• Задние сиденья Executive Class (увеличенной ширины) с подогревом, вентиляцией и электрорегулировкой<br />• 4-зонный климат-контроль с ионизацией воздуха, фильтрацией PM 2.5 и CO2<br />• Обогрев рулевого колеса, лобового стекла<br />• Потолок из премиальной кожи в сочетании Ebony / Perlino<br />• Центральный подлокотник с холодильником<br />Драйв и динамика<br />• Двигатель: Рядный 6-цилиндровый дизель 3.0L (AJ20D6) с технологией MHEV (48V)<br />• Мощность: 350 л.с. и максимальный крутящий момент 700 Нм<br />• Коробка передач: 8-ступенчатая АКПП ZF<br />• Полный привод (AWD) с системой перераспределения тяги (Torque Vectoring)<br />• Пневматическая подвеска с непрерывным регулированием амортизаторов<br />• Рулевое управление на все 4 колеса для эталонной маневренности<br />• Система All-Terrain Progress Control<br />Технологии и безопасность<br />• Мультимедиа Pivi Pro с экраном 13.1 дюйма<br />• Аудиосистема Meridian Signature (Super Premium, 2500 Вт) с активным шумоподавлением 3-го поколения<br />• Проекционный дисплей (Head-Up) на лобовом стекле<br />• Навигация Connected Navigation Pro с данными о трафике<br />• Адаптивный круиз-контроль с ассистентом рулевого управления<br />• Камера кругового обзора 360° с системой помощи при парковке<br />• Apple CarPlay / Android Auto беспроводные, Wi-Fi, eSIM<br />• Система мониторинга слепых зон и удержания в полосе;https://static.tildacdn.com/stor3432-3636-4237-b437-313738333335/d6dac047523ddc0f5e1503efbd2a4331.jpg https://static.tildacdn.com/stor6336-3661-4538-b034-646663386535/04ff52460b004ff45908af47d58e7942.jpg;0;;;;;0xh33uFjtNGKMsbA92Sv;;0;0;0;0;Купить Range Rover Autobiography 2026 новый – цена, L460 D350;"Новый Range Rover L460 2026 г.в. Autobiography, дизель 350 л.с., 22"" диски, пневмоподвеска, кожа Semi-Aniline Perlino, Meridian 2500 Вт. Цвет Belgravia Green. В наличии.";Range Rover L460, Range Rover Autobiography 2026, купить Range Rover новый, Range Rover D350, RR Belgravia Green, Range Rover дизель, Range Rover 22 диска;;;;;
5,79167E+11;Lexus;;;"Автомобили;Автомобили>>>Новые";Lexus LX 500d Luxury + 7S (J300) 2025 — Дизель V6 299 л.с.;Дизельный флагман! Новый Lexus LX 500d в топовой комплектации Luxury с 7-местным салоном. Турбодизель V6 3.3 л (299 л.с., 700 Нм) на новой платформе TNGA-F — идеальный выбор для тех, кто ценит экономичность и паровозную тягу.<br />?? Цвет кузова: Черный (Obsidian Black)<br />?? Салон: Черная премиальная кожа<br />?? Двигатель: V6 3.3L Twin-Turbo дизель (299 л.с., 700 Нм)<br />?? Привод: Полный 4WD с блокировками дифференциалов<br />?? Комплектация: Luxury + 7S (7 мест, Mark Levinson, панорама)<br />?? Платформа: Новая TNGA-F<br />?? Экономичность: 9-11 л/100 км на трассе;"Экстерьер — статус и мощь<br />Флагманский внедорожник в классическом черном цвете:<br />• Фирменная решетка радиатора Lexus с огромной веретенообразной формой<br />• Светодиодные матричные фары с тройными L-образными ДХО<br />• Легкосплавные диски 22 дюйма в эксклюзивном дизайне Luxury<br />• Панорамная стеклянная крыша с электроприводом<br />• Электропривод двери багажника с функцией Hands-Free<br />Интерьер Luxury + 7S<br />Салон в топовой комплектации с максимальным комфортом:<br />• 7-местная конфигурация с тремя рядами сидений<br />• Премиальная полуанилиновая кожа черного цвета<br />• 24-позиционные передние сиденья с массажем, вентиляцией и памятью<br />• Подогрев всех сидений (включая 3-й ряд) и рулевого колеса<br />• Декоративные вставки из натурального дерева Shimamoku<br />• 4-зонный климат-контроль с ионизацией воздуха nanoe™ X<br />• Премиальная аудиосистема Mark Levinson на 25 динамиков<br />Драйв и динамика (Дизель)<br />• Двигатель: V6 3.3L Twin-Turbo дизель (F33A-FTV) — битурбо дизель<br />• Мощность: 299 л.с.<br />• Крутящий момент: 700 Нм (паровозная тяга!)<br />• Коробка передач: Direct Shift-10AT (10-ступенчатый автомат)<br />• Полный привод 4WD с понижающей передачей и блокировками дифференциалов<br />• Платформа TNGA-F — первая рамная платформа Lexus<br />• Система Multi-Terrain Select с 6 режимами<br />• Crawl Control — автоматическое движение по бездорожью<br />• Разгон до 100 км/ч: ~8.0 секунды<br />• Экономичность: 9-11 л/100 км на трассе (на 30% экономичнее бензина!)<br />Почему дизель лучше бензина?<br />• Экономичность: расход на 30% ниже бензиновой версии<br />• Крутящий момент 700 Нм: идеален для буксировки прицепа/катера<br />• Ресурс: дизельные двигатели ходят 400-500 тыс. км без капремонта<br />• Ликвидность: дизельные LX ценятся на вторичном рынке выше бензиновых<br />Технологии и безопасность (Lexus Safety System+ 3.0)<br />• Lexus Safety System+ 3.0 — последняя версия комплекса безопасности<br />• Адаптивный круиз-контроль с функцией Stop&amp;Go<br />• Система удержания в полосе и контроль слепых зон<br />• Автоматическое экстренное торможение с распознаванием пешеходов<br />• Камера кругового обзора 360° с функцией «прозрачного капота»<br />• Проекционный дисплей (Head-Up)";https://static.tildacdn.com/stor3139-3438-4039-a635-386438386234/93830382.jpg https://static.tildacdn.com/stor3139-3830-4730-b036-623164663235/abeda50a9ab91d1d39d0ed40af85a77e.jpg;0;;;;;rhobsIK1MrylLIpzSmeD;;0;0;0;0;Купить Lexus LX 500d Luxury 2025 новый – дизель 299 л.с., 7 мест;Новый Lexus LX 500d Luxury 2025 г.в. Дизель V6 3.3L Twin-Turbo (299 л.с., 700 Нм), 7 мест, Mark Levinson 25 дин., панорама, TNGA-F. В наличии.;Lexus LX 500d, купить LX 500d новый, Lexus LX дизель, LX 500d 299 л.с., Lexus LX 7 мест, LX 500d Mark Levinson, Lexus LX дизель 700 Нм;;;;;
1,30128E+11;Lexus;;;"Автомобили;Автомобили>>>Новые";Lexus LX 600 Luxury + 7S (J300) 2025 — Битурбо V6 415 л.с.;Флагманский внедорожник! Новый Lexus LX 600 в топовой комплектации Luxury с 7-местным салоном. Битурбо-V6 415 л.с. на новой платформе TNGA-F, Mark Levinson на 25 динамиков и панорамная крыша.<br />?? Цвет кузова: Черный (Obsidian Black)<br />?? Салон: Черная премиальная кожа<br />?? Двигатель: V6 3.5L Twin-Turbo бензин (415 л.с., 650 Нм)<br />?? Привод: Полный 4WD с блокировками дифференциалов<br />?? Комплектация: Luxury + 7S (7 мест, Mark Levinson, панорама)<br />?? Платформа: Новая TNGA-F (как у LC300);"Экстерьер — статус и мощь<br />Флагманский внедорожник в классическом черном цвете:<br />• Фирменная решетка радиатора Lexus с огромной веретенообразной формой<br />• Светодиодные матричные фары с тройными L-образными ДХО<br />• Легкосплавные диски 22 дюйма в эксклюзивном дизайне Luxury<br />• Панорамная стеклянная крыша с электроприводом<br />• Электропривод двери багажника с функцией Hands-Free<br />• Рейлинги на крыше и хромированные акценты<br />Интерьер Luxury + 7S<br />Салон в топовой комплектации с максимальным комфортом:<br />• 7-местная конфигурация с тремя рядами сидений<br />• Премиальная полуанилиновая кожа черного цвета<br />• 24-позиционные передние сиденья с массажем, вентиляцией и памятью<br />• Подогрев всех сидений (включая 3-й ряд) и рулевого колеса<br />• Декоративные вставки из натурального дерева Shimamoku<br />• 4-зонный климат-контроль с ионизацией воздуха nanoe™ X<br />• Премиальная аудиосистема Mark Levinson на 25 динамиков<br />Драйв и динамика<br />• Двигатель: V6 3.5L Twin-Turbo (V35A-FTS) — битурбо бензин<br />• Мощность: 415 л.с.<br />• Крутящий момент: 650 Нм<br />• Коробка передач: Direct Shift-10AT (10-ступенчатый автомат)<br />• Полный привод 4WD с понижающей передачей и блокировкой центрального дифференциала<br />• Платформа TNGA-F — первая рамная платформа Lexus с электроусилителем<br />• Система Multi-Terrain Select с 6 режимами<br />• Crawl Control — автоматическое движение по бездорожью<br />• Разгон до 100 км/ч: ~6.9 секунды<br />Технологии и безопасность (Lexus Safety System+ 3.0)<br />• Lexus Safety System+ 3.0 — последняя версия комплекса безопасности<br />• Адаптивный круиз-контроль с функцией Stop&amp;Go<br />• Система удержания в полосе и контроль слепых зон<br />• Автоматическое экстренное торможение с распознаванием пешеходов<br />• Камера кругового обзора 360° с функцией «прозрачного капота»<br />• Проекционный дисплей (Head-Up)<br />• Беспроводная зарядка, Apple CarPlay / Android Auto";https://static.tildacdn.com/stor3932-3733-4033-b031-646261643139/99264318.jpg https://static.tildacdn.com/stor6365-3131-4939-b665-633738616164/86716884.jpg;0;;;;;pN2GZP5LRaUEiDMHSTlV;;0;0;0;0;Купить Lexus LX 600 Luxury 2025 новый – V6 Twin-Turbo, 7 мест;Новый Lexus LX 600 Luxury 2025 г.в. V6 3.5L Twin-Turbo (415 л.с., 650 Нм), 7 мест, Mark Levinson 25 дин., панорама, TNGA-F. Цвет черный. В наличии.;Lexus LX 600, купить LX 600 новый, Lexus LX Luxury, LX 600 415 л.с., Lexus LX 7 мест, LX 600 Mark Levinson, Lexus LX TNGA-F;;;;;
8,59597E+11;Lexus;;;"Автомобили;Автомобили>>>Новые";Lexus LX 600 Luxury + 7S (J300) 2025 — Classic Black;лассика люкса! Новый Lexus LX 600 в топовой комплектации Luxury с 7-местным салоном. Битурбо-V6 415 л.с., платформа TNGA-F, Mark Levinson на 25 динамиков. Строгий черный кузов и черный салон — автомобиль, который никогда не выйдет из моды.<br />?? Цвет: Черный (Obsidian Black) / Черная кожа<br />?? Двигатель: V6 3.5L Twin-Turbo (415 л.с., 650 Нм)<br />?? Привод: 4WD с блокировками<br />?? Особенность: Второй экземпляр в наличии (возможна одновременная продажа двух авто для корпоративных клиентов/семьи).;"Экстерьер — статус и мощь<br />Флагманский внедорожник в классическом черном цвете:<br />• Фирменная решетка радиатора Lexus с огромной веретенообразной формой<br />• Светодиодные матричные фары с тройными L-образными ДХО<br />• Легкосплавные диски 22 дюйма в эксклюзивном дизайне Luxury<br />• Панорамная стеклянная крыша с электроприводом<br />• Электропривод двери багажника с функцией Hands-Free<br />• Рейлинги на крыше и хромированные акценты<br />Интерьер Luxury + 7S<br />Салон в топовой комплектации с максимальным комфортом:<br />• 7-местная конфигурация с тремя рядами сидений<br />• Премиальная полуанилиновая кожа черного цвета<br />• 24-позиционные передние сиденья с массажем, вентиляцией и памятью<br />• Подогрев всех сидений (включая 3-й ряд) и рулевого колеса<br />• Декоративные вставки из натурального дерева Shimamoku<br />• 4-зонный климат-контроль с ионизацией воздуха nanoe™ X<br />• Премиальная аудиосистема Mark Levinson на 25 динамиков<br />Драйв и динамика<br />• Двигатель: V6 3.5L Twin-Turbo (V35A-FTS) — битурбо бензин<br />• Мощность: 415 л.с.<br />• Крутящий момент: 650 Нм<br />• Коробка передач: Direct Shift-10AT (10-ступенчатый автомат)<br />• Полный привод 4WD с понижающей передачей и блокировкой центрального дифференциала<br />• Платформа TNGA-F — первая рамная платформа Lexus с электроусилителем<br />• Система Multi-Terrain Select с 6 режимами<br />• Crawl Control — автоматическое движение по бездорожью<br />• Разгон до 100 км/ч: ~6.9 секунды<br />Технологии и безопасность (Lexus Safety System+ 3.0)<br />• Lexus Safety System+ 3.0 — последняя версия комплекса безопасности<br />• Адаптивный круиз-контроль с функцией Stop&amp;Go<br />• Система удержания в полосе и контроль слепых зон<br />• Автоматическое экстренное торможение с распознаванием пешеходов<br />• Камера кругового обзора 360° с функцией «прозрачного капота»<br />• Проекционный дисплей (Head-Up)<br />• Беспроводная зарядка, Apple CarPlay / Android Auto";https://static.tildacdn.com/stor3161-3533-4662-b665-303836343931/2615d0b6f76c7507c2f4374e63eab0f0.jpg https://static.tildacdn.com/stor3961-3436-4531-b532-386662653965/ca5b08d70e8d5645ca8f4d5d1562c551.jpg;0;;;;;2PIfRlvJDHEeI0rffc1c;;0;0;0;0;Купить Lexus LX 600 Luxury 2025 новый – V6 Twin-Turbo, 7 мест;Новый Lexus LX 600 Luxury 2025 г.в. V6 3.5L Twin-Turbo (415 л.с., 650 Нм), 7 мест, Mark Levinson 25 дин., панорама, TNGA-F. Цвет черный. В наличии.;Lexus LX 600, купить LX 600 новый, Lexus LX Luxury, LX 600 415 л.с., Lexus LX 7 мест, LX 600 Mark Levinson, Lexus LX TNGA-F;;;;;
2,41173E+11;BMW;;;"Автомобили;Автомобили>>>Новые";BMW X7 xDrive40d M Sport Pro (G07 LCI) 2026;"<br />Автомобиль в наличии, готов к выдаче! Новый BMW X7 xDrive40d (рестайлинг G07 LCI, 2026 г.в.) в максимальной комплектации с пакетом M Sport Pro, 6-местным салоном и эксклюзивными опциями BMW Individual.<br />?? Цвет кузова: Dravite Grey Metallic<br />?? Двигатель: 3.0 дизель (340 л.с.), полный привод xDrive, АКПП 8-ст.<br />?? Пакет: M Sport Pro + Executive Drive (активные стабилизаторы)<br />?? Подвеска: Пневматическая + подруливание задних колес<br />?? Салон: 6 мест, кожа Individual (Слоновая кость/Серый), панорама Sky Lounge, массаж<br />?? Мультимедиа: Live Cockpit Pro, Bowers &amp; Wilkins, хрустальная оптика Iconic Glow";"<p style=""text-align: left;"">Экстерьер и стиль M Sport</p><p style=""text-align: left;"">Автомобиль выполнен в элегантном цвете Dravite Grey Metallic и оснащён расширенным пакетом M Sport Pro:</p><p style=""text-align: left;"">• Хрустальные фары и решётка радиатора BMW Iconic Glow с контурной подсветкой</p><p style=""text-align: left;"">• Аэродинамический обвес M Technic и легкосплавные диски V-spoke 914I</p><p style=""text-align: left;"">• Спортивный тормоз M с черными глянцевыми суппортами</p><p style=""text-align: left;"">• Рейлинги и элементы M Shadow Line</p><p style=""text-align: left;"">• Спортивная выхлопная система M</p><p style=""text-align: left;"">• Фаркоп (тягово-сцепное устройство) и автодоводчик дверей</p><p style=""text-align: left;"">Интерьер и комфорт (6-местный салон)</p><p style=""text-align: left;"">Салон обит эксклюзивной кожей BMW Individual Merino в сочетании цветов Elfenbeinwei?/Atlasgrau (Слоновая кость/Серый Атлас) с декором из карбона и стеклянными элементами Crafted Clarity:</p><p style=""text-align: left;"">• Конфиграция на 6 мест с раздельными капитанскими креслами второго ряда</p><p style=""text-align: left;"">• Панорамная стеклянная крыша Sky Lounge со светодиодной подсветкой</p><p style=""text-align: left;"">• Потолок, обтянутый премиальной Alcantara (антрацит)</p><p style=""text-align: left;"">• Индивидуальная панель приборов, обтянутая кожей</p><p style=""text-align: left;"">• Сиденья повышенного комфорта с памятью, вентиляцией и массажем</p><p style=""text-align: left;"">• Обогрев всех сидений и 5-зонный автоматический климат-контроль</p><p style=""text-align: left;"">• Автономная система отопления (предпусковой подогреватель)</p><p style=""text-align: left;"">Драйв и динамика</p><p style=""text-align: left;"">• Двигатель: 3.0 л турбодизель B57, 340 л.с. (250 кВт)</p><p style=""text-align: left;"">• Спортивная 8-ступенчатая АКПП Steptronic</p><p style=""text-align: left;"">• Полный привод xDrive</p><p style=""text-align: left;"">• Система Executive Drive (активные стабилизаторы поперечной устойчивости для идеальной плавности хода)</p><p style=""text-align: left;"">• Интегральное активное рулевое управление (подруливание задних колёс)</p><p style=""text-align: left;"">Технологии и безопасность</p><p style=""text-align: left;"">• BMW Live Cockpit Professional и проекция на лобовое стекло</p><p style=""text-align: left;"">• Аудиосистема уровня High End Bowers &amp; Wilkins</p><p style=""text-align: left;"">• Ассистент парковки Professional, Driving Assistant и ассистент движения на магистрали</p><p style=""text-align: left;"">• Адаптивные светодиодные фары с автоматическим дальним светом</p><p style=""text-align: left;"">• Пакет Comfort, Active Protection и система контроля давления в шинах</p>";https://static.tildacdn.com/stor6262-3133-4138-b965-666433613762/40e92a9cd2cc9d31d236fc4266424ed0.jpg https://static.tildacdn.com/stor3330-3662-4262-a166-623834393838/1dbbb440e79176e500631f7654fb6162.jpg;0;;;;;r9E2aYTsfdPdHEmEZAJ5;;0;0;0;0;Купить BMW X7 xDrive40d 2026 новый – цена, 6 мест, M Sport;Новый BMW X7 G07 LCI 2026 г.в. xDrive40d (340 л.с.), M Sport Pro, 6 мест, Executive Drive, пневмоподвеска, массаж. Цвет Dravite Grey. В наличии.;BMW X7 xDrive40d, BMW X7 G07 LCI 2026, BMW X7 6 мест, новый BMW X7 цена, BMW X7 M Sport Pro, BMW X7 Dravite Grey, BMW X7 Executive Drive;;;;;
1,17096E+11;BMW;;;"Автомобили;Автомобили>>>Новые";BMW X5 xDrive40d M Sport Pro (G05 LCI) 2025;"Автомобиль в наличии, готов к выдаче! Новый BMW X5 xDrive40d (рестайлинг G05 LCI, 2025 г.в.) в максимальной комплектации с пакетом M Sport Pro, третьим рядом сидений и эксклюзивными опциями BMW Individual.<br />?? Цвет кузова: Skyscraper Grey Metallic<br />?? Двигатель: 3.0 дизель (340 л.с.), полный привод xDrive, АКПП 8-ст.<br />?? Пакет: M Sport Pro + аэродинамика M Technic<br />?? Подвеска: 2-осная пневматическая + активное рулевое<br />?? Салон: Кожа Individual Black, массаж, Alcantara потолок, 7 мест<br />?? Мультимедиа: Live Cockpit Pro, Bowers &amp; Wilkins, проекция";"Экстерьер и стиль M Sport<br />Автомобиль выполнен в строгом и стильном цвете Skyscraper Grey Metallic и оснащён расширенным пакетом M Sport Pro:<br />• Решётка радиатора BMW Iconic Glow с контурной подсветкой<br />• Аэродинамический обвес M Technic и легкосплавные диски (стиль 745I)<br />• Спортивный тормоз M с красными глянцевыми суппортами<br />• Рейлинги, фонари и расширенный пакет M Shadow Line<br />• Спортивная выхлопная система M<br />• Фаркоп (тягово-сцепное устройство) и автодоводчик дверей<br />Интерьер и комфорт (7-местный салон)<br />Салон обит черной кожей BMW Individual Extended Merino с декоративными вставками Piano Black и стеклянными элементами Crafted Clarity:<br />• Третий ряд сидений (7-местная конфигурация)<br />• Потолок, обтянутый премиальной Alcantara (антрацит)<br />• Индивидуальная панель приборов, обтянутая кожей<br />• Сиденья повышенного комфорта с памятью, вентиляцией и массажем<br />• Обогрев всех сидений, 4-зонный климат-контроль и пакет ароматизации Ambient Air<br />• Солнцезащитные шторки для задних дверей и акустическое остекление<br />• Автономная система отопления (предпусковой подогреватель)<br />Драйв и динамика<br />• Двигатель: 3.0 л турбодизель B57, 340 л.с. (250 кВт)<br />• Спортивная 8-ступенчатая АКПП Steptronic<br />• Полный привод xDrive<br />• 2-осная пневматическая подвеска<br />• Интегральное активное рулевое управление (подруливание задних колёс)<br />Технологии и безопасность<br />• BMW Live Cockpit Professional и проекция на лобовое стекло<br />• Аудиосистема уровня High End Bowers &amp; Wilkins<br />• Ассистент парковки Professional и Driving Assistant (включая ассистент движения на магистрали)<br />• Адаптивные светодиодные фары с автоматическим дальним светом<br />• Пакет инноваций, Active Protection и система контроля давления в шинах";https://static.tildacdn.com/stor3963-3965-4265-a666-303636383764/2cc5cf644fa0afe2c8cfb6aa8311e210.jpg https://static.tildacdn.com/stor3137-6561-4130-a534-653765666562/0620d2119b41dffe5060e4de62374254.jpg;0;;;;;9mMYklGOy9F5pbNudvfj;;0;0;0;0;Купить BMW X5 xDrive40d 2025 новый – цена, 7 мест, M Sport;Новый BMW X5 G05 LCI 2025 г.в. xDrive40d (340 л.с.), M Sport Pro, 3 ряд сидений, пневмоподвеска, массаж. Цвет Skyscraper Grey. В наличии.;BMW X5 xDrive40d, BMW X5 G05 LCI 2025, BMW X5 7 мест, новый BMW X5 цена, BMW X5 M Sport Pro, BMW X5 Skyscraper Grey, BMW X5 Bowers Wilkins;;;;;
3,28354E+11;BMW;;;"Автомобили;Автомобили>>>Новые";BMW X7 xDrive40d M Sport Pro (G07 LCI) 2026;"Автомобиль в наличии, готов к выдаче! Новый BMW X7 xDrive40d (рестайлинг G07 LCI, 2026 г.в.) в максимальной комплектации с пакетом M Sport Pro, системой активных стабилизаторов Executive Drive Pro, хрустальной оптикой и эксклюзивным салоном.<br />?? Цвет кузова: Black Sapphire Metallic (Черный сапфир)<br />?? Двигатель: 3.0 дизель (352 л.с., 720 Нм), полный привод xDrive, АКПП 8-ст.<br />?? Пакет: M Sport Pro + 22"" диски M 913 Bicolor + фаркоп<br />?? Подвеска: Пневматическая + Executive Drive Pro + подруливание 4 колес<br />?? Салон: Кожа Merino Elfenbeinweiss (Слоновая кость), панорама Sky Lounge, массаж, 5 зон климата<br />?? Мультимедиа: Live Cockpit Pro, Bowers &amp; Wilkins Diamond, хрустальная оптика Iconic Glow";"Экстерьер и стиль M Sport<br />Статусный внедорожник выполнен в глубоком цвете Black Sapphire Metallic и оснащён расширенным пакетом M Sport Pro:<br />• Хрустальные фары и решётка радиатора BMW Iconic Glow с контурной подсветкой<br />• Аэродинамический обвес M Technic и эксклюзивные 22-дюймовые M-диски (сдвоенные спицы 913 M Bicolor) с разноразмерными шинами RunFlat<br />• Спортивный тормоз M с черными глянцевыми суппортами<br />• Рейлинги и элементы экстерьера M Shadow Line (с расширенным пакетом черных глянцевых акцентов)<br />• Спортивная выхлопная система M<br />• Фаркоп (тягово-сцепное устройство), комфортный доступ и автодоводчик дверей<br />Интерьер и комфорт<br />Роскошный салон обит эксклюзивной кожей Merino в редком и нарядном цвете Elfenbeinweiss (Слоновая кость) с декором из дерева Fineline Black с металлическим эффектом:<br />• Панорамная стеклянная крыша Sky Lounge со светодиодной подсветкой<br />• Потолок Individual, обтянутый премиальной Alcantara (антрацит)<br />• Индивидуальная панель приборов, обтянутая кожей<br />• Комфортные передние сиденья с памятью, вентиляцией и массажем<br />• Обогрев передних и задних сидений, пакет теплового комфорта<br />• 5-зонный автоматический климат-контроль<br />• Пакет ароматизации салона Ambient Air<br />• Солнцезащитные шторки для задних дверей и система Travel &amp; Comfort<br />• Автономная система отопления (предпусковой подогреватель Webasto)<br />Драйв и динамика<br />• Двигатель: 3.0 л турбодизель B57 (обновленная версия 40d), 352 л.с. (259 кВт) и 720 Нм крутящего момента<br />• Спортивная 8-ступенчатая АКПП Steptronic<br />• Полный привод xDrive<br />• Адаптивная пневматическая подвеска на обе оси<br />• Система Executive Drive Pro (активные стабилизаторы поперечной устойчивости для идеального отсутствия кренов)<br />• Интегральное активное рулевое управление (подруливание задних колёс для эталонной маневренности)<br />Технологии и безопасность<br />• BMW Live Cockpit Professional и проекция на лобовое стекло<br />• Аудиосистема уровня High-End Bowers &amp; Wilkins Diamond Surround Sound<br />• Ассистент парковки Professional и комплекс Driving Assistant Professional<br />• Адаптивные светодиодные фары с автоматическим дальним светом<br />• Пакет инноваций, Active Protection и система контроля давления в шинах<br />• Беспроводная зарядка и интеграция смартфона";https://static.tildacdn.com/stor6166-3536-4335-b936-333864363765/66d391e39da38d9ebe6e8ea92737768a.jpg https://static.tildacdn.com/stor3066-6134-4532-b539-373236666432/b560a4af02c01a9e952e47c038605dc6.jpg;0;;;;;cU6mRkBVzu5B6KvLvH2G;;0;0;0;0;Купить BMW X7 xDrive40d 2026 новый – цена, M Sport, Executive Drive;Новый BMW X7 G07 LCI 2026 г.в. xDrive40d (352 л.с.), M Sport Pro, Executive Drive, хрустальная оптика, панорама Sky Lounge, массаж. Цвет Black Sapphire. В наличии.;BMW X7 xDrive40d, BMW X7 G07 LCI 2026, новый BMW X7 цена, BMW X7 M Sport Pro, BMW X7 Executive Drive, BMW X7 Black Sapphire, BMW X7 Bowers Wilkins;;;;;
4,52502E+11;BMW;;;"Автомобили;Автомобили>>>С пробегом";BMW 740d xDrive (G70) — пробег 40 000 км;"Автомобиль в наличии, пробег 40 000 км! Флагманский BMW 7-й серии (G70) в мощной дизельной версии 40d. Черный кузов, черный салон, мультимедиа для задних пассажиров, массаж и вентиляция всех сидений.<br />?? Цвет кузова: Black Sapphire Metallic (Черный сапфир)<br />?? Пробег: 40 000 км (состояние отличное, вовремя обслужен)<br />?? Двигатель: 3.0 л дизель (286 л.с.), полный привод xDrive, АКПП 8-ст.<br />?? Пакет: M Sport + Iconic Glow + 20"" диски M 907<br />?? Салон: Кожа черная, массаж, вентиляция перед+зад, Heat Comfort<br />?? Мультимедиа: Rear-seat Entertainment, Live Cockpit Pro, Natural Interaction";"Состояние и экстерьер<br />Автомобиль с пробегом 40 000 км, полностью обслужен и находится в отличном состоянии. Выполнен в глубоком цвете Black Sapphire Metallic с пакетом M Sport:<br />• Хрустальные фары BMW Crystal Headlights Iconic Glow<br />• Решётка радиатора BMW Iconic Glow с контурной подсветкой<br />• 20-дюймовые M-диски (стиль 907 M Bicolor) с разноразмерными шинами<br />• Элегантная хромированная окантовка Chrome-line Exterior<br />• Автоматические двери с доводчиками<br />• Солнцезащитные шторки<br />Интерьер уровня флагмана<br />Салон обит роскошной черной кожей с декором из зеркального дуба Oak Grey Metallic и стеклянными элементами Crafted Clarity:<br />• Многофункциональные передние сиденья с памятью, вентиляцией и массажем<br />• Многофункциональные задние сиденья с вентиляцией и электрорегулировкой<br />• Пакет теплового комфорта спереди и сзади<br />• Система Travel &amp; Comfort<br />• Потолок Individual, обтянутый Alcantara (антрацит)<br />• Интерьерная камера для контроля салона<br />• Мультимедиа для задних пассажиров (Rear-seat Entertainment Experience)<br />Драйв и динамика<br />• Двигатель: 3.0 л турбодизель с технологией MHEV (48V)<br />• Мощность: 286 л.с.<br />• Спортивная 8-ступенчатая АКПП Steptronic<br />• Полный привод xDrive<br />• Интегральное активное рулевое управление (подруливание задних колёс)<br />• Система рекуперации энергии<br />Технологии и безопасность<br />• BMW Live Cockpit Professional<br />• Система BMW Natural Interaction (голосовое управление с естественным языком)<br />• Ассистент парковки Professional и комплекс Driving Assistant Professional<br />• Адаптивные светодиодные фары<br />• Персональная eSIM 5G и Connected Package Professional<br />• Беспроводная зарядка";https://static.tildacdn.com/stor3430-3137-4033-b065-623266336363/f02310e60e44f9b69ecbc393d9e0441a.jpg https://static.tildacdn.com/stor3733-3465-4633-b066-343939353630/cf7f4eccd7a3145765487c2c955d7ab4.jpg;0;;;;;h6kvcSmd5YBI5zE4f5o7;;0;0;0;0;BMW 740d xDrive 2023 с пробегом 40 000 км – M Sport, массаж;BMW 7-серии G70 2023 г.в. 740d xDrive с пробегом 40 000 км. Дизель 3.0 (286 л.с.), M Sport, хрустальные фары, массаж, вентиляция всех сидений. В наличии.;BMW 740d, BMW 7 G70, BMW 7-серии с пробегом, BMW 740d 40000 км, купить BMW 740d, BMW 7 M Sport, BMW 7 массаж;;;;;
4,77042E+11;BMW;;;"Автомобили;Автомобили>>>Новые";BMW X5 xDrive40d M Sport Pro (G05 LCI) 2025;"Автомобиль в наличии, готов к выдаче! Новый BMW X5 xDrive40d (рестайлинг G05 LCI, 2025 г.в.) в максимальной комплектации с пакетом M Sport Pro и эксклюзивными опциями BMW Individual.<br />?? Цвет кузова: Black Sapphire Metallic<br />?? Двигатель: 3.0 дизель (340 л.с.), полный привод xDrive, АКПП 8-ст.<br />?? Пакет: M Sport Pro + аэродинамика M Technic<br />?? Подвеска: 2-осная пневматическая + активное рулевое<br />?? Салон: Кожа Individual Merino Tartufo, панорама Sky Lounge, массаж<br />?? Мультимедиа: Live Cockpit Pro, Bowers &amp; Wilkins, проекция";"Экстерьер и стиль M Sport<br />Автомобиль выполнен в глубоком цвете Black Sapphire Metallic и оснащён расширенным пакетом M Sport Pro:<br />• Решётка радиатора BMW Iconic Glow с контурной подсветкой<br />• Аэродинамический обвес M Technic и 22-дюймовые легкосплавные диски (V-spoke 747M)<br />• Спортивный тормоз M с красными глянцевыми суппортами<br />• Рейлинги и фонари M Shadow Line<br />• Спортивная выхлопная система M<br />• Комфортный доступ и автодоводчик дверей<br />Интерьер и комфорт<br />Салон обит кожей BMW Individual Extended Merino в цвете Tartufo с декоративными вставками из карбона и эксклюзивными стеклянными элементами Crafted Clarity:<br />• Панорамная стеклянная крыша Sky Lounge со светодиодной подсветкой<br />• Индивидуальная панель приборов, обтянутая кожей<br />• Сиденья повышенного комфорта с памятью, вентиляцией и массажем (передние и задние)<br />• 4-зонный автоматический климат-контроль и пакет ароматизации Ambient Air<br />• Подстаканники с поддержкой температуры и система Travel &amp; Comfort<br />• Кожаное рулевое колесо M-спорт и M-ремни безопасности<br />Драйв и динамика<br />• Двигатель: 3.0 л турбодизель B57, 340 л.с. (250 кВт)<br />• Спортивная 8-ступенчатая АКПП Steptronic<br />• Полный привод xDrive<br />• 2-осная пневматическая подвеска<br />• Интегральное активное рулевое управление (подруливание задних колёс)<br />• Автономная система отопления (предпусковой подогреватель)<br />Технологии и безопасность<br />• BMW Live Cockpit Professional и проекция на лобовое стекло<br />• Аудиосистема уровня High End Bowers &amp; Wilkins<br />• Беспроводная зарядка, интеграция смартфона и персональная eSIM<br />• Адаптивные светодиодные фары с автоматическим дальним светом<br />• Ассистент парковки Professional и Driving Assistant<br />• Пакет инноваций и Active Protection";https://static.tildacdn.com/stor3266-3564-4433-b634-363163333032/b7a5350a949329184efc8aaebd4d8cf8.jpg https://static.tildacdn.com/stor3132-3834-4138-b731-616364323634/4eb1ad21c28fb1428ed30676a6b04589.jpg;0;;;;;FaKct6DKnRkdGz0VPpEI;;0;0;0;0;Купить BMW X5 xDrive40d 2025 новый – цена, комплектация M Sport;Новый BMW X5 G05 LCI 2025 г.в. с дизелем 3.0 (340 л.с.), полным приводом, пневмоподвеской и M Sport Pro. Цвет Black Sapphire, салон Tartufo. В наличии.;BMW X5 xDrive40d, BMW X5 G05 LCI 2025, новый BMW X5 цена, BMW X5 M Sport Pro, купить BMW X5 дизель 340, BMW X5 Black Sapphire, BMW X5 Bowers Wilkins;;;;;
5,58932E+11;BMW;;;"Автомобили;Автомобили>>>С пробегом";BMW X5 xDrive30d M Sport (G05 LCI) — Brooklyn Grey, пробег 5 000 км;"Автомобиль в наличии, пробег 5 000 км! Новый BMW X5 xDrive30d (рестайлинг G05 LCI, 2025 г.в.) в спортивном пакете M Sport. Стильный цвет Brooklyn Grey, коричневый салон, 21-дюймовые диски M и 4-зонный климат-контроль.<br />?? Цвет кузова: Brooklyn Grey Metallic (Бруклин серый)<br />?? Салон: Кожа коричневая (Tartufo)<br />?? Пробег: 5 000 км (состояние нового)<br />?? Двигатель: 3.0 л дизель (286 л.с.), полный привод xDrive, АКПП 8-ст.<br />?? Пакет: M Sport + Comfort + 21"" диски M 741 Bicolor<br />?? Салон: Вентиляция, обогрев всех сидений, 4-зонный климат<br />?? Мультимедиа: Harman Kardon, Live Cockpit Pro, Driving Assistant Pro";Состояние и экстерьер<br />Автомобиль с пробегом 5 000 км, в состоянии нового. Выполнен в стильном цвете Brooklyn Grey Metallic с пакетом M Sport:<br />• 21-дюймовые M-диски (Y-spoke 741 M Bicolor) с разноразмерными шинами RunFlat<br />• Спортивный тормоз M<br />• Спортивная 8-ступенчатая АКПП Steptronic<br />• Адаптивные светодиодные фары<br />• Комфортный доступ<br />Интерьер и комфорт<br />Салон обит роскошной коричневой кожей Tartufo — идеальное сочетание с серым кузовом:<br />• Комфортные передние сиденья с памятью и вентиляцией<br />• Обогрев передних и задних сидений<br />• 4-зонный автоматический климат-контроль<br />• M-рулевое колесо с кожаной отделкой<br />• Пакет Comfort Package<br />Драйв и динамика<br />• Двигатель: 3.0 л турбодизель с технологией рекуперации<br />• Мощность: 286 л.с.<br />• Спортивная 8-ступенчатая АКПП Steptronic<br />• Полный привод xDrive<br />Технологии и безопасность<br />• BMW Live Cockpit Professional<br />• Аудиосистема Harman Kardon Surround Sound<br />• Комплекс Driving Assistant Professional<br />• Ассистент парковки Professional<br />• Персональная eSIM и Connected Package Professional;https://static.tildacdn.com/stor3563-6533-4163-a131-623537623130/4aa3bae5be2fd7df4415ff06d7ef658f.jpg https://static.tildacdn.com/stor6364-6266-4434-b634-643730323865/b8fb8da55eca49cc97ee1952adb28909.jpg;0;;;;;lh8CETLxZlKzhYfoIVkx;;0;0;0;0;BMW X5 xDrive30d 2025 с пробегом 5 000 км – M Sport, Brooklyn Grey;"BMW X5 G05 LCI 2025 г.в. с пробегом 5 000 км. xDrive30d (286 л.с.), M Sport, 21"" диски, 4-зонный климат, Harman Kardon. Цвет Brooklyn Grey/коричневый. В наличии.";BMW X5 xDrive30d, BMW X5 G05 LCI 2025, BMW X5 с пробегом 5000 км, купить BMW X5 дизель, BMW X5 M Sport, BMW X5 Brooklyn Grey, BMW X5 Harman Kardon;;;;;
5,39428E+11;BMW;;;"Автомобили;Автомобили>>>Новые";BMW X5 M Competition (F95 LCI) 2026 — 625 л.с.;"Автомобиль в наличии, готов к выдаче! Новый BMW X5 M Competition (рестайлинг F95 LCI, 2026 г.в.) — вершина линейки X5. Битурбо-V8 625 л.с., 21""/22"" кованые диски, панорама Sky Lounge, фаркоп и 4-зонный климат-контроль.<br />?? Цвет кузова: Carbonschwarz Metallic<br />?? Салон: Кожа Merino Mokka (мокко)<br />?? Двигатель: V8 4.4L битурбо (625 л.с., 750 Нм), M xDrive<br />?? Коробка: 8-ступенчатая M Steptronic<br />?? Диски: 21""/22"" M 818M Bicolor<br />?? Салон: Sky Lounge панорама, Fineline Black дерево, массаж, 4-зонный климат<br />?? Особенность: Фаркоп (редкая опция для X5 M!)<br />?? Мультимедиа: Live Cockpit Pro, Harman/Kardon, Driving Assistant Pro";"Экстерьер — M-версия флагмана<br />Спортивный SUV выполнен в глубоком цвете Carbonschwarz Metallic с полным пакетом M-агрессии:<br />• Огромные 21""/22-дюймовые кованые M-диски (звездообразные спицы 818 M Bicolor) с разноразмерными шинами<br />• Спортивная выхлопная система M с фирменным рыком V8<br />• Рейлинги M Shadow Line (черный глянец)<br />• Светодиодные фары Shadow Line Individual<br />• Адаптивные LED-фары с автоматическим дальним светом<br />• Фаркоп (тягово-сцепное устройство) — редчайшая опция для X5 M!<br />• Комфортный доступ и автодоводчик дверей<br />Интерьер уровня M Competition<br />Салон обит роскошной кожей Merino в теплом цвете Mokka с декором из дерева Fineline Black с металлическим эффектом:<br />• M многофункциональные сиденья с памятью, вентиляцией и массажем<br />• Обогрев передних и задних сидений, пакет теплового комфорта<br />• Панорамная стеклянная крыша Sky Lounge со светодиодной подсветкой<br />• 4-зонный автоматический климат-контроль<br />• M-ремни безопасности<br />• Подстаканники с регулировкой температуры<br />• Система Travel &amp; Comfort<br />• Солнцезащитные шторки<br />Драйв и динамика (M Competition)<br />• Двигатель: Битурбо V8 4.4L (S68)<br />• Мощность: 625 л.с. и 750 Нм<br />• Коробка передач: 8-ступенчатая M Steptronic с Drivelogic<br />• Полный привод M xDrive с режимами 4WD, 4WD Sport и 2WD<br />• M Sport дифференциал с электронным управлением<br />• Разгон до 100 км/ч: 3.9 секунды<br />Технологии и безопасность<br />• BMW Live Cockpit Professional<br />• Harman/Kardon Surround Sound System<br />• Ассистент парковки Professional и Driving Assistant Professional<br />• Пакет инноваций и комфорт-пакет<br />• Персональная eSIM 5G, беспроводная зарядка<br />• Зимний пакет легкосплавных дисков в комплекте!";https://static.tildacdn.com/stor3031-3266-4263-b263-393763356162/1966b19304518858552e58ccb536a58a.jpg https://static.tildacdn.com/stor3738-6162-4134-b063-386562336164/8782b30925916dfecdb5b658267c712b.jpg;0;;;;;lst36SJYDmul0sK0up0X;;0;0;0;0;Купить BMW X5 M Competition 2026 новый – 625 л.с., V8;"Новый BMW X5 M Competition F95 LCI 2026 г.в. V8 4.4L (625 л.с.), 21""/22"" диски, Sky Lounge, Harman/Kardon, фаркоп, 4-зонный климат. Цвет Carbonschwarz. В наличии.";BMW X5 M Competition, BMW X5 M 2026, купить X5 M новый, X5 M F95 LCI, BMW X5 M 625 л.с., X5 M V8, X5 M xDrive;;;;;
4,14167E+11;BMW;;;"Автомобили;Автомобили>>>Новые";BMW X5 xDrive30d M Sport Pro (G05 LCI) 2025;"Автомобиль в наличии, готов к выдаче! Новый BMW X5 xDrive30d (рестайлинг G05 LCI, 2025 г.в.) в максимальной комплектации с пакетом M Sport Pro и эксклюзивными опциями BMW Individual.<br />?? Цвет кузова: Black Sapphire Metallic<br />?? Двигатель: 3.0 дизель (286 л.с.), полный привод xDrive, АКПП 8-ст.<br />?? Пакет: M Sport Pro + аэродинамика M Technic<br />?? Подвеска: 2-осная пневматическая + активное рулевое<br />?? Салон: Кожа Individual Merino Black, панорама Sky Lounge<br />?? Мультимедиа: Live Cockpit Pro, Bowers &amp; Wilkins, проекция";"Экстерьер и стиль M Sport<br />Автомобиль выполнен в глубоком цвете Black Sapphire Metallic и оснащён расширенным пакетом M Sport Pro:<br />• Решётка радиатора BMW Iconic Glow с контурной подсветкой<br />• Аэродинамический обвес M Technic и 22-дюймовые легкосплавные диски (V-spoke 747M)<br />• Спортивный тормоз M с красными глянцевыми суппортами<br />• Рейлинги и фонари M Shadow Line<br />• Спортивная выхлопная система M<br />• Комфортный доступ и автодоводчик дверей<br />Интерьер и комфорт<br />Салон обит черной кожей BMW Individual Extended Merino с декоративными вставками Piano Black и эксклюзивными стеклянными элементами Crafted Clarity:<br />• Панорамная стеклянная крыша Sky Lounge со светодиодной подсветкой<br />• Потолок цвета «антрацит»<br />• Сиденья повышенного комфорта с памятью, вентиляцией и обогревом (передние и задние)<br />• 4-зонный автоматический климат-контроль<br />• Подстаканники с поддержкой температуры и система Travel &amp; Comfort<br />• Кожаное рулевое колесо M-спорт и M-ремни безопасности<br />Драйв и динамика<br />• Двигатель: 3.0 л турбодизель B57, 286 л.с. (210 кВт)<br />• Спортивная 8-ступенчатая АКПП Steptronic<br />• Полный привод xDrive<br />• 2-осная пневматическая подвеска<br />• Интегральное активное рулевое управление (подруливание задних колёс)<br />• Исполнение для стран с холодным климатом<br />Технологии и безопасность<br />• BMW Live Cockpit Professional и проекция на лобовое стекло<br />• Аудиосистема уровня High End Bowers &amp; Wilkins<br />• Беспроводная зарядка и интеграция смартфона<br />• Адаптивные светодиодные фары с автоматическим дальним светом<br />• Driving Assistant и система парковки Plus<br />• Active Protection и система контроля давления в шинах";https://static.tildacdn.com/stor6362-3265-4239-b534-643135343436/297e787ce3be998ada4dd4cd43aa74ff.jpg https://static.tildacdn.com/stor6264-3966-4662-b037-386433663062/42dd183f54f8922a45b7915ed8e3eba2.jpg;0;;;;;RxTkJa33uruvI5eMDgjD;;0;0;0;0;Купить BMW X5 xDrive30d 2025 новый – цена, комплектация M Sport;"Новый BMW X5 G05 LCI 2025 г.в. с дизелем 3.0 (286 л.с.), полным приводом, пневмоподвеской и M Sport Pro. Цвет Black Sapphire, аудио Bowers&amp;Wilkins. В наличии.";BMW X5 xDrive30d, BMW X5 G05 LCI 2025, новый BMW X5 цена, BMW X5 M Sport Pro, купить BMW X5 дизель, BMW X5 Black Sapphire, BMW X5 Bowers Wilkins;;;;;
7,49024E+11;BMW;;;"Автомобили;Автомобили>>>С пробегом";BMW 530i xDrive M Sport (G60) — Sophisto Grey, пробег 5 000 км;"Автомобиль в наличии, пробег 5 000 км! BMW 530i xDrive (G60, 2025 г.в.) в спортивном пакете M Sport. Редкий цвет Sophisto Grey Metallic, коричневый салон, панорамная крыша и аудиосистема Harman Kardon.<br />?? Цвет кузова: Sophisto Grey Metallic (Софисто серый)<br />?? Пробег: 5 000 км (состояние нового, вовремя обслужен)<br />?? Двигатель: 2.0 л бензин (258 л.с.), полный привод xDrive, АКПП 8-ст.<br />?? Пакет: M Sport + Iconic Glow + 20"" диски M 938<br />?? Подвеска: M Sport Suspension (спортивная заниженная)<br />?? Салон: Кожа коричневая, вентиляция, 4-зонный климат<br />?? Мультимедиа: Harman Kardon, Live Cockpit Pro, Driving Assistant Pro";Состояние и экстерьер<br />Автомобиль с пробегом 5 000 км, полностью обслужен и находится в состоянии нового. Выполнен в редком цвете Sophisto Grey Metallic и оснащён пакетом M Sport:<br />• Решётка радиатора BMW Iconic Glow с контурной подсветкой<br />• 20-дюймовые M-диски (звездообразные спицы 938 M Bicolor Jetblack) с разноразмерными шинами<br />• Пакет Iconic Glow Exterior<br />• Панорамная стеклянная крыша с электроприводом<br />• Адаптивные светодиодные фары<br />• Электропривод багажника, комфортный доступ<br />Интерьер и комфорт<br />Салон обит роскошной коричневой кожей:<br />• Комфортные передние сиденья с памятью и вентиляцией<br />• 4-зонный автоматический климат-контроль<br />• M-рулевое колесо с кожаной отделкой<br />• Сопровождающее освещение салона<br />Драйв и динамика<br />• Двигатель: 2.0 л бензин с технологией рекуперации<br />• Мощность: 258 л.с.<br />• Спортивная 8-ступенчатая АКПП Steptronic с лепестками переключения<br />• Полный привод xDrive<br />• Спортивная подвеска M Sport (заниженная)<br />• Дистанционный запуск двигателя (Remote Engine Start)<br />Технологии и безопасность<br />• BMW Live Cockpit Professional<br />• Аудиосистема Harman Kardon Surround Sound<br />• Ассистент парковки Plus и комплекс Driving Assistant Professional<br />• Адаптивные светодиодные фары с автоматическим дальним светом<br />• Индикация давления в шинах и набор для ремонта шин;https://static.tildacdn.com/stor3030-3465-4164-a635-666161363137/ba21c6a5344405b57ee395e7d5e1ddff.jpg https://static.tildacdn.com/stor3633-6237-4433-a333-306433343530/695e8791c4936c1eaf0519c78d5641e7.jpg;0;;;;;m2jZxFBkaIdnskPVjYhm;;0;0;0;0;BMW 530i xDrive 2025 с пробегом 5 000 км – M Sport, Sophisto Grey;"BMW 5-серии G60 2025 г.в. с пробегом 5 000 км. 530i xDrive (258 л.с.), M Sport, Harman Kardon, 20"" диски, Iconic Glow. Цвет Sophisto Grey. В наличии.";BMW 530i xDrive, BMW 5 G60 2025, BMW 5-серии с пробегом, BMW 530i 5000 км, купить BMW 530i, BMW 5 M Sport, BMW 5 Sophisto Grey;;;;;
3,53445E+11;BMW;;;"Автомобили;Автомобили>>>С пробегом";BMW 530i xDrive M Sport Pro (G60) — пробег 4 000 км;"Автомобиль в наличии, пробег 4 000 км! BMW 530i xDrive (G60, 2025 г.в.) в максимальной комплектации M Sport Pro. Черный кузов, коричневый салон, топовая аудиосистема Bowers &amp; Wilkins и полный пакет опций.<br />?? Цвет кузова: Black Sapphire Metallic (Черный сапфир)<br />?? Пробег: 4 000 км (состояние нового, вовремя обслужен)<br />?? Двигатель: 2.0 л бензин (258 л.с.), полный привод xDrive, АКПП 8-ст.<br />?? Пакет: M Sport Pro + Iconic Glow + 20"" диски M 939<br />?? Подвеска: M Sport Suspension (спортивная заниженная)<br />?? Салон: Кожа коричневая, вентиляция, обогрев всех сидений, 4-зонный климат<br />?? Мультимедиа: Bowers &amp; Wilkins, Live Cockpit Pro, Driving Assistant Pro";"Состояние и экстерьер<br />Автомобиль с пробегом 4 000 км, полностью обслужен и находится в состоянии нового. Выполнен в глубоком цвете Black Sapphire Metallic и оснащён расширенным пакетом M Sport Pro:<br />• Решётка радиатора BMW Iconic Glow с контурной подсветкой<br />• 20-дюймовые M-диски (стиль 939 M Bicolor Schwarzgrau) с разноразмерными шинами<br />• Спортивный тормоз M с красными глянцевыми суппортами<br />• Фонари M Shadow Line Individual<br />• Элементы экстерьера M Shadow Line (с расширенным пакетом черных глянцевых акцентов)<br />• Пакет Iconic Glow Exterior<br />• Панорамная стеклянная крыша с электроприводом<br />• Электропривод багажника, комфортный доступ<br />Интерьер и комфорт<br />Салон обит роскошной коричневой кожей с декором из темного хрома M Accent и алюминия Rhombicle:<br />• Комфортные передние сиденья с памятью, вентиляцией и обогревом<br />• Обогрев задних сидений<br />• 4-зонный автоматический климат-контроль<br />• Солнцезащитные шторки для задних дверей<br />• Потолок Individual цвета «антрацит»<br />• M-ремни безопасности и M-рулевое колесо<br />• Система Travel &amp; Comfort<br />• Интерьерная камера для контроля салона<br />Драйв и динамика<br />• Двигатель: 2.0 л бензин с технологией рекуперации<br />• Мощность: 258 л.с.<br />• Спортивная 8-ступенчатая АКПП Steptronic с лепестками переключения<br />• Полный привод xDrive<br />• Спортивная подвеска M Sport (заниженная)<br />• Дистанционный запуск двигателя (Remote Engine Start)<br />Технологии и безопасность<br />• BMW Live Cockpit Professional и проекция на лобовое стекло<br />• Аудиосистема уровня High-End Bowers &amp; Wilkins Surround Sound<br />• Ассистент парковки Plus и комплекс Driving Assistant Professional<br />• Адаптивные светодиодные фары с автоматическим дальним светом<br />• Беспроводная зарядка, персональная eSIM 5G и интеграция смартфона<br />• Active Protection для пешеходов";https://static.tildacdn.com/stor3137-6534-4530-a263-333662616239/3f3cd00d6b8e6508696e362e97324b24.jpg https://static.tildacdn.com/stor6530-3664-4462-b134-323339613431/55637e12f070528fdcd06be2c9581068.jpg;0;;;;;57TzTTlODX1A9lriRpbS;;0;0;0;0;BMW 530i xDrive 2025 с пробегом 4 000 км – M Sport Pro, Bowers;"BMW 5-серии G60 2025 г.в. с пробегом 4 000 км. 530i xDrive (258 л.с.), M Sport Pro, Bowers&amp;Wilkins, 20"" диски, Iconic Glow. Цвет Black Sapphire. В наличии.";BMW 530i xDrive, BMW 5 G60 2025, BMW 5-серии с пробегом, BMW 530i 4000 км, купить BMW 530i, BMW 5 M Sport Pro, BMW 5 Bowers Wilkins;;;;;
6,39134E+11;BMW;;;"Автомобили;Автомобили>>>С пробегом";BMW 740d xDrive (G70 LCI) — Brooklyn Grey, пробег 7 000 км;"Автомобиль в наличии, пробег 7 000 км! Флагманский BMW 7-й серии (рестайлинг G70 LCI, 2025 г.в.) в мощной дизельной версии 40d. Редкое сочетание Brooklyn Grey с вишневым салоном, двухцветная окраска (серый кузов + черная крыша).<br />?? Цвет кузова: Brooklyn Grey Metallic + черная крыша (двухцветный)<br />?? Пробег: 7 000 км (состояние нового, вовремя обслужен)<br />?? Двигатель: 3.0 л дизель (286 л.с.), полный привод xDrive, АКПП 8-ст.<br />?? Пакет: M Sport + Iconic Glow + Chrome-line + 20"" диски M 907<br />?? Салон: Кожа Individual вишневая (Tartufo), массаж, вентиляция перед+зад<br />?? Мультимедиа: Rear Multifunction Seats, Live Cockpit Pro, Natural Interaction";"<p style=""text-align: left;"">Состояние и экстерьер</p><p style=""text-align: left;"">Автомобиль с пробегом 7 000 км, полностью обслужен и находится в состоянии нового. Выполнен в редком цвете Brooklyn Grey Metallic с черной крышей (двухцветная окраска):</p><p style=""text-align: left;"">• Хрустальные фары BMW Crystal Headlights Iconic Glow</p><p style=""text-align: left;"">• Решётка радиатора BMW Iconic Glow с контурной подсветкой</p><p style=""text-align: left;"">• 20-дюймовые M-диски (стиль 907 M Bicolor) с разноразмерными шинами</p><p style=""text-align: left;"">• Элегантная хромированная окантовка Chrome-line Exterior</p><p style=""text-align: left;"">• Автоматические двери с доводчиками</p><p style=""text-align: left;"">• Солнцезащитные шторки</p><p style=""text-align: left;"">• Климат-комфортное остекление (ламинированное)</p><p style=""text-align: left;"">Интерьер уровня флагмана</p><p style=""text-align: left;"">Салон обит роскошной вишневой кожей Individual Tartufo с декором из дерева Fineline Black с металлическим эффектом и M-подписью:</p><p style=""text-align: left;"">• Многофункциональные передние сиденья с памятью, вентиляцией и массажем</p><p style=""text-align: left;"">• Многофункциональные задние сиденья с вентиляцией и электрорегулировкой</p><p style=""text-align: left;"">• Пакет теплового комфорта спереди и сзади</p><p style=""text-align: left;"">• Система Travel &amp; Comfort</p><p style=""text-align: left;"">• Потолок Individual цвета «антрацит»</p><p style=""text-align: left;"">• Интерьерная камера для контроля салона</p><p style=""text-align: left;"">• BMW Individual Interior</p><p style=""text-align: left;"">Драйв и динамика</p><p style=""text-align: left;"">• Двигатель: 3.0 л турбодизель с технологией MHEV (48V)</p><p style=""text-align: left;"">• Мощность: 286 л.с.</p><p style=""text-align: left;"">• Спортивная 8-ступенчатая АКПП Steptronic</p><p style=""text-align: left;"">• Полный привод xDrive</p><p style=""text-align: left;"">• Интегральное активное рулевое управление (подруливание задних колёс)</p><p style=""text-align: left;"">• Система рекуперации энергии</p><p style=""text-align: left;"">Технологии и безопасность</p><p style=""text-align: left;"">• BMW Live Cockpit Professional</p><p style=""text-align: left;"">• Система BMW Natural Interaction (голосовое управление с естественным языком)</p><p style=""text-align: left;"">• Ассистент парковки Professional и комплекс Driving Assistant Professional</p><p style=""text-align: left;"">• Адаптивные светодиодные фары</p><p style=""text-align: left;"">• Персональная eSIM 5G и Connected Package Professional</p>";https://static.tildacdn.com/stor3439-3732-4865-b663-623431303132/9bb50a245a85ec8c154f422d3e36bfb0.jpg https://static.tildacdn.com/stor3761-3035-4465-b637-666232616665/db334bdd174a3fba316d516ab453a80f.jpg;0;;;;;zPBI9ouNglhPaxpZSd4s;;0;0;0;0;BMW 740d xDrive 2025 с пробегом 7 000 км – Brooklyn Grey, M Sport;BMW 7-серии G70 LCI 2025 г.в. 740d xDrive с пробегом 7 000 км. Дизель 3.0 (286 л.с.), M Sport, Brooklyn Grey + черная крыша, массаж, вентиляция. В наличии.;BMW 740d, BMW 7 G70 LCI 2025, BMW 7-серии с пробегом, BMW 740d 7000 км, купить BMW 740d, BMW 7 Brooklyn Grey, BMW 7 M Sport;;;;;
2,67085E+11;BMW;;;"Автомобили;Автомобили>>>С пробегом";BMW X5 xDrive30d M Sport (G05 LCI) — Карбоншварц, пробег 4 000 км;"Автомобиль в наличии, пробег 4 000 км! Новый BMW X5 xDrive30d (рестайлинг G05 LCI, 2025 г.в.) в спортивном пакете M Sport. Черный кузов Carbonschwarz, белый салон, пневмоподвеска, панорамная крыша и Harman Kardon.<br />?? Цвет кузова: Carbonschwarz Metallic (Черный карбон)<br />?? Салон: Белый (Individual)<br />?? Пробег: 4 000 км (состояние нового)<br />?? Двигатель: 3.0 л дизель (286 л.с.), полный привод xDrive, АКПП 8-ст.<br />?? Пакет: M Sport + 21"" диски M 741 Bicolor + пневмоподвеска 2-axle<br />?? Салон: Комфортные сиденья с вентиляцией, M руль, Harman Kardon<br />?? Мультимедиа: Live Cockpit Pro, Driving Assistant Pro, панорама";Состояние и экстерьер<br />Автомобиль с пробегом 4 000 км, в состоянии нового. Выполнен в глубоком цвете Carbonschwarz Metallic с пакетом M Sport:<br />• 21-дюймовые M-диски (Y-spoke 741 M Bicolor) с разноразмерными шинами RunFlat<br />• Спортивный тормоз M<br />• Спортивная 8-ступенчатая АКПП Steptronic<br />• Панорамная стеклянная крыша с электроприводом<br />• 2-осная пневматическая подвеска<br />• Адаптивные светодиодные фары<br />• Комфортный доступ<br />Интерьер и комфорт<br />Салон обит роскошной белой кожей Individual — редкое и эффектное сочетание:<br />• Комфортные передние сиденья с памятью и вентиляцией<br />• M-рулевое колесо с кожаной отделкой<br />• Сопровождающее освещение салона<br />• Connected Drive Services<br />Драйв и динамика<br />• Двигатель: 3.0 л турбодизель с технологией рекуперации<br />• Мощность: 286 л.с.<br />• Спортивная 8-ступенчатая АКПП Steptronic<br />• Полный привод xDrive<br />• 2-осная пневматическая подвеска — идеально сочетает комфорт и управляемость<br />• Активная защита пешеходов<br />Технологии и безопасность<br />• BMW Live Cockpit Professional<br />• Аудиосистема Harman Kardon Surround Sound<br />• Комплекс Driving Assistant Professional<br />• Ассистент парковки<br />• Персональная eSIM и Connected Drive Services;https://static.tildacdn.com/stor3636-3762-4637-a466-303736656330/ef34640da3677bd1b49c433dfabdf488.jpg https://static.tildacdn.com/stor3862-3265-4430-a537-383765666466/f4c02cad81d94be1aeaf5eb775fecbe2.jpg;0;;;;;55IDJsiBSonIjIj3DyYt;;0;0;0;0;BMW X5 xDrive30d 2025 с пробегом 4 000 км – M Sport, пневмоподвеска;"BMW X5 G05 LCI 2025 г.в. с пробегом 4 000 км. xDrive30d (286 л.с.), M Sport, 21"" диски, пневмоподвеска, Harman Kardon. Цвет Carbonschwarz/белый. В наличии.";BMW X5 xDrive30d, BMW X5 G05 LCI 2025, BMW X5 с пробегом 4000 км, купить BMW X5 дизель, BMW X5 M Sport, BMW X5 пневмоподвеска, BMW X5 Carbonschwarz;;;;;
6,75144E+11;BMW;;;"Автомобили;Автомобили>>>С пробегом";BMW X5 xDrive30d M Sport (G05 LCI) — Brooklyn Grey/черный, пробег 6 000 км;"Автомобиль в наличии, пробег 6 000 км! Новый BMW X5 xDrive30d (рестайлинг G05 LCI, 2025 г.в.) в спортивном пакете M Sport. Строгое сочетание Brooklyn Grey и черного салона, пневмоподвеска, панорама и Harman Kardon.<br />?? Цвет кузова: Brooklyn Grey Metallic (Бруклин серый)<br />?? Салон: Кожа черная (Vernasca)<br />?? Пробег: 6 000 км (состояние нового)<br />?? Двигатель: 3.0 л дизель (286 л.с.), полный привод xDrive, АКПП 8-ст.<br />?? Пакет: M Sport + Innovation + Comfort + 21"" диски M 741<br />?? Подвеска: 2-осная пневматическая<br />?? Салон: Вентиляция, обогрев всех сидений, M аэродинамика<br />?? Мультимедиа: Harman Kardon, Live Cockpit Pro, Driving Assistant Pro";"Состояние и экстерьер<br />Автомобиль с пробегом 6 000 км, в состоянии нового. Выполнен в стильном цвете Brooklyn Grey Metallic с пакетом M Sport и M аэродинамическим пакетом:<br />• 21-дюймовые M-диски (Y-spoke 741 M Bicolor) с разноразмерными шинами RunFlat<br />• Спортивный тормоз M<br />• Спортивная 8-ступенчатая АКПП Steptronic<br />• Панорамная стеклянная крыша с электроприводом<br />• 2-осная пневматическая подвеска<br />• Адаптивные светодиодные фары<br />• Комфортный доступ<br />Интерьер и комфорт<br />Салон обит черной кожей — строгий и практичный выбор:<br />• Комфортные передние сиденья с памятью и вентиляцией<br />• Обогрев передних и задних сидений<br />• M-рулевое колесо с кожаной отделкой<br />• Пакет Comfort Package и Innovation Package<br />• Система Travel &amp; Comfort<br />Драйв и динамика<br />• Двигатель: 3.0 л турбодизель с технологией рекуперации<br />• Мощность: 286 л.с.<br />• Спортивная 8-ступенчатая АКПП Steptronic<br />• Полный привод xDrive<br />• 2-осная пневматическая подвеска — идеально сочетает комфорт и управляемость<br />Технологии и безопасность<br />• BMW Live Cockpit Professional<br />• Аудиосистема Harman Kardon Surround Sound<br />• Комплекс Driving Assistant Professional<br />• Ассистент парковки Professional<br />• Персональная eSIM и Connected Package Professional";https://static.tildacdn.com/stor6631-3731-4363-b464-626166623032/bb0cc08d5dffb2ef7e95df598d977b05.jpg https://static.tildacdn.com/stor6631-3431-4231-a133-323038376430/c960437b3c7e5b73c988db84cb9c06b6.jpg;0;;;;;UUcGxXHYFK2A69VhvOVV;;0;0;0;0;BMW X5 xDrive30d 2025 с пробегом 6 000 км – M Sport, пневмоподвеска;"BMW X5 G05 LCI 2025 г.в. с пробегом 6 000 км. xDrive30d (286 л.с.), M Sport, 21"" диски, пневмоподвеска, Harman Kardon. Цвет Brooklyn Grey/черный. В наличии.";BMW X5 xDrive30d, BMW X5 G05 LCI 2025, BMW X5 с пробегом 6000 км, купить BMW X5 дизель, BMW X5 M Sport, BMW X5 Brooklyn Grey, BMW X5 пневмоподвеска;;;;;
5,19847E+11;BMW;;;"Автомобили;Автомобили>>>С пробегом";BMW X5 xDrive40d M Sport Pro (G05 LCI) — 340 л.с., Iconic Glow, пробег 5 000 км;"Автомобиль в наличии, пробег 5 000 км! Новый BMW X5 xDrive40d (рестайлинг G05 LCI, 2025 г.в.) в максимальной комплектации M Sport Pro с мощнейшим дизелем 340 л.с. Черный кузов, коричневый салон, решетка Iconic Glow, пневмоподвеска и подруливание задних колес.<br />?? Цвет кузова: Carbonschwarz Metallic (Черный карбон)<br />?? Салон: Кожа коричневая (Tartufo)<br />?? Пробег: 5 000 км (состояние нового)<br />?? Двигатель: 3.0 л дизель (340 л.с., 720 Нм), полный привод xDrive<br />?? Пакет: M Sport Pro + Iconic Glow + 22"" диски M 742<br />?? Подвеска: 2-осная пневмоподвеска + подруливание задних колес<br />?? Салон: Вентиляция, массаж, 4-зонный климат, Sky Lounge<br />?? Мультимедиа: Harman Kardon, Live Cockpit Pro, Driving Assistant Pro";"Состояние и экстерьер<br />Автомобиль с пробегом 5 000 км, в состоянии нового. Выполнен в глубоком цвете Carbonschwarz Metallic с максимальным пакетом M Sport Pro:<br />• Решётка радиатора BMW Iconic Glow с контурной подсветкой<br />• 22-дюймовые M-диски (сдвоенные спицы 742 M) с разноразмерными шинами<br />• Спортивный тормоз M с красными глянцевыми суппортами<br />• Фонари M Shadow Line Individual<br />• Рейлинги M Shadow Line (черный глянец)<br />• Панорамная стеклянная крыша Sky Lounge со светодиодной подсветкой<br />• Спортивная выхлопная система M<br />• Солнцезащитные шторки для задних дверей<br />• Комфортный доступ и автодоводчик дверей<br />Интерьер и комфорт<br />Салон обит роскошной коричневой кожей с декором из черного рояльного лака (Piano Finish Black) и стеклянными элементами Crafted Clarity:<br />• Комфортные передние сиденья с памятью и вентиляцией<br />• Обогрев передних и задних сидений, пакет теплового комфорта<br />• 4-зонный автоматический климат-контроль<br />• M-ремни безопасности и M-рулевое колесо<br />• Подстаканники с регулировкой температуры<br />• Система Travel &amp; Comfort<br />• Потолок Individual цвета «антрацит»<br />Драйв и динамика<br />• Двигатель: 3.0 л турбодизель с технологией рекуперации<br />• Мощность: 340 л.с. и 720 Нм крутящего момента<br />• Спортивная 8-ступенчатая АКПП Steptronic<br />• Полный привод xDrive<br />• 2-осная пневматическая подвеска<br />• Интегральное активное рулевое управление (подруливание задних колёс)<br />• Разгон до 100 км/ч: ~5.7 секунды<br />Технологии и безопасность<br />• BMW Live Cockpit Professional<br />• Аудиосистема Harman Kardon Surround Sound<br />• Комплекс Driving Assistant Professional<br />• Ассистент парковки Professional<br />• Беспроводная зарядка, персональная eSIM 5G<br />• Система управления жестами BMW (Gesture Control)<br />• Пакет инноваций и комфорт-пакет";https://static.tildacdn.com/stor6439-3666-4861-a238-343631386631/0d30f485906f95d8553c28b937cd3c17.jpg https://static.tildacdn.com/stor3936-3236-4739-a531-303734333836/05e2dc4f15079dd911d4c22c4716b3c9.jpg;0;;;;;zGF0XV5C5aBXIIf3iArb;;0;0;0;0;BMW X5 xDrive40d 2025 с пробегом 5 000 км – M Sport Pro, 340 л.с.;"BMW X5 G05 LCI 2025 г.в. с пробегом 5 000 км. xDrive40d (340 л.с., 720 Нм), M Sport Pro, Iconic Glow, 22"" диски, пневмоподвеска, подруливание. В наличии.";BMW X5 xDrive40d, BMW X5 G05 LCI 2025, BMW X5 с пробегом 5000 км, купить BMW X5 дизель 40d, BMW X5 M Sport Pro, BMW X5 Iconic Glow, BMW X5 340 л.с.;;;;;
7,03542E+11;BMW;;;"Автомобили;Автомобили>>>С пробегом";BMW X5 xDrive40d M Sport Pro (G05 LCI) — пробег 26 000 км 2024;"Автомобиль в наличии, пробег 26 000 км! Фактически новый BMW X5 xDrive40d (рестайлинг G05 LCI, 2024 г.в.) в идеальном состоянии. Максимальная комплектация с пакетом M Sport Pro, панорамой Sky Lounge, топовым аудио и управлением жестами.<br />?? Цвет кузова: Carbon Black Metallic<br />?? Пробег: 26 000 км (состояние нового авто, вовремя обслужен)<br />?? Двигатель: 3.0 дизель (340 л.с.), полный привод xDrive, АКПП 8-ст.<br />?? Пакет: M Sport Pro + фаркоп + аэродинамика M Technic<br />?? Салон: Кожа Individual Tartufo, панорама Sky Lounge, массаж, декор Fineline<br />?? Мультимедиа: Live Cockpit Pro, Bowers &amp; Wilkins, управление жестами";"Состояние и экстерьер<br />Автомобиль с пробегом 26 000 км, полностью обслужен и находится в состоянии нового. Выполнен в глубоком цвете Carbon Black Metallic (на солнце отливает благородным синим) и оснащён агрессивным пакетом M Sport Pro:<br />• Решётка радиатора BMW Iconic Glow с контурной подсветкой<br />• Аэродинамический обвес M Technic и легкосплавные диски BMW (многоспицевые, стиль 745I)<br />• Спортивные тормоза M<br />• Рейлинги и фонари M Shadow Line<br />• Спортивная выхлопная система M<br />• Фаркоп (тягово-сцепное устройство), комфортный доступ и автодоводчик дверей<br />Интерьер и комфорт<br />Салон обит роскошной кожей BMW Individual в цвете Tartufo с эксклюзивными вставками из дерева Fineline с металлическим эффектом и стеклянными элементами Crafted Clarity:<br />• Панорамная стеклянная крыша Sky Lounge со светодиодной подсветкой<br />• Потолок, обтянутый премиальной Alcantara (антрацит)<br />• Индивидуальная панель приборов, обтянутая кожей<br />• Многофункциональные сиденья M-спорт с памятью, вентиляцией и массажем<br />• Обогрев всех сидений, 4-зонный климат-контроль и пакет ароматизации Ambient Air<br />• Солнцезащитные шторки для задних дверей, акустическое остекление и система Travel &amp; Comfort<br />Драйв и динамика<br />• Двигатель: 3.0 л турбодизель B57, 340 л.с. (250 кВт)<br />• Спортивная 8-ступенчатая АКПП Steptronic<br />• Полный привод xDrive<br />• 2-осная пневматическая подвеска<br />• Интегральное активное рулевое управление (подруливание задних колёс для идеальной маневренности)<br />Технологии и безопасность<br />• BMW Live Cockpit Professional и проекция на лобовое стекло<br />• Аудиосистема уровня High End Bowers &amp; Wilkins<br />• Система управления жестами BMW<br />• Беспроводная зарядка, интеграция смартфона и персональная eSIM<br />• Ассистент парковки Professional и комплекс Driving Assistant<br />• Адаптивные светодиодные фары с автоматическим дальним светом";https://static.tildacdn.com/stor3265-6165-4166-b433-363337316461/8ff348653e886ae208ce967928aac63d.jpg https://static.tildacdn.com/stor3539-6431-4361-b461-633039366565/1ac4dfdb0a721c1ff89225df4b801e48.jpg;0;;;;;kIZmag13vuCpPcJ6tFGe;;0;0;0;0;BMW X5 xDrive40d 2024 с пробегом 26 000 км – цена, M Sport;"BMW X5 G05 LCI 2024 г.в. с пробегом 26 000 км. Дизель 3.0 (340 л.с.), M Sport Pro, панорама Sky Lounge, Bowers&amp;Wilkins, массаж. Цвет Carbon Black. В наличии.";BMW X5 xDrive40d, BMW X5 G05 LCI 2024, BMW X5 с пробегом, BMW X5 26000 км, купить BMW X5 дизель, BMW X5 Carbon Black, BMW X5 M Sport Pro;;;;;
9,20719E+11;BMW;;;Автомобили;BMW XM (G09) — пробег 18 000 км 2023;"Автомобиль в наличии, пробег 18 000 км! Флагманский гибридный кроссовер BMW XM (G09, 2023 г.в.) в идеальном состоянии. Бескомпромиссная мощность 653 л.с. (V8 + электромотор), агрессивный M-дизайн и максимальный набор опций.<br />?? Цвет кузова: Carbon Black Metallic<br />?? Пробег: 18 000 км (состояние нового, вовремя обслужен)<br />?? Двигатель: V8 4.4L PHEV (653 л.с.), полный привод M xDrive, АКПП 8-ст.<br />?? Ходовая: Адаптивная подвеска M Professional + M дифференциал<br />?? Салон: Кожа Merino Black, карбон, массаж, вентиляция, 23"" диски<br />?? Мультимедиа: Live Cockpit Pro, Bowers &amp; Wilkins, решетка Iconic Glow";"Состояние и экстерьер M<br />Автомобиль с пробегом 18 000 км, полностью обслужен и находится в состоянии нового. Выполнен в глубоком цвете Carbon Black Metallic и с завода носит статус полноценного M-кара:<br />• Фирменная решётка радиатора BMW Iconic Glow с контурной подсветкой<br />• Огромные 23-дюймовые легкосплавные M-диски (звездообразные спицы 923M)<br />• Спортивный тормоз M с эксклюзивными суппортами цвета темно-синий металлик<br />• Расширенный пакет M Shadow Line (черные глянцевые акценты)<br />• Фаркоп (тягово-сцепное устройство), комфортный доступ и автодоводчик дверей<br />Интерьер и комфорт<br />Салон обит роскошной черной кожей Merino с эксклюзивными вставками из карбона:<br />• Многофункциональные сиденья M-стиль с памятью, вентиляцией и массажем<br />• Обогрев передних и задних сидений, пакет теплового комфорта<br />• Акустическое остекление и сопровождающее освещение салона<br />• Оригинальные кабели для зарядки (Professional Mode 3 и Flexible Fast Charger Mode 2)<br />• Система BMW IconicSounds Electric (футуристичное звуковое сопровождение в электро-режиме)<br />Драйв и динамика (Plug-in Hybrid)<br />• Двигатель: Битурбо V8 4.4L + электромотор, суммарная мощность 653 л.с. (480 кВт) и 800 Нм крутящего момента!<br />• Спортивная 8-ступенчатая АКПП M Steptronic<br />• Полный привод M xDrive<br />• Спортивная ходовая часть M Professional (адаптивная подвеска)<br />• M спортивный дифференциал для идеального прохождения поворотов<br />Технологии и безопасность<br />• BMW Live Cockpit Professional и система управления жестами BMW<br />• Аудиосистема уровня High End Bowers &amp; Wilkins<br />• Система парковки Plus, Driving Assistant и Active Guard<br />• Адаптивные светодиодные фары с автоматическим дальним светом<br />• Персональная eSIM и полный пакет Connected Drive Services";https://static.tildacdn.com/stor6137-6465-4564-b338-313833656465/0db3997f5bd25835e0abb7bc8169f103.jpg https://static.tildacdn.com/stor3965-6535-4361-b438-613364393239/01295ad488aa053c8ccbda699b64ff64.jpg;0;;;;;4sYcG3dzhd9YIZIvetZt;;0;0;0;0;BMW XM 2023 с пробегом 18 000 км – цена, гибрид 653 л.с.;"BMW XM G09 2023 г.в. с пробегом 18 000 км. Гибрид V8 (653 л.с.), M xDrive, карбон, массаж, Bowers&amp;Wilkins, 23"" диски. Цвет Carbon Black. В наличии.";BMW XM, BMW XM G09, BMW XM с пробегом, BMW XM 18000 км, купить BMW XM гибрид, BMW XM 653 л.с., BMW XM Carbon Black;;;;;
8,32395E+11;Mercedes-Benz;;;"Автомобили;Автомобили>>>Новые";Mercedes-Benz GLS 450 d 4MATIC AMG Line 2026;"Автомобиль в наличии, готов к выдаче! Новый Mercedes-Benz GLS 450 d 4MATIC (X167, 2026 г.в.) в максимальной 7-местной конфигурации. Флагманский внедорожник с пакетом AMG Line, 23-дюймовыми дисками, панорамной крышей и премиальной мультимедиа для задних пассажиров.<br />?? Цвет кузова: Obsidian Black Metallic (Черный обсидиан)<br />?? Двигатель: 3.0 дизель R6 (OM656), 4MATIC, 9G-TRONIC<br />?? Пакет: AMG Line + 23"" диски AMG + пневмоподвеска AIRMATIC<br />?? Салон: 7 мест, кожа Exclusive MANUFAKTUR, массаж, вентиляция всех рядов<br />?? Комфорт: MBUX Rear (экраны сзади), панорама, Webasto, серводоводчики<br />?? Мультимедиа: Burmester High-End, проекция на лобовое, AR-навигация";"Экстерьер и стиль AMG Line<br />Статусный внедорожник выполнен в глубоком цвете Obsidian Black Metallic и оснащен спортивным пакетом AMG Line:<br />• Эксклюзивные 23-дюймовые легкосплавные диски AMG (сдвоенные спицы, шины разной ширины)<br />• Аэродинамический обвес AMG (передний спойлер, накладки на пороги)<br />• Подножка с алюминиевой накладкой и резиновым точечным рифлением<br />• Панорамная сдвижная стеклянная крыша с электроприводом<br />• Тонированное остекление и проекция логотипа Mercedes-Benz через зеркала<br />• Светодиодные фары с динамическим регулированием и автоматическим дальним светом (IHC+)<br />Интерьер и комфорт (7-местный салон)<br />Роскошный салон обит натуральной кожей ""Эксклюзив"" программы MANUFAKTUR (черная/антрацит) с декором ""Плавающие линии"" (рояльный лак):<br />• 7-местная конфигурация с 3-м рядом сидений (складывается электроприводом)<br />• Мультиконтурные передние сиденья с массажем, вентиляцией и подогревом<br />• Подогрев и вентиляция задних сидений (включая подогрев 3-го ряда!)<br />• Комфортабельные подголовники повышенной комфортности<br />• Серводоводчики всех дверей<br />• Пакет комфортных функций отопления и дополнительное отопление (Webasto)<br />Задний ряд и мультимедиа (MBUX Rear)<br />Автомобиль создан для поездок с максимальным комфортом для VIP-пассажиров:<br />• Сенсорные экраны в задней части салона (Touchscreen Rear)<br />• Мультимедийная система MBUX Rear с расширенными функциями<br />• Беспроводная зарядка для смартфонов (спереди и сзади)<br />• Наушники для задних пассажиров<br />Драйв и динамика<br />• Двигатель: Рядный 6-цилиндровый дизель 3.0L (OM656) с технологией 48V (ISG)<br />• Коробка передач: Автоматическая 9G-TRONIC<br />• Полный привод 4MATIC<br />• Пневмоподвеска AIRMATIC с адаптивной системой демпфирования ADS+<br />• Топливный бак увеличенной емкости для дальних путешествий<br />Технологии и безопасность<br />• Проекционный дисплей (Head-Up) на лобовом стекле<br />• Навигация с дополненной реальностью (AR) и видеокамерой 360°<br />• Аудиосистема класса High-End (Burmester)<br />• Сканер отпечатков пальцев для быстрой загрузки профиля водителя<br />• Комплекс ассистентов: DISTRONIC PRO, мониторинг слепых зон, удержание в полосе<br />• Система KEYLESS-GO и Hands-Free доступ (открытие багажника взмахом ноги)";https://static.tildacdn.com/stor3539-3839-4838-a235-613539633062/ed53d1b225957f4640541934a5c03bd3.jpg;0;;;;;oZuxzVL3l4Xir0NXsJuO;;0;0;0;0;Купить Mercedes-Benz GLS 450 d 2026 новый – 7 мест, AMG Line;"Новый Mercedes-Benz GLS 450 d 4MATIC 2026 г.в. 7 мест, дизель R6, AMG Line, 23"" диски, панорама, MBUX Rear, массаж. Цвет Obsidian Black. В наличии.";Mercedes-Benz GLS 450 d, GLS X167 2026, новый GLS 450 d, купить GLS 7 мест, GLS AMG Line, GLS Obsidian Black, Mercedes GLS дизель;;;;;
2,73131E+11;Mercedes-Benz;;;"Автомобили;Автомобили>>>Новые";Mercedes-Benz GLS 450 d 4MATIC (X167 Рестайлинг) — флагманский 7-местный SUV;Автомобиль в наличии, готов к выдаче! Новый Mercedes-Benz GLS 450 d 4MATIC (рестайлинг X167) — топовый дизельный флагман с паровозной тягой 750 Нм и разгоном до 100 км/ч менее чем за 6 секунд. 7 полноценных мест, пневмоподвеска AIRMATIC и премиальный салон.<br />?? Двигатель: 3.0 л R6 турбодизель OM 656 M + ISG 48V (367 + 23 л.с.)<br />?? Крутящий момент: ~750 Нм (идеально для буксировки прицепа/катера)<br />?? Привод: 4MATIC постоянный полный + 9G-Tronic<br />?? Салон: 7 мест (3 ряда), пневмоподвеска AIRMATIC, 4-зонный климат<br />?? Комфорт: Массаж сидений, MBUX с проекцией, топовая шумоизоляция<br />?? Экономичность: 9-11 л/100 км на трассе благодаря Mild-Hybrid ISG;"Экстерьер и стиль<br />Флагманский полноразмерный SUV с монументальным дизайном и премиальными деталями:<br />• Светодиодные фары MULTIBEAM LED с адаптивным дальним светом<br />• Хромированные акценты и фирменная решетка радиатора Mercedes-Benz<br />• Легкосплавные диски премиум-класса (опционально до 23"")<br />• Панорамная сдвижная крыша с электроприводом<br />• Электроприводная дверь багажника с функцией Hands-Free<br />• Тонированное остекление и проекция логотипа из зеркал<br />Интерьер и комфорт (7-местный салон)<br />Роскошный салон для 7 пассажиров с максимальным уровнем комфорта:<br />• 7 полноценных мест с 3-м рядом сидений (электроприводное складывание)<br />• Пневмоподвеска AIRMATIC с адаптивной системой демпфирования ADS+ (умеет ""выпрыгивать"" из ям и гасить крены)<br />• 4-зонный климат-контроль THERMOTRONIC с ионизацией воздуха<br />• Массаж передних сидений с вентиляцией и подогревом<br />• Подогрев задних сидений (включая 3-й ряд)<br />• Премиальная шумоизоляция и акустическое остекление<br />• Кожаная отделка салона (Nappa или Exclusive)<br />• Обогрев рулевого колеса и дверных подлокотников<br />Драйв и динамика (Mild-Hybrid)<br />• Двигатель: Легендарная рядная турбо-шестерка OM 656 M объемом 3.0 л (2989 см?)<br />• Технология: Mild-Hybrid с интегрированным стартер-генератором ISG на 48V<br />• Мощность: 367 л.с. (ДВС) + 23 л.с. (электромотор для подхвата на старте)<br />• Крутящий момент: ~750 Нм (паровозная тяга для буксировки прицепа/катера)<br />• Коробка передач: 9G-Tronic (9-ступенчатый автомат)<br />• Полный привод: 4MATIC (постоянный)<br />• Разгон до 100 км/ч: менее 6 секунд<br />• Экономичность: 9-11 л/100 км на трассе благодаря системе ISG<br />Технологии и безопасность (MBUX Premium)<br />• Мультимедиа MBUX с огромными сдвоенными экранами<br />• Проекционный дисплей (Head-Up) на лобовом стекле<br />• Навигация с дополненной реальностью (AR)<br />• Камера кругового обзора 360° и система PARKTRONIC<br />• Адаптивный круиз-контроль DISTRONIC с функцией Stop&amp;Go<br />• Система удержания в полосе и контроль слепых зон<br />• Активная система экстренного торможения<br />• Интеграция смартфона (Apple CarPlay / Android Auto)<br />• Беспроводная зарядка и USB-порты по всему салону";https://static.tildacdn.com/stor3730-3232-4164-b233-336663366338/35e09154336e1c27d055afe007306a03.jpg https://static.tildacdn.com/stor3061-3432-4534-b434-613561613462/bfa4c4447ad52f00d9b53c8b2b42e133.jpg;0;;;;;uvNFtNY2ARrjYoP18rC5;;0;0;0;0;Купить Mercedes-Benz GLS 450 d 4MATIC новый – 7 мест, AIRMATIC;Новый Mercedes-Benz GLS 450 d 4MATIC (X167 рестайлинг). Дизель R6 3.0L + ISG 48V (367 л.с.), 750 Нм, 7 мест, пневмоподвеска AIRMATIC, MBUX, массаж. В наличии.;Mercedes-Benz GLS 450 d, GLS X167 рестайлинг, купить GLS новый, GLS 4MATIC, Mercedes GLS 7 мест, GLS AIRMATIC, GLS дизель 367 л.с.;;;;;
9,96044E+11;Mercedes-Benz;;;"Автомобили;Автомобили>>>Новые";Mercedes-AMG G 63 (W465 Рестайлинг) 2026 — G MANUFAKTUR MAGMO, Platinum White;"Автомобиль в наличии, пробег всего 20 км! Новый Mercedes-AMG G 63 (рестайлинг W465, 2026 г.в.) в абсолютном эксклюзиве по программе G MANUFAKTUR. Матовый черный кузов MAGMO «Черная ночь», белый платиновый салон Nappa, карбоновый пакет и зимний пакет МАКСИМУМ.<br />?? Цвет кузова: G MANUFAKTUR «Черная ночь» MAGMO (матовый черный)<br />?? Пробег: 20 км (новый, только прибыл)<br />?? Двигатель: V8 4.0L Biturbo + EQ Boost 48V, 585 л.с., 850 Нм<br />?? Пакет: AMG Night (двойной) + Carbon Package + 22"" Ludwigсburg<br />?? Салон: Кожа MANUFAKTUR Nappa Platinum White, потолок Dinamica, Energizing Plus<br />?? Зимний пакет МАКСИМУМ: Обогрев лобового стекла + Webasto + подогрев руля<br />?? Мультимедиа: MBUX Premium, экраны сзади, Distronic Pro, AMG Track Pace";Экстерьер — матовый эксклюзив G MANUFAKTUR<br />Легендарный внедорожник в редчайшем матовом цвете G MANUFAKTUR «Черная ночь» MAGMO — элитное покрытие, которое не терпит жестких моек и полировки (царапины на матовом лаке не заполировать, только перекрашивать деталь):<br />• Двойной пакет AMG Night + расширенный Night: все хромированные детали, молдинги и оптика заменены на черный глянец и затемнены<br />• Эксклюзивные 22-дюймовые кованые диски AMG в дизайне «Ludwigсburg» (черные)<br />• Полный карбоновый пакет AMG: спойлеры, накладки на кузов, корпуса зеркал, кожух запасного колеса<br />• Переключаемая система выпуска ОГ с клапанами (фирменный бас V8 по нажатию кнопки)<br />• AMG Track Pace — бортовая телеметрия для трековых заездов<br />• Тонированные стекла и люк с электроприводом<br />Интерьер — космический контраст<br />Салон выполнен в потрясающем контрасте белого платинового и черного:<br />• Обивка из кожи Nappa MANUFAKTUR белого платинового цвета — на фоне матового черного кузова смотрится просто космически (и требует предельной аккуратности от владельца!)<br />• Потолок из премиальной черной микрофибры Dinamica<br />• Карбоновый пакет: руль AMG (карбон/Dinamica) и карбоновые декоративные вставки<br />• Активные мультиконтурные сиденья PLUS: массаж, вентиляция и динамическая боковая поддержка в поворотах<br />• Обогрев передних и задних сидений, рулевого колеса и дверных подлокотников<br />• Пакет ENERGIZING PLUS + Премиум подсветка салона — синхронизирует свет, музыку, массаж и климат под настроение водителя<br />• Сенсорные экраны для задних пассажиров (MBUX Rear)<br />• Премиальная акустическая система<br />Зимний пакет МАКСИМУМ<br />Этот G 63 подготовлен к суровой зиме по максимуму:<br />• Обогрев лобового стекла — критически важная опция для зимней эксплуатации<br />• Дополнительный автономный отопитель (Webasto) с пультом ДУ — можно прогреть салон, не выходя из дома<br />• Подогрев рулевого колеса<br />• Обогрев форсунок омывателя<br />• Подогрев передних подлокотников<br />Драйв и динамика<br />• Двигатель: Битурбо V8 4.0L AMG (M177) с технологией EQ Boost 48V (мягкий гибрид)<br />• Мощность: 585 л.с. + электро-буст на старте<br />• Крутящий момент: 850 Нм<br />• Коробка передач: AMG SPEEDSHIFT TCT 9G-Tronic (9-ступенчатый гидромеханический автомат)<br />• Постоянный полный привод AMG Performance 4MATIC с тремя блокировками дифференциалов<br />• Активная подвеска AMG Active Ride Control (A22) с адаптивными амортизаторами<br />• Полуактивные стабилизаторы поперечных кренов — внедорожник проходит повороты неестественно плоско для своего центра тяжести<br />• Разгон до 100 км/ч: ~4.5 секунды<br />Технологии и безопасность<br />• Мультимедиа MBUX Premium с навигацией на базе дополненной реальности (AR)<br />• Проекционный дисплей (Head-Up) на лобовом стекле<br />• Адаптивный круиз-контроль Distronic Pro с контролем поперечного движения на перекрестках<br />• Система удержания в полосе и контроль слепых зон<br />• Камера кругового обзора 360° + фронтальная камера 180° для бездорожья<br />• Система KEYLESS-GO с Hands-Free доступом;https://static.tildacdn.com/stor3132-3563-4530-b336-383839323937/f2306be2bef961d730922c6359e78cb2.jpg https://static.tildacdn.com/stor3366-6365-4431-b135-303664316161/beaa288ec8e79f881d04afa09b752f48.jpg;0;;;;;PNVO6MNu8RX3ffh2Ypf1;;0;0;0;0;Купить Mercedes-AMG G 63 2026 новый – G MANUFAKTUR MAGMO, белый салон;Новый Mercedes-AMG G 63 (W465 рестайлинг) 2026 г.в., пробег 20 км. V8 585 л.с., матовый MAGMO, белый салон Nappa, карбон, зимний пакет. В наличии.;Mercedes-AMG G 63, Гелендваген W465 2026, купить AMG G63 новый, G 63 G MANUFAKTUR, G 63 MAGMO матовый, AMG G63 белый салон, G 63 эксклюзив;;;;;
2,20182E+11;Mercedes-Benz;;;"Автомобили;Автомобили>>>Новые";Mercedes-Benz V-Class Extra Long 4MATIC (W447 Рестайлинг 2) — VIP-люкс;"Автомобиль в наличии, пробег всего 20 км! Новый Mercedes-Benz V-Class Extra Long (W447, рестайлинг 2) — персональный люксовый лайнер в максимальной комплектации. База Extra Long (3430 мм), кожа Nappa, капитанские кресла, Burmester и матричные фары Multibeam LED.<br />?? Цвет кузова: Obsidian Black (Черный обсидиан)<br />?? Пробег: 20 км (новый, только прибыл)<br />?? Двигатель: 2.0 л турбодизель OM654 (до 237 л.с.), 9G-Tronic, 4MATIC<br />?? Кузов: Extra Long (база 3430 мм, длина &gt;5.3 м)<br />?? Салон VIP: Кожа Nappa, потолок Dinamica, капитанские кресла, массаж<br />?? Мультимедиа: MBUX, Burmester, Multibeam LED, цифровое зеркало, камеры 360°";"Экстерьер — премиальный бизнес-вэн<br />Легендарный V-Class в новейшем кузове W447 Рестайлинг 2 в глубоком цвете Obsidian Black:<br />• Матричные адаптивные фары Multibeam LED с функцией вырезания встречных машин (Highbeam Assist Plus)<br />• Две сдвижные боковые двери с электроприводом — открываются с кнопки или взмахом ноги (Hands-Free)<br />• Легкосплавные диски премиум-класса<br />• Тонированное остекление и электропривод двери багажника<br />• Хромированные акценты и элементы AMG Line (опционально)<br />Интерьер VIP-уровня (уровень S-Class)<br />Салон поражает уровнем детализации, не уступающим флагманским седанам Mercedes-Benz:<br />• Премиальная обивка сидений натуральной кожей Nappa<br />• Потолок из черной Alcantara (микроволокно Dinamica)<br />• Мультиконтурные кресла водителя и переднего пассажира с вентиляцией, массажем и электроприводом с памятью<br />• Раздельные капитанские кресла (Luxus-Sitze) второго ряда с полным электропакетом, откидными столиками и подстаканниками<br />• Многозонный климат-контроль с отдельными блоками управления для задних пассажиров<br />• Декоративная премиальная подсветка салона<br />• Цифровое салонное зеркало заднего вида (транслирует картинку с задней камеры — критически важно, когда багажник забит вещами)<br />Драйв и динамика<br />• Двигатель: Современный 2.0-литровый турбодизель OM654 — один из самых экономичных дизелей Mercedes-Benz<br />• Мощность: 190 л.с. (V 250 d) или 237 л.с. (V 300 d)<br />• Коробка передач: 9G-Tronic (9-ступенчатый автомат)<br />• Полный привод 4MATIC<br />• Кузов Extra Long с колесной базой 3430 мм (длина более 5.3 м) — максимум пространства для пассажиров и багажа<br />Технологии и безопасность<br />• Мультимедиа MBUX с интуитивным управлением и интеграцией смартфона<br />• Премиальная акустическая система Burmester Surround Sound<br />• Парковочный пакет с камерами кругового обзора 360° и автопарковщиком — управлять автобусом длиной более 5.3 метров стало легко<br />• Адаптивный круиз-контроль DISTRONIC с функцией Stop&amp;Go<br />• Система удержания в полосе, контроль слепых зон, активное экстренное торможение<br />• Система KEYLESS-GO и беспроводная зарядка для смартфона<br />• Розетки USB и 12V по всему салону";https://static.tildacdn.com/stor3164-3433-4232-b839-363537393761/d19a2313f5320363f8819c572e08edf0.jpg https://static.tildacdn.com/stor3530-6332-4737-b336-363261316530/ff6349acd80d7d6bd0dee2f72b68c127.jpg https://static.tildacdn.com/stor6333-3839-4435-a133-353766616566/95bf0f76b8a0ac5f8d8594e696ef8234.jpg;0;;;;;Lofd3HXxeIBVdXpiJcrp;;0;0;0;0;Купить Mercedes-Benz V-Class Extra Long 4MATIC 2026 новый – VIP;Новый Mercedes-Benz V-Class Extra Long (W447 рестайлинг 2). Дизель OM654, 4MATIC, кожа Nappa, капитанские кресла, Burmester, Multibeam LED. Цвет Obsidian Black. В наличии.;Mercedes-Benz V-Class Extra Long, V-Class W447 рестайлинг 2, купить V-Class новый, V-Class 4MATIC, V-Class VIP, V-Class Nappa, V-Class Burmester;;;;;
6,00291E+11;Mercedes-Benz;;;"Автомобили;Автомобили>>>Новые";Mercedes-AMG G 63 (W465 Рестайлинг) 2026 — MANUFAKTUR Classic Grey, Tow Package;"Автомобиль в наличии, пробег всего 20 км! Новый Mercedes-AMG G 63 (рестайлинг W465, 2026 г.в.) — «универсальный солдат» в конфигурации G MANUFAKTUR Classic Grey. Самый практичный Гелик из всей партии: фаркоп на 3.5 тонны, полноразмерная запаска, зимний пакет МАКСИМУМ с Webasto и фронтальная камера 180°.<br />?? Цвет кузова: G MANUFAKTUR Classic Grey (однотонный серый)<br />?? Пробег: 20 км (новый, только прибыл)<br />?? Двигатель: V8 4.0L Biturbo + EQ Boost 48V, 585 л.с., 850 Нм<br />?? Пакет: AMG Night (расширенный) + Carbon Package + 22"" Ludwigсburg<br />?? Эксклюзив: Фаркоп (шаровой палец) + полноразмерная запаска на задней двери<br />?? Салон: Кожа MANUFAKTUR Nappa черная, потолок Dinamica, Energizing Plus<br />?? Зимний пакет МАКСИМУМ: Обогрев лобового + Webasto + подогрев подлокотников<br />?? Мультимедиа: MBUX Premium, экраны сзади, USB 100W, камеры 360°+180°";Экстерьер — скрытная агрессия и практичность<br />Легендарный внедорожник в благородном однотонном цвете G MANUFAKTUR Classic Grey с расширенным пакетом внешнего тюнинга:<br />• Пакет AMG Night (расширенный): черненые хромированные элементы, темная оптика, черные надписи и эмблема «MB»<br />• Эксклюзивные 22-дюймовые кованые диски AMG в дизайне «Ludwigсburg» (черные) + расширенные колесные арки<br />• Полный карбоновый пакет AMG: руль «Карбон / Dinamica», декоративные вставки, защитные накладки<br />• Фаркоп (тягово-сцепное устройство) с шаровым пальцем — редчайшая опция для G63, позволяет легально тянуть прицеп до 3.5 тонн (катер, квадроцикл, дом на колесах)<br />• Полноразмерное запасное колесо на задней двери, кольцо кожуха покрашено в «Черный Обсидиан»<br />• Переключаемая система выпуска ОГ с клапанами (фирменный бас V8 по нажатию кнопки)<br />• Тонированные стекла и люк с электроприводом<br />Интерьер — строгий люкс<br />Салон выполнен в классической строгой концепции с максимальным комфортом:<br />• Обивка из черной полуанилиновой кожи Nappa MANUFAKTUR<br />• Потолок из премиальной черной микрофибры Dinamica<br />• Активные мультиконтурные сиденья PLUS: массаж, вентиляция и динамическая боковая поддержка в поворотах<br />• Обогрев всех сидений, рулевого колеса и передних подлокотников<br />• Пакет ENERGIZING PLUS — синхронизирует свет, музыку, массаж и климат под настроение водителя<br />• Темперируемый держатель для напитков — может охлаждать или подогревать стаканы<br />• Сенсорные экраны для задних пассажиров (MBUX Rear)<br />• USB-разъемы на 100W — зарядка ноутбуков на полной скорости<br />?? Зимний пакет МАКСИМУМ — главная особенность!<br />Этот G 63 подготовлен к суровой зиме по максимуму — опции, которых нет у большинства «европейских» версий:<br />• Обогрев лобового стекла с электроподогревом (нитки на стекле) — никаких скребков и ожиданий<br />• Дополнительный автономный отопитель (Webasto) с пультом ДУ — можно прогреть салон, не выходя из дома в -30°<br />• Подогрев рулевого колеса<br />• Подогрев передних подлокотников<br />Драйв и динамика<br />• Двигатель: Битурбо V8 4.0L AMG (M177) с технологией EQ Boost 48V (мягкий гибрид)<br />• Мощность: 585 л.с. + электро-буст на старте<br />• Крутящий момент: 850 Нм<br />• Коробка передач: AMG SPEEDSHIFT TCT 9G-Tronic (9-ступенчатый гидромеханический автомат)<br />• Постоянный полный привод AMG Performance 4MATIC с тремя блокировками дифференциалов<br />• Активная подвеска AMG Active Ride Control (A22) с адаптивными амортизаторами<br />• Полуактивные стабилизаторы поперечных кренов (SEMI ARS) — внедорожник проходит повороты неестественно плоско для своего центра тяжести<br />• Разгон до 100 км/ч: ~4.5 секунды<br />Технологии и безопасность<br />• Мультимедиа MBUX Premium с навигацией на базе дополненной реальности (AR)<br />• Проекционный дисплей (Head-Up) на лобовом стекле<br />• Адаптивный круиз-контроль Distronic Pro с контролем поперечного движения на перекрестках<br />• Система автоматического регулирования скорости по маршруту<br />• Система удержания в полосе и контроль слепых зон<br />• Камера кругового обзора 360° + фронтальная камера 180° — чтобы не разбить карбоновый бампер о бордюры при выезде из узких дворов<br />• Система KEYLESS-GO с Hands-Free доступом;https://static.tildacdn.com/stor6131-3334-4433-a661-383736313265/42e073ece614f6b29a8dddc6c9ccacb7.jpg https://static.tildacdn.com/stor6161-3232-4533-b065-356431653431/299b773d7f9f4e424e07166cfe1f13af.jpg;0;;;;;Co23SYvu7x9tUZuaoHg9;;0;0;0;0;Купить Mercedes-AMG G 63 2026 новый – фаркоп, Webasto, серый;Новый Mercedes-AMG G 63 (W465 рестайлинг) 2026 г.в., пробег 20 км. V8 585 л.с., MANUFAKTUR Classic Grey, фаркоп 3.5т, Webasto, карбон, Night. В наличии.;Mercedes-AMG G 63, Гелендваген W465 2026, купить AMG G63 новый, G 63 MANUFAKTUR, G 63 с фаркопом, AMG G63 Webasto, G 63 зимний пакет;;;;;
7,99044E+11;Mercedes-Benz;;;"Автомобили;Автомобили>>>Новые";Mercedes-Benz GLB 220 4MATIC AMG Line (X247) — Alpine Grey;Автомобиль в наличии, готов к выдаче! Новый Mercedes-Benz GLB 220 4MATIC (рестайлинг X247/X248) в спортивном пакете AMG Line. Стильный цвет Alpine Grey, мягкий гибрид EQ Boost (48V), панорамная крыша и новейшая мультимедиа MBUX Premium.<br />?? Цвет кузова: Alpine Grey (Альпийский серый)<br />?? Двигатель: 1.5 л бензин Turbo + EQ Boost 48V (190 л.с.), 8G-DCT, 4MATIC<br />?? Пакет: AMG Line + Off-Road + Premium<br />?? Салон: Спортивные сиденья AMG с памятью, подогрев всех сидений<br />?? Комфорт: Панорамная крыша, KEYLESS-GO Hands-Free, беспроводная зарядка<br />?? Мультимедиа: MBUX Premium, DISTRONIC, камера 360°, адаптивный LED-свет;Экстерьер и стиль AMG Line<br />Современный компактный SUV выполнен в элегантном цвете Alpine Grey и оснащен спортивным пакетом AMG Line, который кардинально меняет облик автомобиля:<br />• Агрессивные спортивные бампера AMG и накладки на пороги<br />• Многоспицевые легкосплавные диски AMG R19/R20 с летними шинами<br />• Полностью светодиодные адаптивные фары с автоматическим дальним светом (IHC+)<br />• Контурная подсветка решетки радиатора<br />• Анимированная проекция логотипа Mercedes-Benz из передних дверей на асфальт<br />• Стационарная панорамная стеклянная крыша<br />• Черная тканевая обивка потолка<br />Интерьер и комфорт<br />Салон сочетает спортивный характер и премиальный комфорт:<br />• Спортивные сиденья AMG с памятью настроек и регулировкой поясничного подпора<br />• Подогрев передних и задних сидений<br />• Климат-контроль и дополнительный электроотопитель 48V (для быстрого прогрева салона)<br />• Система бесключевого доступа KEYLESS-GO с функцией Hands-Free (багажник открывается взмахом ноги)<br />• Утопленные ручки дверей<br />• Беспроводная зарядка для смартфонов и пакет USB-разъемов<br />• Розетки 12V по салону<br />Драйв и динамика (Mild Hybrid)<br />• Двигатель: 1.5 л рядный 4-цилиндровый бензиновый турбомотор (M 252.915) с системой EQ Boost 48V (мягкий гибрид)<br />• Мощность: 184 л.с. (в пике до 190 л.с. с учетом электротяги)<br />• Коробка передач: 8G-DCT (8-ступенчатый «робот» с двойным сцеплением)<br />• Полный привод 4MATIC<br />• Off-Road пакет (специальные настройки трансмиссии и защита для легкого бездорожья)<br />Технологии и безопасность (Пакет Premium)<br />• Мультимедиа MBUX Premium (NTG 20X) с большим центральным дисплеем<br />• Полностью цифровая S-панель приборов<br />• Поддержка Apple CarPlay / Android Auto и цифровое радио DAB<br />• Активный круиз-контроль DISTRONIC<br />• Система удержания в полосе и активный контроль слепых зон<br />• Система предупреждения столкновений с активным торможением<br />• Камера кругового обзора 360° и активный ассистент парковки<br />• Парктроники спереди и сзади<br />• Интерьерная камера MBUX (для трекинга поездок / видеорегистратора);https://static.tildacdn.com/stor6234-3264-4630-b835-633961393165/e54c1555f79aa3f89d907cef43744118.jpg https://static.tildacdn.com/stor3534-3763-4339-a230-303638653539/b3afb4e43d6848b866a54cf079fa7c17.jpg;0;;;;;cyUczKXgYYV4pFaC1Voi;;0;0;0;0;Купить Mercedes-Benz GLB 220 4MATIC AMG Line – цена, новый GLB;Новый Mercedes-Benz GLB 220 4MATIC AMG Line. Бензин 1.5 л EQ Boost 48V (190 л.с.), панорама, MBUX Premium, DISTRONIC, 360°. Цвет Alpine Grey. В наличии.;Mercedes-Benz GLB 220, GLB X247 AMG Line, купить GLB новый, GLB 4MATIC, Mercedes GLB Alpine Grey, GLB EQ Boost, GLB панорамная крыша;;;;;
3,96279E+11;Mercedes-Benz;;;"Автомобили;Автомобили>>>Новые";Mercedes-Benz GLB 200 4MATIC Progressive (X248) 2026 — Spectral Blue;Автомобиль в наличии, пробег всего 20 км! Абсолютно новый Mercedes-Benz GLB 200 4MATIC (рестайлинг X248, 2026 г.в.) только сошел с автовоза. Элегантный цвет Spectral Blue Metallic, мягкий гибрид EQ Boost, панорамная крыша и полный пакет помощи водителю.<br />?? Цвет кузова: Spectral Blue Metallic (Голубой металлик)<br />?? Пробег: 20 км (новый, не эксплуатировался)<br />?? Двигатель: 1.5 л бензин Turbo + EQ Boost 48V (~193 л.с.), 8G-DCT, 4MATIC<br />?? Комплектация: Progressive / Premium<br />?? Салон: Доводчики дверей, двухзонный THERMOTRONIC, цифровая приборка<br />?? Мультимедиа: MBUX, камера 360°, полный пакет ассистентов, панорама;"Экстерьер и стиль<br />Современный премиальный SUV выполнен в свежем и элегантном цвете Spectral Blue Metallic и отличается утонченным дизайном без спортивных акцентов:<br />• Полностью светодиодные фары High Performance<br />• Стационарная панорамная стеклянная крыша с электроприводом<br />• Система мягкого закрывания дверей (доводчики)<br />• Элегантные линии кузова и хромированные акценты<br />• Легкосплавные диски премиум-класса<br />Интерьер и комфорт<br />Салон сочетает современные технологии и премиальный комфорт:<br />• Цифровая приборная панель Virtual Cockpit<br />• Двухзонный климат-контроль THERMOTRONIC<br />• Просторный салон с удобной посадкой и отличной обзорностью<br />• Качественные отделочные материалы и продуманная эргономика<br />• Система бесключевого доступа и запуска двигателя<br />Драйв и динамика (Mild Hybrid)<br />• Двигатель: 1.5 л рядный 4-цилиндровый бензиновый турбомотор (M 252.915) с системой EQ Boost 48V (мягкий гибрид)<br />• Мощность: 163 л.с. (ДВС) + 30 л.с. (электромотор) = системная мощность ~193 л.с.<br />• Коробка передач: 8G-DCT (8-ступенчатый «робот» с двойным сцеплением)<br />• Полный привод 4MATIC<br />• Экономичность и плавность хода благодаря гибридной системе<br />Технологии и безопасность (Полный пакет ассистентов)<br />• Мультимедиа MBUX последнего поколения с интуитивным управлением<br />• Активный круиз-контроль с функцией Stop&amp;Go<br />• Система удержания в полосе и активный контроль слепых зон<br />• Система предупреждения столкновений с активным торможением<br />• Камера кругового обзора 360° и активный ассистент парковки<br />• Парктроники спереди и сзади<br />• Интеграция смартфона (Apple CarPlay / Android Auto)";https://static.tildacdn.com/stor6134-6338-4634-a232-366261656566/7dcb251a53a13de01534d2520283f9c1.jpg https://static.tildacdn.com/stor3830-3563-4930-b330-313164303463/fa25d65946603107b9f27327ba95023f.jpg;0;;;;;6lIUbMRD8Y4nrxmMH83c;;0;0;0;0;Купить Mercedes-Benz GLB 200 4MATIC 2026 новый – голубой, панорама;Новый Mercedes-Benz GLB 200 4MATIC 2026 г.в., пробег 20 км. Цвет Spectral Blue, гибрид EQ Boost, панорама, MBUX, камера 360°, ассистенты. В наличии.;Mercedes-Benz GLB 200, GLB X248 2026, купить GLB новый, GLB 4MATIC, Mercedes GLB голубой, GLB EQ Boost, GLB панорамная крыша;;;;;
3,87613E+11;Mercedes-Benz;;;"Автомобили;Автомобили>>>Новые";Mercedes-Benz GLB 220 4MATIC AMG Line (X247) — Spectral Blue;Автомобиль в наличии, готов к выдаче! Новый Mercedes-Benz GLB 220 4MATIC (рестайлинг X247/X248) в спортивном пакете AMG Line. Редкий и эффектный цвет Spectral Blue Metallic, мягкий гибрид EQ Boost (48V), панорамная крыша и новейшая мультимедиа MBUX Premium.<br />?? Цвет кузова: Spectral Blue Metallic (Спектральный синий)<br />?? Двигатель: 1.5 л бензин Turbo + EQ Boost 48V (190 л.с.), 8G-DCT, 4MATIC<br />?? Пакет: AMG Line + Off-Road + Premium<br />?? Салон: Спортивные сиденья AMG с памятью, подогрев всех сидений<br />?? Комфорт: Панорамная крыша, KEYLESS-GO Hands-Free, беспроводная зарядка<br />?? Мультимедиа: MBUX Premium, DISTRONIC, камера 360°, адаптивный LED-свет;Экстерьер и стиль AMG Line<br />Современный компактный SUV выполнен в глубоком и эффектном цвете Spectral Blue Metallic и оснащен спортивным пакетом AMG Line, который кардинально меняет облик автомобиля:<br />• Агрессивные спортивные бампера AMG и накладки на пороги<br />• Многоспицевые легкосплавные диски AMG R19/R20 с летними шинами<br />• Полностью светодиодные адаптивные фары с автоматическим дальним светом (IHC+)<br />• Контурная подсветка решетки радиатора<br />• Анимированная проекция логотипа Mercedes-Benz из передних дверей на асфальт<br />• Стационарная панорамная стеклянная крыша<br />• Черная тканевая обивка потолка<br />Интерьер и комфорт<br />Салон сочетает спортивный характер и премиальный комфорт:<br />• Спортивные сиденья AMG с памятью настроек и регулировкой поясничного подпора<br />• Подогрев передних и задних сидений<br />• Климат-контроль и дополнительный электроотопитель 48V (для быстрого прогрева салона)<br />• Система бесключевого доступа KEYLESS-GO с функцией Hands-Free (багажник открывается взмахом ноги)<br />• Утопленные ручки дверей<br />• Беспроводная зарядка для смартфонов и пакет USB-разъемов<br />• Розетки 12V по салону<br />Драйв и динамика (Mild Hybrid)<br />• Двигатель: 1.5 л рядный 4-цилиндровый бензиновый турбомотор (M 252.915) с системой EQ Boost 48V (мягкий гибрид)<br />• Мощность: 184 л.с. (в пике до 190 л.с. с учетом электротяги)<br />• Коробка передач: 8G-DCT (8-ступенчатый «робот» с двойным сцеплением)<br />• Полный привод 4MATIC<br />• Off-Road пакет (специальные настройки трансмиссии и защита для легкого бездорожья)<br />Технологии и безопасность (Пакет Premium)<br />• Мультимедиа MBUX Premium (NTG 20X) с большим центральным дисплеем<br />• Полностью цифровая S-панель приборов<br />• Поддержка Apple CarPlay / Android Auto и цифровое радио DAB<br />• Активный круиз-контроль DISTRONIC<br />• Система удержания в полосе и активный контроль слепых зон<br />• Система предупреждения столкновений с активным торможением<br />• Камера кругового обзора 360° и активный ассистент парковки<br />• Парктроники спереди и сзади<br />• Интерьерная камера MBUX (для трекинга поездок / видеорегистратора);https://static.tildacdn.com/stor3465-3739-4133-a464-306265306366/8e5d7c4000bb0d7a5bd761a57c502377.jpg https://static.tildacdn.com/stor3465-3063-4362-a337-393239376362/bcfdae7841b54b15e75bdc85b780a30f.jpg;0;;;;;GuT7BUXLVCrOfj4cmUi0;;0;0;0;0;Купить Mercedes-Benz GLB 220 4MATIC AMG Line – синий, новый GLB;Новый Mercedes-Benz GLB 220 4MATIC AMG Line. Цвет Spectral Blue Metallic. Бензин 1.5 л EQ Boost 48V (190 л.с.), панорама, MBUX Premium, DISTRONIC. В наличии.;Mercedes-Benz GLB 220, GLB X247 AMG Line, купить GLB новый, GLB 4MATIC синий, Mercedes GLB Spectral Blue, GLB EQ Boost, GLB панорамная крыша;;;;;
3,31524E+11;Mercedes-Benz;;;"Автомобили;Автомобили>>>Новые";Mercedes-Benz GLB 200 4MATIC Progressive (X248) 2026 — Iridium Silver;Автомобиль в наличии, пробег всего 20 км! Абсолютно новый Mercedes-Benz GLB 200 4MATIC (рестайлинг X248, 2026 г.в.) только сошел с автовоза. Универсальный серебристый цвет Iridium Silver, мягкий гибрид EQ Boost, панорамная крыша и полный пакет ассистентов.<br />?? Цвет кузова: Iridium Silver Metallic (Серебристый иридиум)<br />?? Пробег: 20 км (новый, не эксплуатировался)<br />?? Двигатель: 1.5 л бензин Turbo + EQ Boost 48V (~184 л.с.), 8G-DCT, 4MATIC<br />?? Комплектация: Progressive / Premium<br />?? Салон: Доводчики дверей, двухзонный THERMOTRONIC, цифровая приборка<br />?? Мультимедиа: MBUX, камера 360°, полный пакет ассистентов, панорама;"Экстерьер и стиль<br />Современный премиальный SUV выполнен в элегантном и практичном цвете Iridium Silver Metallic и отличается утонченным дизайном:<br />• Полностью светодиодные фары High Performance с адаптивным дальним светом<br />• Стационарная панорамная стеклянная крыша с электроприводом<br />• Система мягкого закрывания дверей (доводчики)<br />• Элегантные линии кузова и хромированные акценты<br />• Легкосплавные диски премиум-класса<br />Интерьер и комфорт<br />Салон сочетает современные технологии и премиальный комфорт:<br />• Цифровая приборная панель Virtual Cockpit<br />• Двухзонный климат-контроль THERMOTRONIC<br />• Просторный салон с удобной посадкой и отличной обзорностью<br />• Качественные отделочные материалы и продуманная эргономика<br />• Система бесключевого доступа и запуска двигателя<br />Драйв и динамика (Mild Hybrid)<br />• Двигатель: 1.5 л рядный 4-цилиндровый бензиновый турбомотор (M 252.915) с системой EQ Boost 48V (мягкий гибрид)<br />• Мощность: 163 л.с. (ДВС) + 30 л.с. (электромотор) = системная мощность ~184 л.с.<br />• Коробка передач: 8G-DCT (8-ступенчатый «робот» с двойным сцеплением)<br />• Полный привод 4MATIC<br />• Экономичность и плавность хода благодаря гибридной системе<br />Технологии и безопасность (Полный пакет ассистентов)<br />• Мультимедиа MBUX последнего поколения с интуитивным управлением<br />• Активный круиз-контроль DISTRONIC с функцией Stop&amp;Go<br />• Система удержания в полосе и активный контроль слепых зон<br />• Система предупреждения столкновений с активным торможением<br />• Камера кругового обзора 360° и активный ассистент парковки<br />• Парктроники спереди и сзади<br />• Интеграция смартфона (Apple CarPlay / Android Auto)";https://static.tildacdn.com/stor3166-6633-4462-b034-646566373532/fb7f243dff767f0d3531d31482a49e40.jpg https://static.tildacdn.com/stor6265-3637-4864-b161-623732316264/42d3837db4fc00087bc919a40a664e52.jpg;0;;;;;dgz260vRXOIy7np6nIO5;;0;0;0;0;Купить Mercedes-Benz GLB 200 4MATIC 2026 новый – серебристый, панорама;Новый Mercedes-Benz GLB 200 4MATIC 2026 г.в., пробег 20 км. Цвет Iridium Silver, гибрид EQ Boost, панорама, MBUX, камера 360°, ассистенты. В наличии.;Mercedes-Benz GLB 200, GLB X248 2026, купить GLB новый, GLB 4MATIC серебристый, Mercedes GLB Iridium Silver, GLB EQ Boost, GLB панорамная крыша;;;;;
7,58136E+11;Mercedes-Benz;;;"Автомобили;Автомобили>>>Новые";Mercedes-Benz CLE 300 4MATIC Cabriolet AMG Line Premium (A236) — Obsidian Black;Автомобиль в наличии, пробег всего 20 км! Абсолютно новый Mercedes-Benz CLE 300 4MATIC Cabriolet (A236, 2026 г.в.) в топовой комплектации AMG Line Premium. Глубокий цвет Obsidian Black Metallic, полный привод, пакет для кабриолета AIRSCARF + AIRCAP и премиальная акустика Burmester 3D.<br />?? Цвет кузова: Obsidian Black Metallic (Черный обсидиан)<br />?? Пробег: 20 км (новый, только прибыл)<br />?? Двигатель: 2.0 л бензин Turbo + EQ Boost 48V (258 л.с.), 9G-Tronic, 4MATIC<br />?? Комплектация: AMG Line Premium<br />?? Кабриолет: Тканевый верх с шумоизоляцией, AIRSCARF, AIRCAP, ветрозащитная перегородка<br />?? Мультимедиа: MBUX Premium, Burmester 3D Surround, Head-Up, камеры 360;"Экстерьер и стиль AMG Line<br />Современный кабриолет выполнен в глубоком цвете Obsidian Black Metallic и оснащен спортивным пакетом AMG Line:<br />• Аэродинамический обвес AMG (передний спойлер, накладки на пороги)<br />• Черная глянцевая окантовка элементов кузова<br />• Разноширокие 20-дюймовые многоспицевые диски AMG (шины разной ширины спереди и сзади)<br />• Спортивная тормозная система AMG<br />• Спортивная заниженная ходовая часть<br />Кабриолет-пакет (Must-Have)<br />Автомобиль полностью готов к круглогодичной эксплуатации с открытым верхом:<br />• AIRSCARF: Фирменная система обдува шеи теплым воздухом из подголовников (можно ездить с открытым верхом даже в прохладную погоду)<br />• AIRCAP: Автоматический ветрозащитный экран, выдвигающийся из рамки лобового стекла (гасит турбулентность в салоне)<br />• Мягкий верх: Тканевая крыша черного цвета с повышенной шумоизоляцией (в салоне тихо, как в купе) и полностью электроприводом<br />• Ветрозащитная перегородка: Устанавливается за сиденьями, предотвращает продувание багажника<br />Интерьер и комфорт<br />Салон сочетает спортивный характер и премиальный комфорт:<br />• Отделка искусственной кожей Nappa (приборная панель и борта дверей)<br />• Черная тканевая обивка потолка<br />• Спортивные сиденья с памятью настроек, вентиляцией и подогревом<br />• Суперспортивное рулевое колесо AMG с глубоким тиснением и кожаной отделкой<br />• Система бесключевого доступа KEYLESS-GO с Hands-Free (двери и багажник открываются без рук)<br />Драйв и динамика (Mild Hybrid)<br />• Двигатель: 2.0 л рядный 4-цилиндровый бензиновый турбомотор (M 254) с системой EQ Boost 48V (мягкий гибрид)<br />• Мощность: 258 л.с. (190 кВт) + кратковременный буст от электромотора (20 л.с.)<br />• Коробка передач: 9G-Tronic (классический 9-ступенчатый автомат)<br />• Полный привод 4MATIC<br />• Экономичность и плавность хода благодаря гибридной системе<br />Технологии и безопасность (Premium)<br />• Мультимедиа MBUX Premium (NTG 20X) с большим центральным дисплеем<br />• Навигация с жестким диском и видеосистема с дополненной реальностью (стрелки рисуются прямо на видео с камер)<br />• Премиальная акустика Burmester 3D Surround Sound<br />• Усовершенствованный Head-Up дисплей (HUD) и анимированная проекция логотипа фарами на асфальт<br />• Адаптивный круиз-контроль Distronic с функцией Stop&amp;Go<br />• Система удержания в полосе и контроль слепых зон<br />• Активная система экстренного торможения<br />• Помощь при парковке с камерами кругового обзора 360°<br />• Интеграция смартфона (Apple CarPlay / Android Auto)";https://static.tildacdn.com/stor6436-3764-4164-a436-646463353834/071380f69e1844d59064746b33b1c52c.jpg https://static.tildacdn.com/stor3937-3163-4535-b639-363739303137/eca86280357b72579603ae169c62d324.jpg;0;;;;;9ujOFpc6AC7IFBTOpILs;;0;0;0;0;Купить Mercedes-Benz CLE 300 4MATIC Cabriolet 2026 – AMG Line;Новый Mercedes-Benz CLE 300 Cabriolet 2026 г.в., пробег 20 км. Цвет Obsidian Black, полный привод, AIRSCARF, AIRCAP, Burmester 3D, AMG Line. В наличии.;Mercedes-Benz CLE 300, CLE Cabriolet 2026, купить CLE кабриолет, CLE 4MATIC, Mercedes CLE AMG Line, CLE A236, CLE Burmester;;;;;
2,42258E+11;Mercedes-Benz;;;"Автомобили;Автомобили>>>Новые";Mercedes-AMG G 63 4MATIC (W463A Рестайлинг) 2026 — V8 Biturbo + EQ Boost;"Автомобиль в наличии, готов к выдаче! Новый Mercedes-AMG G 63 (рестайлинг W463A, 2026 г.в.) — легендарный внедорожник с битурбо-V8, мягкой гибридной системой EQ Boost и тремя блокировками дифференциалов. Ручная сборка Magna Steyr, Австрия.<br />?? Двигатель: V8 4.0L Biturbo (M177) + EQ Boost 48V, 585 л.с., 850 Нм<br />?? Коробка: AMG SPEEDSHIFT TCT 9G (классический гидромеханический автомат)<br />?? Привод: AMG Performance 4MATIC с тремя жесткими блокировками<br />?? Технология: Mild Hybrid EQ Boost (старт-стоп, электро-буст, ""ползание"" на электричестве)<br />?? Комплектация: Рестайлинг 2024+, полный пакет AMG<br />?? Сборка: Magna Steyr, Грац, Австрия";"Экстерьер и стиль AMG<br />Легендарный внедорожник в рестайлинговом исполнении W463A с агрессивным дизайном AMG:<br />• Фирменная решетка радиатора AMG Panamericana с вертикальными ламелями<br />• Аэродинамический обвес AMG (передний спойлер, накладки на пороги, задний диффузор)<br />• Расширенные колесные арки и хромированные/черные акценты<br />• Легкосплавные диски AMG (до 22"") с летними шинами<br />• Светодиодные фары MULTIBEAM LED с адаптивным дальним светом<br />• Кожух запасного колеса на задней двери<br />• Тонированное остекление и проекция логотипа AMG<br />Интерьер и комфорт<br />Салон сочетает брутальность внедорожника и премиальный комфорт:<br />• Натуральная кожа Nappa или Exclusive MANUFAKTUR<br />• Мультиконтурные сиденья с массажем, вентиляцией и подогревом<br />• Спортивное рулевое колесо AMG (карбон/DINAMICA)<br />• Декоративные вставки из карбона или дерева<br />• Двухзонный или многозонный климат-контроль<br />• Акустическая система класса Premium (Burmester)<br />• Панорамный люк с электроприводом<br />• Система KEYLESS-GO с Hands-Free доступом<br />Драйв и динамика (V8 + Mild Hybrid)<br />• Двигатель: Легендарный V8 4.0L Biturbo (M177) с технологией Mild Hybrid EQ Boost 48V<br />• Мощность: 585 л.с. (430 кВт)<br />• Крутящий момент: 850 Нм<br />• Технология EQ Boost: интегрированный стартер-генератор дает прирост мощности на старте, сглаживает работу старт-стопа и позволяет ""ползти"" на электричестве<br />• Коробка передач: AMG SPEEDSHIFT TCT 9G (9-ступенчатый классический гидромеханический автомат — надежнее ""робота"" для бездорожья)<br />• Полный привод: AMG Performance 4MATIC с тремя жесткими блокировками дифференциалов (передний, центральный, задний)<br />• Разгон до 100 км/ч: ~4.5 секунды<br />• Система AMG RIDE CONTROL с адаптивными амортизаторами<br />Технологии и безопасность<br />• Мультимедиа MBUX с двумя экранами и навигацией с дополненной реальностью (AR)<br />• Проекционный дисплей (Head-Up) на лобовом стекле<br />• Камера кругового обзора 360° и система PARKTRONIC<br />• Адаптивный круиз-контроль DISTRONIC с функцией Stop&amp;Go<br />• Система удержания в полосе и контроль слепых зон<br />• Активная система экстренного торможения<br />• Интеграция смартфона (Apple CarPlay / Android Auto)<br />• Беспроводная зарядка и USB-порты";https://static.tildacdn.com/stor3930-3431-4631-a434-623638333366/68c5910a8bdf13c9fbd76b2b2e14d69e.jpg https://static.tildacdn.com/stor3862-3866-4035-b733-643338383761/18e8cd453a1684ec1f13e2766847b050.jpg;0;;;;;2UkoV6F6tmt4gl9IuCcO;;0;0;0;0;Купить Mercedes-AMG G 63 2026 новый – V8 Biturbo, 585 л.с.;Новый Mercedes-AMG G 63 (W463A рестайлинг) 2026 г.в. V8 4.0L Biturbo + EQ Boost (585 л.с., 850 Нм), 3 блокировки, AMG SPEEDSHIFT 9G. В наличии.;Mercedes-AMG G 63, G 63 W463A рестайлинг, купить Гелендваген 2026, AMG G63 V8 Biturbo, G 63 EQ Boost, Mercedes G-Class 585 л.с., AMG G63 3 блокировки;;;;;
8,42284E+11;Toyota;;;"Автомобили;Автомобили>>>Новые";Toyota Land Cruiser 300 Premium Black (J300) 2026 — Special Edition;Специальная черная серия! Новый Toyota Land Cruiser 300 в эксклюзивной комплектации Premium Black. Турбодизель V6 3.3L (309 л.с., 700 Нм), черный кузов, черный салон, черные акценты экстерьера.<br />?? Цвет кузова: Черный (Attitude Black)<br />?? Салон: Черная кожа с черными акцентами<br />?? Двигатель: V6 3.3L Twin-Turbo дизель (309 л.с., 700 Нм)<br />?? Привод: Full-time 4WD с блокировками<br />?? Коробка: 10-ступенчатый автомат<br />?? Комплектация: Premium Black (Special Edition)<br />?? Особенность: Черные акценты, затемненная оптика;"Экстерьер — стелс-режим<br />Легендарный внедорожник в специальной черной версии:<br />• Черная решетка радиатора вместо хрома<br />• Затемненные светодиодные фары (Black Chrome)<br />• Черные 20-дюймовые диски в эксклюзивном дизайне<br />• Черные молдинги и акценты<br />• Затемненные задние фонари<br />• Черный хром на элементах экстерьера<br />• Тонированные стекла<br />• Электропривод двери багажника с Hands-Free<br />Интерьер — тотал-блэк люкс<br />Салон в тотально черной концепции:<br />• Премиальная черная кожа с черной декоративной прострочкой<br />• Передние сиденья с массажем, вентиляцией и памятью<br />• Обогрев всех сидений и рулевого колеса<br />• Черные декоративные вставки (дерево с черным лаком или карбон)<br />• Черный потолок<br />• 4-зонный климат-контроль<br />• Премиальная аудиосистема JBL с 14 динамиками<br />• 12.3"" изогнутый экран мультимедиа Toyota Smart Connect<br />• Проекционный дисплей (Head-Up)<br />• Панорамная стеклянная крыша<br />• Холодильник в центральном подлокотнике<br />Драйв и динамика<br />• Двигатель: V6 3.3L Twin-Turbo дизель (F33A-FTV)<br />• Мощность: 309 л.с.<br />• Крутящий момент: 700 Нм<br />• Коробка передач: 10-ступенчатый автомат<br />• Постоянный полный привод Full-time 4WD<br />• Блокировки центрального и заднего дифференциалов<br />• Пневматическая подвеска с регулировкой клиренса<br />• Multi-Terrain Select с 6 режимами<br />• Crawl Control — автоматическое движение по бездорожью<br />• Разгон до 100 км/ч: ~7.5 секунды<br />• Экономичность: 9-11 л/100 км на трассе<br />Технологии и безопасность (Toyota Safety Sense 3.0)<br />• Toyota Safety Sense 3.0 — последняя версия<br />• Адаптивный круиз-контроль с функцией Stop&amp;Go<br />• Система удержания в полосе и контроль слепых зон<br />• Автоматическое экстренное торможение<br />• Камера кругового обзора 360°<br />• Проекционный дисплей (Head-Up Display)";https://static.tildacdn.com/stor6530-3262-4338-b333-616133383166/a47600e4a4296167d8333d67f289d849.jpg https://static.tildacdn.com/stor3837-6365-4030-a363-343264323965/cde5aac5d37e26b54764480d1d57262f.jpg;0;;;;;mHzcUlZXs0nL7utaGcG5;;0;0;0;0;Купить Toyota Land Cruiser 300 Premium Black 2026 – дизель, Special;Новый Toyota Land Cruiser 300 Premium Black 2026 г.в. Дизель V6 3.3L (309 л.с., 700 Нм), Special Edition, пневмоподвеска, JBL 14 дин. В наличии.;Toyota Land Cruiser 300 Premium Black, LC300 Black Edition, купить LC 300 новый, Land Cruiser 300 Special, LC300 дизель, Toyota LC 300 2026, LC300 черный;;;;;
4,43659E+11;Toyota;;;"Автомобили;Автомобили>>>Новые";Toyota Land Cruiser 250 Prado Люкс 2.4T (J250) 2025 — Бензин 279 л.с. (суффикс 67);Бензиновый Prado в максимальной комплектации! Toyota Land Cruiser 250 (2025 г.в.) в топ-версии Люкс (67 суффикс). Бензин 2.4 л Turbo (279 л.с., 430 Нм), кожа Nappa, массаж, JBL 14 динамиков.<br />?? Цвет кузова: Белый (White Pearl) / Черный (Attitude Black)<br />?? Салон: Черная кожа Nappa<br />?? Двигатель: 2.4 л бензин Turbo (279 л.с., 430 Нм)<br />?? Привод: Полный 4WD с блокировками<br />?? Коробка: 8-ступенчатый автомат<br />?? Комплектация: Люкс (67 суффикс) — максимальная<br />?? Особенность: Бензин 279 л.с., быстрее дизеля;Экстерьер — флагман линейки<br />Новый Prado в максимальной комплектации с премиальными деталями:<br />• 20-дюймовые легкосплавные диски в эксклюзивном дизайне<br />• Панорамная стеклянная крыша с электроприводом<br />• Светодиодные матричные фары с адаптивным дальним светом<br />• Хромированные молдинги и акценты<br />• Электропривод двери багажника с Hands-Free<br />Интерьер — максимальный комфорт<br />Салон с премиальными материалами:<br />• Премиальная кожа Nappa черного цвета<br />• Массаж передних сидений с памятью настроек<br />• Вентиляция передних и задних сидений<br />• Обогрев всех сидений и рулевого колеса<br />• Премиальная аудиосистема JBL на 14 динамиков с сабвуфером<br />• Проекционный дисплей (Head-Up Display)<br />• Камера кругового обзора 360° с 3D-визуализацией<br />Драйв и динамика (Бензин)<br />• Двигатель: 2.4-литровый бензин Turbo (2TR-FE)<br />• Мощность: 279 л.с.<br />• Крутящий момент: 430 Нм<br />• Коробка передач: 8-ступенчатый автомат<br />• Полный привод 4WD с блокировками и понижающей передачей<br />• Multi-Terrain Select и Crawl Control<br />• Гидравлическая подвеска AHC с регулировкой клиренса<br />• Платформа TNGA-F<br />• Разгон до 100 км/ч: ~8.5 секунды (быстрее дизеля на 1.5 секунды!)<br />Бензин vs Дизель — что выбрать?<br />Преимущества бензина:<br />Быстрее разгон (8.5 vs 9.9 сек)<br />Тише работает на холостых<br />Легче запускается в мороз<br />Меньше вибраций<br />Преимущества дизеля:<br />Экономичнее (7-9 vs 11-13 л/100 км)<br />Больше крутящий момент (500 vs 430 Нм)<br />Выше ресурс двигателя<br />Лучше для буксировки прицепа;https://static.tildacdn.com/stor3866-3832-4638-b435-313738353637/e47169e66ca50658abe067375fb6a131.jpg https://static.tildacdn.com/stor3435-3636-4164-a133-663033613266/19e6abf0fbc23cb8d8a4fc0a7260bbc6.jpg;0;;;;;V6dzcBpuzTZP9U6ez0d3;;0;0;0;0;Купить Toyota Land Cruiser 250 Prado 2025 новый – 2.8 TD, 4WD;Новый Toyota Land Cruiser 250 (Prado 6) 2025 г.в. Дизель 2.8L 1GD-FTV (204 л.с., 500 Нм), 48V MHEV, 8-ст. АКПП, Full-time 4WD, TNGA-F. В наличии.;Toyota Land Cruiser 250, Prado 250 2025, купить Prado новый, Land Cruiser 250 дизель, Prado TNGA-F, Toyota Prado 1GD-FTV, Land Cruiser 250 4WD;;;;;
6,24448E+11;Toyota;;;"Автомобили;Автомобили>>>Новые";Toyota Land Cruiser 250 (Prado) 2.8 TD 4WD 2026 — (суффикс 61);"Автомобиль в наличии, новый с конвейера! Новый Toyota Land Cruiser 250 (Prado 6-го поколения, 2025 г.в.) в статусном черном цвете. Самый сбалансированный внедорожник Toyota: легендарный дизель 1GD-FTV + 48V MHEV, рамная платформа TNGA-F (как у LC300), постоянный полный привод с блокировкой и Multi-Terrain Monitor.<br />?? Цвет кузова: Черный (Attitude Black Metallic)<br />?? Двигатель: 2.8 л турбодизель 1GD-FTV (204 л.с., 500 Нм) + MHEV 48V<br />?? Коробка и привод: 8-ст. Direct Shift-8AT, Full-time 4WD, Torsen + блокировка заднего<br />?? Платформа: TNGA-F (на 50% жестче Prado 150, как у LC300/Tundra)<br />?? Салон: Экран 12.3"", цифровая приборка, JBL, Multi-Terrain Monitor<br />?? Экономичность: 9-11 л/100 км на трассе (фантастика для рамного джипа!)";Экстерьер и внедорожная геометрия<br />Новейший Land Cruiser 250 в глубоком черном цвете — это строгая классика, которая всегда выглядит статусно и уместно как на бизнес-встрече, так и на серьезном бездорожье:<br />• Классические внедорожные пропорции с отличными углами въезда и съезда<br />• Высокий дорожный просвет и короткие свесы кузова<br />• Светодиодные фары с адаптивным дальним светом и новой LED-подписью<br />• Легкосплавные диски с внедорожными шинами<br />• Рейлинги на крыше и мощная защита днища<br />• Электропривод двери багажника с функцией Hands-Free<br />Интерьер и технологии — никакой «тракторной» эргономики<br />Салон Prado 250 — это современный технологичный интерьер, кардинально отличающийся от предшественника:<br />• Огромный 12.3-дюймовый сенсорный экран мультимедийной системы<br />• Полностью цифровая приборная панель<br />• Multi-Terrain Monitor — камеры смотрят под днище, чтобы не наехать на камень или пень<br />• Премиальная аудиосистема JBL объемного звучания<br />• Кожаная отделка салона с подогревом и вентиляцией передних сидений<br />• Многозонный климат-контроль<br />• Беспроводная зарядка смартфона и интеграция Apple CarPlay / Android Auto<br />Драйв и динамика — паровозная тяга<br />• Двигатель: Легендарный 2.8 л турбодизель 1GD-FTV — ходит по 400-500 тысяч км без капиталки<br />• Технология: 48V Mild Hybrid (MHEV) — дает дополнительный буст на старте<br />• Мощность: 204 л.с. (150 кВт)<br />• Крутящий момент: Паровозные 500 Нм уже с 1600 об/мин!<br />• Коробка передач: 8-ступенчатый автомат Direct Shift-8AT<br />• Привод: Full-time 4WD с дифференциалом Torsen и электронной блокировкой заднего дифференциала<br />• Расход: 9-11 л/100 км на трассе<br />Платформа TNGA-F и безопасность<br />• Новая модульная рамная платформа TNGA-F (как у LC300 и Tundra) — кузов на 50% жестче Prado 150<br />• Toyota Safety Sense последнего поколения<br />• Адаптивный круиз-контроль, удержание в полосе, активное экстренное торможение<br />• Система помощи при спуске и подъеме;https://static.tildacdn.com/stor6333-3930-4433-b464-343362396463/8c2f557519dfef757e2bd0a61392d327.jpg https://static.tildacdn.com/stor3537-3934-4635-a134-336236663533/cde9deafcef49d1095e4a25a326182e7.jpg;0;6;;;;bda1GzFVUusVF803y7ZM;;0;0;0;0;Купить Toyota Land Cruiser 250 Prado 2025 новый – черный, 4WD;Новый Toyota Land Cruiser 250 (Prado 6) 2025 г.в., черный. Дизель 2.8L 1GD-FTV (204 л.с., 500 Нм), 48V MHEV, 8-ст. АКПП, Full-time 4WD, TNGA-F. В наличии.;Toyota Land Cruiser 250, Prado 250 2025, купить Prado черный, Land Cruiser 250 дизель, Prado TNGA-F, Toyota Prado 1GD-FTV, Land Cruiser 250 4WD;;;;;
4,01729E+11;Toyota;;;"Автомобили;Автомобили>>>Новые";Toyota Land Cruiser 300 4.5 V6 Twin-Turbo (J300) 2026;Автомобиль в наличии, готов к выдаче! Новый Toyota Land Cruiser 300 (J300, 2025 г.в.) — легендарный рамный внедорожник в топовой 5-местной комплектации Premium. Битурбо-V6 409 л.с., платформа GA-F, пневмоподвеска и полный пакет опций.<br />?? Двигатель: V6 3.5L Twin-Turbo бензин (409 л.с., 650 Нм)<br />?? Коробка: 10-ступенчатый автомат Direct Shift-10AT<br />?? Привод: Full-time 4WD с блокировками дифференциалов<br />?? Платформа: Новая рамная GA-F (на базе TNGA, на 200 кг легче)<br />?? Комплектация: Premium (5 мест)<br />?? Салон: Массаж, вентиляция, JBL 14 динамиков, адаптивная пневмоподвеска<br />?? Сборка: Tahara, Япония;"Экстерьер и внедорожный арсенал<br />Статусный рамный SUV в новом кузове J300 с агрессивным дизайном:<br />• Новая платформа GA-F — первая рамная платформа Toyota на базе TNGA (кузов на 200 кг легче и жестче предшественника)<br />• Светодиодные фары с адаптивным дальним светом<br />• Легкосплавные диски премиум-класса (до 20"")<br />• Полноразмерное запасное колесо<br />• Защита днища и внедорожные бампера<br />• Электропривод двери багажника с функцией Hands-Free<br />Интерьер уровня Premium<br />Топовая 5-местная комплектация Я-Премиум с максимальным уровнем комфорта:<br />• Премиальная кожаная отделка салона<br />• Передние сиденья с массажем, вентиляцией и памятью настроек<br />• Подогрев всех сидений и рулевого колеса<br />• Адаптивная пневмоподвеска (на версии ZX)<br />• Премиальная аудиосистема JBL с 14 динамиками<br />• Проекционный дисплей (Head-Up)<br />• Мультимедийная система с большим сенсорным экраном<br />• 4-зонный климат-контроль<br />• Панорамная крыша с электроприводом<br />• Система Multi-Terrain Monitor с камерами кругового обзора 360°<br />Драйв и внедорожные возможности<br />• Двигатель: Легендарный V6 3.5L Twin-Turbo (V35A-FTS) — битурбо бензин<br />• Мощность: 409 л.с.<br />• Крутящий момент: 650 Нм<br />• Коробка передач: Direct Shift-10AT (10-ступенчатый автомат)<br />• Постоянный полный привод Full-time 4WD с блокировками дифференциалов<br />• Система Multi-Terrain Select (выбор типа покрытия)<br />• Система Crawl Control (автоматическое движение по бездорожью)<br />• Разгон до 100 км/ч: ~6.7 секунды<br />Технологии и безопасность<br />• Комплекс Toyota Safety Sense последнего поколения<br />• Адаптивный круиз-контроль с функцией Stop&amp;Go<br />• Система удержания в полосе и контроль слепых зон<br />• Активная система экстренного торможения с распознаванием пешеходов<br />• Система распознавания дорожных знаков<br />• Интеграция смартфона (Apple CarPlay / Android Auto)<br />• Беспроводная зарядка и USB-порты по всему салону";https://static.tildacdn.com/stor3239-3134-4536-a336-666563663431/7ab1fe25ad8c937f6c29e8a2fd53f790.jpg https://static.tildacdn.com/stor3634-3961-4238-b364-313663323431/a43d7752f684d0cdbbb2a2c1a0fd2ddc.jpg;0;;;;;NZTguH98fU2ACm7NtGlv;;0;0;0;0;Купить Toyota Land Cruiser 300 2025 новый – V6 Twin-Turbo, Premium;Новый Toyota Land Cruiser 300 (J300) 2025 г.в. V6 3.5L Twin-Turbo (409 л.с.), 5 мест, пневмоподвеска, JBL, 4WD. Сборка Tahara. В наличии, Premium;Toyota Land Cruiser 300, LC300 2025, купить Ленд Крузер 300 новый, Land Cruiser V6 Twin-Turbo, LC300 Premium, Ленд Крузер 300 бензин, LC300 Tahara;;;;;
7,36101E+11;Toyota;;;"Автомобили;Автомобили>>>Новые";Toyota Camry 2026 Sport Plus — Гибрид 197 л.с., Новый кузов;Новый кузов Camry в спортивной версии! Новая Toyota Camry (2026 г.в.) в комплектации Sport Plus с гибридной силовой установкой. Черный кузов, черный салон, спортивный обвес, JBL 9 динамиков.<br />?? Цвет кузова: Черный (Attitude Black)<br />?? Салон: Черная кожа с красной прострочкой<br />?? Двигатель: 2.0 л гибрид (197 л.с.)<br />?? Привод: Передний (FWD)<br />?? Коробка: e-CVT (электронный вариатор)<br />?? Комплектация: Sport Plus (спортивная версия)<br />?? Особенность: Гибридная установка, экономичность 4-5 л/100 км;"Экстерьер — спортивный седан<br />Toyota Camry в новом кузове со спортивным пакетом:<br />• Фирменная решетка радиатора с черными акцентами Sport<br />• Светодиодные фары с адаптивным дальним светом<br />• 19-дюймовые легкосплавные диски в черном цвете<br />• Спортивный обвес (передний спойлер, накладки на пороги, задний диффузор)<br />• Черные корпуса зеркал и молдинги<br />• Светодиодные задние фонари с анимацией<br />• Двойной выхлоп с хромированными патрубками<br />• Спойлер на крышке багажника<br />Интерьер — спортивный комфорт<br />Салон в спортивной конфигурации с премиальными материалами:<br />• Премиальная черная кожа с красной контрастной прострочкой<br />• Спортивные сиденья с усиленной боковой поддержкой<br />• Вентиляция передних сидений и память настроек<br />• Обогрев передних сидений и рулевого колеса<br />• Декор из черного глянцевого пластика и алюминия<br />• Двухзонный климат-контроль<br />• Премиальная аудиосистема JBL на 9 динамиков<br />• 12.3-дюймовый сенсорный экран мультимедиа Toyota Smart Connect<br />• 7-дюймовая цифровая приборная панель<br />• Беспроводная зарядка и USB-C порты<br />• Apple CarPlay / Android Auto<br />Драйв и динамика (Гибрид)<br />• Двигатель: 2.0-литровый гибридный мотор (Dynamic Force)<br />• Суммарная мощность: 197 л.с.<br />• Коробка передач: e-CVT (электронный вариатор)<br />• Передний привод (FWD)<br />• Режимы вождения: Eco, Normal, Sport, EV (чистый электромобиль)<br />• Экономичность: 4-5 л/100 км в смешанном цикле<br />• Разгон до 100 км/ч: ~8.0 секунды<br />Технологии и безопасность (Toyota Safety Sense 3.0)<br />• Toyota Safety Sense 3.0 — последняя версия комплекса безопасности<br />• Адаптивный круиз-контроль с функцией Stop&amp;Go<br />• Система удержания в полосе и контроль слепых зон<br />• Автоматическое экстренное торможение с распознаванием пешеходов<br />• Камера заднего вида с динамической разметкой<br />• Система распознавания дорожных знаков<br />• Беспроводные Apple CarPlay / Android Auto";https://static.tildacdn.com/stor3136-3461-4735-a531-336535616136/70417b4e9805607ad4b046ff838549f7.jpg https://static.tildacdn.com/stor6237-3762-4266-b439-353565343331/f27725d4e9d3f5a3218eec92442d0b71.jpg;0;;;;;LetSHvozRDVpUpzdZd8e;;0;0;0;0;Купить Toyota Camry 2026 новый – Sport Plus, гибрид 197 л.с.;Новая Toyota Camry 2026 г.в. Sport Plus. Гибрид 2.0L (197 л.с.), спортивный обвес, JBL 9 дин., расход 4-5 л/100 км. Цвет черный. В наличии.;Toyota Camry 2026, Camry Sport Plus, купить Camry новый, Camry гибрид, Toyota Camry Sport, Camry 197 л.с., Camry новый кузов;;;;;
9,16756E+11;Lexus;;;"Автомобили;Автомобили>>>Новые";Lexus LX 500d Luxury Plus 7s (J310) 2026 — Дизель 299 л.с., Рестайлинг;Дизельный флагман с красным салоном! Новый Lexus LX 500d (J310, 2026 г.в.) в топовой комплектации Luxury Plus с 7-местным салоном. Турбодизель V6 3.3L (299 л.с., 700 Нм), черный кузов, красный салон — редчайшее сочетание!<br />?? Цвет кузова: Черный (Black)<br />?? Салон: Красная премиальная кожа Semi-Aniline<br />?? Двигатель: V6 3.3L Twin-Turbo дизель (299 л.с., 700 Нм)<br />?? Привод: Full-time 4WD с блокировками<br />?? Коробка: 10-ступенчатый автомат<br />?? Комплектация: Luxury Plus 7s (максимальная)<br />?? Особенность: Красный салон — очень редкий выбор!<br />?? Экономичность: 9-11 л/100 км на трассе;"<p style=""text-align: left;"">Экстерьер — статусная классика</p><p style=""text-align: left;"">Флагманский внедорожник в классическом черном цвете:</p><p style=""text-align: left;"">• Фирменная веретенообразная решетка радиатора с хромированными ламелями</p><p style=""text-align: left;"">• Обновленные светодиодные матричные фары (рестайлинг 2026)</p><p style=""text-align: left;"">• 22-дюймовые кованые диски в дизайне Luxury</p><p style=""text-align: left;"">• Панорамная стеклянная крыша с электроприводом</p><p style=""text-align: left;"">• Электропривод двери багажника с Hands-Free</p><p style=""text-align: left;"">• Хромированные молдинги и акценты</p><p style=""text-align: left;"">• Полноразмерное запасное колесо</p><p style=""text-align: left;"">Интерьер — красный эксклюзив</p><p style=""text-align: left;"">Салон в редчайшем красном цвете — выбор для тех, кто не боится выделяться:</p><p style=""text-align: left;"">• Премиальная кожа Semi-Aniline ярко-красного цвета — эксклюзивная опция</p><p style=""text-align: left;"">• 24-позиционные передние сиденья с массажем, вентиляцией и памятью</p><p style=""text-align: left;"">• Задние сиденья Executive Class с подогревом и вентиляцией</p><p style=""text-align: left;"">• Обогрев всех сидений (включая 3-й ряд) и рулевого колеса</p><p style=""text-align: left;"">• Декор из натурального дерева Shimamoku</p><p style=""text-align: left;"">• 4-зонный климат-контроль с ионизацией воздуха nanoe™ X</p><p style=""text-align: left;"">• Премиальная аудиосистема Mark Levinson на 25 динамиков</p><p style=""text-align: left;"">• Изогнутый 12.3"" экран мультимедиа Lexus Interface</p><p style=""text-align: left;"">• Проекционный дисплей (Head-Up Display)</p><p style=""text-align: left;"">• Холодильник в центральном подлокотнике</p><p style=""text-align: left;"">Драйв и динамика (Дизель)</p><p style=""text-align: left;"">• Двигатель: V6 3.3L Twin-Turbo дизель (F33A-FTV)</p><p style=""text-align: left;"">• Мощность: 299 л.с.</p><p style=""text-align: left;"">• Крутящий момент: 700 Нм (паровозная тяга!)</p><p style=""text-align: left;"">• Коробка передач: 10-ступенчатый автомат</p><p style=""text-align: left;"">• Постоянный полный привод Full-time 4WD</p><p style=""text-align: left;"">• Блокировка центрального дифференциала и понижающая передача</p><p style=""text-align: left;"">• Гидравлическая подвеска AHC с регулировкой клиренса</p><p style=""text-align: left;"">• Multi-Terrain Select и Crawl Control</p><p style=""text-align: left;"">• Разгон до 100 км/ч: ~8.0 секунды</p><p style=""text-align: left;"">• Экономичность: 9-11 л/100 км на трассе</p>";https://static.tildacdn.com/stor6165-6662-4439-a636-643736346337/4eca9ac4b1bbac4ef1bdf2ce37c1208e.jpg https://static.tildacdn.com/stor3230-3064-4835-b935-313634653337/6ff85f19dff84bcfa6ba43c94ed9da11.jpg;0;;;;;1xh0c24Igbkz3e4XY47c;;0;0;0;0;Купить Lexus LX 500d 2026 новый – дизель 299 л.с., красный салон;Новый Lexus LX 500d Luxury Plus 2026 г.в. Дизель V6 3.3L (299 л.с., 700 Нм), 7 мест, красный салон, Mark Levinson 25 дин., AHC, 4WD. Цвет черный. В наличии.;Lexus LX 500d, купить LX 500d новый, Lexus LX дизель, LX 500d красный салон, Lexus LX Luxury Plus, LX 500d рестайлинг, Lexus LX 2026;;;;;
3,53224E+11;Lexus;;;"Автомобили;Автомобили>>>Новые";Lexus LM 350h VIP 2025 — 4-местный люкс-лимузин;"Самый роскошный минивэн в мире! Новый Lexus LM 350h в эксклюзивной 4-местной комплектации VIP с перегородкой, массажными креслами-оттоманками, 48-дюймовым экраном и аудиосистемой Mark Levinson на 23 динамика. Гибридная установка 250 л.с. с полным приводом E-Four.<br />?? Цвет кузова: Черный (Black)<br />?? Салон: Черная премиальная кожа<br />?? Двигатель: 2.5 л гибрид (250 л.с.), E-Four 4WD<br />?? Комплектация: VIP (4 места, перегородка, оттоманки)<br />?? Мультимедиа: 48"" экран, Mark Levinson 23 дин., панорама<br />?? Комфорт: Массаж Hot Stone, холодильник, шампанское";"Экстерьер — статус и элегантность<br />Минивэн с элегантным дизайном Lexus:<br />• Фирменная веретенообразная решетка радиатора<br />• Светодиодные матричные фары с анимированными ДХО<br />• Легкосплавные диски 19 дюймов в эксклюзивном дизайне<br />• Две сдвижные боковые двери с электроприводом и Hands-Free<br />• Электропривод двери багажника<br />• Панорамная стеклянная крыша с электроприводом<br />• Тонированное остекление с UV-защитой<br />Интерьер VIP — 4-местный лимузин<br />Салон в конфигурации VIP — 4 раздельных места вместо стандартных 7:<br />• Электроприводная перегородка между водителем и пассажирами с функцией затемнения<br />• 48-дюймовый экран в перегородке для задних пассажиров<br />• Кресла-оттоманки второго ряда с полным электропакетом:<br />— Массаж Hot Stone с 7 программами<br />— Функция полного раскладывания (до положения лежа)<br />— Вентиляция и обогрев<br />— Откидные столики, подстаканники с подогревом/охлаждением<br />• Холодильник в центральной консоли<br />• Премиальная кожа Semi-Aniline черного цвета<br />• Декоративные вставки из натурального дерева и металла<br />• 4-зонный климат-контроль с ионизацией воздуха<br />• Премиальная аудиосистема Mark Levinson на 23 динамика<br />• Индивидуальная подсветка салона (64 цвета)<br />Драйв и динамика (Гибрид E-Four)<br />• Двигатель: 2.5-литровый гибрид (A25A-FXS) с электромоторами<br />• Суммарная мощность: 250 л.с.<br />• Коробка передач: e-CVT (электронный вариатор)<br />• Полный привод E-Four с электромоторами на задней оси<br />• Платформа TNGA-K с адаптивной подвеской<br />• Режимы движения: Normal, Eco, Sport, EV (чистый электромобиль)<br />• Экономичность: ~7 л/100 км в смешанном цикле<br />Технологии и безопасность (Lexus Safety System+ 3.0)<br />• Lexus Safety System+ 3.0 — последняя версия комплекса безопасности<br />• Адаптивный круиз-контроль с функцией Stop&amp;Go<br />• Система удержания в полосе и контроль слепых зон<br />• Автоматическое экстренное торможение с распознаванием пешеходов и велосипедистов<br />• Камера кругового обзора 360° с функцией «прозрачного капота»<br />• Система распознавания дорожных знаков<br />• Беспроводная зарядка, Apple CarPlay / Android Auto<br />• Проекционный дисплей (Head-Up)";https://static.tildacdn.com/stor3733-3665-4935-a366-306535396538/422ec1698524ca7fc24afdbaf9a444e0.jpg https://static.tildacdn.com/stor3766-3032-4331-b562-326633363232/cec337669e099aa2612b55ff9970cf05.jpg;0;;;;;k4XKu4x1cz131DGVdCj6;;0;0;0;0;Купить Lexus LM 350h VIP 2025 новый – 4 места, лимузин;"Новый Lexus LM 350h VIP 2025 г.в. 4-местный лимузин с перегородкой, 48"" экраном, креслами-оттоманками, Mark Levinson 23 дин. Гибрид 250 л.с. В наличии.";Lexus LM 350h, Lexus LM VIP, купить Lexus LM новый, LM 4 места, Lexus LM лимузин, LM Mark Levinson, Lexus LM перегородка;;;;;
3,19378E+11;Lexus;;;"Автомобили;Автомобили>>>Новые";Lexus LX 500d Luxury Plus 7s (J310) 2026 — Дизель 299 л.с., Серый;Дизельный флагман в элегантном сером! Новый Lexus LX 500d (J310, 2026 г.в.) в топовой комплектации Luxury Plus с 7-местным салоном. Турбодизель V6 3.3L (299 л.с., 700 Нм), серый кузов, черный салон.<br />?? Цвет кузова: Серый (Sonic Titanium / Nightfall Mica)<br />?? Салон: Черная премиальная кожа Semi-Aniline<br />?? Двигатель: V6 3.3L Twin-Turbo дизель (299 л.с., 700 Нм)<br />?? Привод: Full-time 4WD с блокировками<br />?? Коробка: 10-ступенчатый автомат<br />?? Комплектация: Luxury Plus 7s (максимальная)<br />?? Экономичность: 9-11 л/100 км на трассе;"<p style=""text-align: left;"">Экстерьер — элегантный графит</p><p style=""text-align: left;"">Флагманский внедорожник в премиальном сером цвете:</p><p style=""text-align: left;"">• Серый металлик (Sonic Titanium или Nightfall Mica) — современный и статусный</p><p style=""text-align: left;"">• Меньше нагревается на солнце летом</p><p style=""text-align: left;"">• Мелкие царапины менее заметны</p><p style=""text-align: left;"">• Высокая ликвидность на вторичном рынке</p><p style=""text-align: left;"">• Все характеристики экстерьера идентичны черной версии</p><p style=""text-align: left;"">Интерьер — японский люкс</p><p style=""text-align: left;"">Салон с премиальными материалами (идентичен автомобилю №36):</p><p style=""text-align: left;"">• Премиальная кожа Semi-Aniline черного цвета</p><p style=""text-align: left;"">• 24-позиционные передние сиденья с массажем</p><p style=""text-align: left;"">• Mark Levinson на 25 динамиков</p><p style=""text-align: left;"">• Холодильник, проекционный дисплей</p><p style=""text-align: left;"">Драйв и динамика (Дизель)</p><p style=""text-align: left;"">• Двигатель: V6 3.3L Twin-Turbo дизель (F33A-FTV)</p><p style=""text-align: left;"">• Мощность: 299 л.с.</p><p style=""text-align: left;"">• Крутящий момент: 700 Нм (паровозная тяга!)</p><p style=""text-align: left;"">• Коробка передач: 10-ступенчатый автомат</p><p style=""text-align: left;"">• Постоянный полный привод Full-time 4WD</p><p style=""text-align: left;"">• Блокировка центрального дифференциала и понижающая передача</p><p style=""text-align: left;"">• Гидравлическая подвеска AHC с регулировкой клиренса</p><p style=""text-align: left;"">• Multi-Terrain Select и Crawl Control</p><p style=""text-align: left;"">• Разгон до 100 км/ч: ~8.0 секунды</p><p style=""text-align: left;"">• Экономичность: 9-11 л/100 км на трассе</p>";https://static.tildacdn.com/stor3062-3432-4036-b235-616432643436/2fd63e124aec2d4f1ac248632e318b0a.jpg https://static.tildacdn.com/stor6636-6361-4661-a132-333835636361/a6adff4d98d6cd1e702f64c60e856b75.jpg;0;;;;;kHoX5fbNX2v9X5ib9AZ7;;0;0;0;0;Купить Lexus LX 500d 2026 новый – дизель 299 л.с., серый;Новый Lexus LX 500d Luxury Plus 2026 г.в. Дизель V6 3.3L (299 л.с., 700 Нм), 7 мест, серый кузов, Mark Levinson 25 дин., AHC, 4WD. В наличии.;Lexus LX 500d серый, купить LX 500d новый, Lexus LX дизель, LX 500d Sonic Titanium, Lexus LX Luxury Plus, LX 500d рестайлинг, Lexus LX 2026;;;;;
9,57084E+11;Mazda;;;"Автомобили;Автомобили>>>Новые";Mazda CX-5 II Рестайлинг 2.0 AWD (KF) — Hiroshima Built;Автомобиль в наличии, готов к выдаче! Mazda CX-5 II Рестайлинг (кузов KF, 2022-2024 г.в.) — «золотой стандарт» надежности. Японская сборка Хиросима, атмосферный 2.0 SkyActiv-G, классический автомат и полный привод AWD.<br />?? Двигатель: 2.0 л атмосферный SkyActiv-G (150 л.с.), цепь ГРМ<br />?? Коробка: 6-ступенчатый классический автомат (не вариатор, не робот!)<br />?? Привод: Полный AWD с интеллектуальной муфтой<br />?? Сборка: Хиросима, Япония — главная кузница Mazda<br />?? Надежность: «Миллионник» без турбин и сложных систем<br />?? Ликвидность: Продается за 1-2 дня на вторичном рынке<br />?? Управляемость: Фирменная философия «Jinba Ittai» (единение коня и всадника);"Экстерьер и стиль рестайлинга<br />Свежий рестайлинг кузова KF с обновленной оптикой и дизайном:<br />• Фирменная решетка радиатора Mazda с хромированными ламелями<br />• Светодиодные фары с адаптивным дальним светом<br />• Светодиодные задние фонари с анимацией<br />• Легкосплавные диски премиум-класса (17-19"")<br />• Электропривод двери багажника<br />• Рейлинги на крыше и хромированные акценты<br />Интерьер и комфорт<br />Салон сочетает японский минимализм и премиальные материалы:<br />• Кожаная отделка сидений (опционально)<br />• Подогрев передних и задних сидений<br />• Обогрев рулевого колеса<br />• Двухзонный климат-контроль<br />• Мультимедийная система с сенсорным экраном (8-10.25"")<br />• Поддержка Apple CarPlay / Android Auto<br />• Камера заднего вида и парктроники<br />• Премиальная аудиосистема Bose (опционально)<br />Драйв и динамика — «Jinba Ittai»<br />• Двигатель: Легендарный атмосферный 2.0 л SkyActiv-G (150 л.с.)<br />• Цепь ГРМ вместо ремня — не требует замены до 200+ тыс. км<br />• Нет турбины — нет проблем с перегревом и заменой к 100 тыс. км<br />• Коробка передач: 6-ступенчатый классический гидромеханический автомат (не вариатор, не робот!)<br />• Полный привод AWD с интеллектуальной муфтой<br />• Фирменная философия «Jinba Ittai» (единение коня и всадника) — одна из самых драйверских машин в классе<br />• Рулится интереснее, чем Toyota RAV4 или VW Tiguan<br />Надежность и ликвидность<br />• «Миллионник» — связка атмосферника и классического автомата ходит 300-500 тыс. км без капитального ремонта<br />• Ликвидность — теряет в цене медленнее, чем BMW X3 или Audi Q5<br />• На вторичном рынке за ней охотятся перекупы — продается за 1-2 дня<br />• Простота обслуживания — запчасти доступны, сервис не требует спецоборудования<br />• Экономичность — расход 7-9 л/100 км в смешанном цикле<br />Технологии и безопасность<br />• Система i-Activsense (комплекс активной безопасности)<br />• Адаптивный круиз-контроль с функцией Stop&amp;Go<br />• Система удержания в полосе и контроль слепых зон<br />• Автоматическое экстренное торможение с распознаванием пешеходов<br />• Система распознавания дорожных знаков<br />• Камера кругового обзора 360° (опционально)<br />• Проекционный дисплей (опционально)";https://static.tildacdn.com/stor6262-6462-4664-b032-383230323134/e68e5096ec499613373f22560eaf84df.jpg https://static.tildacdn.com/stor6434-3163-4534-a137-656233346561/57f67eeb322cc158f44b06a16e7244a8.jpg;0;;;;;ysSC69F4hnb4VbnYUVMf;;0;0;0;0;Купить Mazda CX-5 2.0 AWD 2022-2024 – Япония, автомат, SkyActiv;Mazda CX-5 II Рестайлинг (KF). Японская сборка Хиросима. Атмосферник 2.0 SkyActiv-G (150 л.с.), классический автомат, AWD. Надежность и ликвидность. В наличии.;Mazda CX-5 KF, купить Mazda CX-5 новый, CX-5 2.0 SkyActiv, Mazda CX-5 AWD, CX-5 Япония, Mazda CX-5 автомат, CX-5 Хиросима;;;;;
9,72814E+11;Mazda;;;"Автомобили;Автомобили>>>Новые";Mazda CX-5 High 2026 — Атмосферник 2.0L 150 л.с., Япония;Японская надежность! Новая Mazda CX-5 (2026 г.в.) в комплектации High. Атмосферный 2.0 л SkyActiv-G (150 л.с.), черный кузов, черный салон, японская сборка Хиросима.<br />?? Цвет кузова: Черный (Jet Black Mica)<br />?? Салон: Черная кожа<br />?? Двигатель: 2.0 л атмосферный SkyActiv-G (150 л.с., 210 Нм)<br />?? Привод: Полный i-ACTIV AWD<br />?? Коробка: 6-ступенчатый автомат SkyActiv-Drive<br />?? Комплектация: High (максимальная)<br />?? Сборка: Хиросима, Япония<br />?? Особенность: Атмосферник + классический автомат = надежность;"Экстерьер — спортивный дизайн Kodo<br />Кроссовер с фирменным дизайном Mazda ""Kodo — душа движения"":<br />• Фирменная решетка радиатора Mazda с хромированными ламелями<br />• Светодиодные фары с адаптивным дальним светом<br />• 19-дюймовые легкосплавные диски в эксклюзивном дизайне<br />• Панорамная стеклянная крыша с электроприводом<br />• Электропривод двери багажника<br />• Хромированные молдинги и акценты<br />Интерьер — японский минимализм<br />Салон с премиальными материалами:<br />• Премиальная черная кожа<br />• Обогрев передних и задних сидений<br />• Обогрев рулевого колеса<br />• Двухзонный климат-контроль<br />• Премиальная аудиосистема Bose на 10 динамиков<br />• 10.25-дюймовый сенсорный экран мультимедиа Mazda Connect<br />• Цифровая приборная панель 7""<br />• Проекционный дисплей (Head-Up Display)<br />• Беспроводная зарядка<br />• Apple CarPlay / Android Auto<br />Драйв и динамика — «Jinba Ittai»<br />• Двигатель: 2.0-литровый атмосферный SkyActiv-G<br />• Мощность: 150 л.с.<br />• Крутящий момент: 210 Нм<br />• Коробка передач: 6-ступенчатый автомат SkyActiv-Drive (классический гидротрансформатор!)<br />• Полный привод i-ACTIV AWD с интеллектуальным управлением<br />• Философия «Jinba Ittai» (единение коня и всадника) — Mazda славится лучшей управляемостью в классе<br />• Цепь ГРМ вместо ремня — не требует замены до 200+ тыс. км<br />• Разгон до 100 км/ч: ~10.5 секунды<br />• Экономичность: 7-9 л/100 км<br />Надежность и ликвидность<br />Атмосферник + классический автомат = ресурс 300-500 тыс. км<br />Японская сборка — качество на уровне премиальных брендов<br />Ликвидность — Mazda CX-5 продается за 1-2 дня на вторичке<br />Простота обслуживания — запчасти доступны";https://static.tildacdn.com/stor3838-3131-4032-b964-346634383366/45b2624cd6c54700838978fbe088ec33.jpg https://static.tildacdn.com/stor3537-6530-4034-b266-666434303433/2b17ad8ed336db734411daca37c4c946.jpg;0;;;;;XCBAJuPrpjJRPH1FlAnf;;0;0;0;0;Купить Mazda CX-5 High 2026 новый – 150 л.с., Япония, автомат;Новая Mazda CX-5 High 2026 г.в. Атмосферник 2.0L (150 л.с.), 6-ступенчатый автомат, i-ACTIV AWD, Bose 10 дин. Сборка Хиросима, Япония. В наличии.;Mazda CX-5 High 2026, CX-5 Япония, купить CX-5 новый, Mazda CX-5 150 л.с., CX-5 SkyActiv-G, Mazda CX-5 Хиросима, CX-5 атмос;;;;;
2,7997E+11;Volvo;;;"Автомобили;Автомобили>>>Новые";Volvo XC90 B5 Ultra AWD (Рестайлинг 2) 2025 — Twilight Amethyst;"Автомобиль в наличии, пробег всего 25 км! Новый Volvo XC90 B5 Ultra AWD (рестайлинг 2, 2026 модельный год) — топовая комплектация Ultra с полным набором VIP-опций. Редкий фиолетовый цвет, хрустальный селектор Orrefors, Harman Kardon и система Pilot Assist.<br />?? Цвет кузова: Twilight Amethyst Metallic (Фиолетовый аметист)<br />?? Пробег: 25 км (новый, только после предпродажной подготовки)<br />?? Двигатель: 2.0 л бензин Turbo + Mild Hybrid 48V (250 л.с.)<br />?? Коробка и привод: 8-ступенчатый Geartronic, постоянный AWD<br />?? Комплектация: Ultra (топ, выше только T8 Recharge)<br />?? Салон: Кожа Nappa, массаж, вентиляция, хрусталь Orrefors, 21"" диски<br />?? Мультимедиа: Harman Kardon, Head-Up, Pilot Assist, камеры 360°";Экстерьер — скандинавская эстетика<br />Флагманский SUV собран на легендарном заводе Torslanda в Гётеборге, Швеция — главной кузнице всех XC90:<br />• Редкий фиолетовый цвет Twilight Amethyst Metallic (эксклюзив)<br />• Фирменные светодиодные фары «Молоты Тора» (Thor's Hammer) с функцией автоматического вырезания встречных машин<br />• Огромные 21-дюймовые легкосплавные диски в эксклюзивном дизайне Ultra<br />• Панорамная стеклянная крыша с электроприводом<br />• Электропривод двери багажника с функцией Hands-Free<br />• Хромированные акценты и премиальная отделка кузова<br />Интерьер первого класса<br />Салон комплектации Ultra упакован для VIP-семьи:<br />• Премиальная перфорированная кожа Nappa с вентиляцией<br />• Передние сиденья с электроприводом, памятью, вентиляцией и массажем<br />• Знаменитый хрустальный селектор КПП ручной работы от шведской мануфактуры Orrefors<br />• Премиальная аудиосистема Harman Kardon с сабвуфером и уникальным режимом «Концертный зал Гётеборга»<br />• Проекционный дисплей Head-Up Display на лобовом стекле<br />• 4-зонный климат-контроль с ионизацией воздуха CleanZone<br />• Подогрев всех сидений и рулевого колеса<br />• Декоративные вставки из натурального дерева и металла<br />Драйв и динамика (Mild Hybrid)<br />• Двигатель: 2.0-литровый 4-цилиндровый бензиновый турбомотор + 48V Mild Hybrid (B5)<br />• Мощность: 250 л.с. (184 кВт)<br />• Электромотор сглаживает турбояму и помогает при старте<br />• Коробка передач: 8-ступенчатый автомат Geartronic<br />• Постоянный полный привод AWD<br />• Адаптивная пневмоподвеска (опционально)<br />• Экономичность и плавность хода благодаря гибридной системе<br />Технологии и безопасность<br />• Pilot Assist — адаптивный круиз-контроль с удержанием в полосе (сам рулит в пробках)<br />• Камера кругового обзора 360° и парковочные ассистенты<br />• Система автоматического экстренного торможения с распознаванием пешеходов, велосипедистов и крупных животных (фирменная фишка Volvo)<br />• Система удержания в полосе и контроль слепых зон<br />• Интеграция смартфона (Apple CarPlay / Android Auto)<br />• Беспроводная зарядка и USB-порты по всему салону<br />• Фирменная система Volvo On Call с удаленным доступом;https://static.tildacdn.com/stor6231-3932-4830-b833-326564643637/96bcfe4941e3baf1ed84c684693d3d48.jpg https://static.tildacdn.com/stor3465-3737-4136-b135-306432633738/c4e779e54a3cc36f8111178542e5eea7.jpg;0;;;;;lFaDMHJrpMlTpvi5fCng;;0;0;0;0;Купить Volvo XC90 B5 Ultra 2026 новый – AWD, Harman Kardon;Новый Volvo XC90 B5 Ultra AWD (рестайлинг 2) 2026 г.в. Бензин 2.0L + 48V (250 л.с.), Harman Kardon, хрусталь Orrefors, Pilot Assist. Цвет Twilight Amethyst. В наличии.;Volvo XC90 B5 Ultra, XC90 рестайлинг 2 2026, купить Volvo XC90 новый, XC90 AWD, Volvo XC90 Harman Kardon, XC90 Orrefors, Volvo XC90 фиолетовый;;;;;
3,97893E+11;Volvo;;;"Автомобили;Автомобили>>>Новые";Volvo XC90 B5 Ultra Bright AWD (Рестайлинг 2) 2026 — Scandinavian Luxury;Автомобиль в наличии, готов к выдаче! Новый Volvo XC90 B5 Ultra Bright AWD (рестайлинг 2, 2026 модельный год) — абсолютный максимум комплектации в классическом исполнении с хромированными акцентами. Хрусталь Orrefors, кожа Nappa, Harman Kardon и система Pilot Assist. Сборка Torslanda, Швеция.<br />?? Двигатель: 2.0 л бензин Turbo + Mild Hybrid 48V (250 л.с.)<br />?? Коробка и привод: 8-ступенчатый Geartronic, постоянный AWD<br />?? Комплектация: Ultra Bright (топ + хромированные акценты)<br />?? Салон: Кожа Nappa перфорированная, декор Driftwood, хрусталь Orrefors<br />?? Подвеска: 4-C Active Chassis (адаптивная пневмоподвеска)<br />?? Мультимедиа: Harman Kardon 14 дин., Pixel LED, HUD, Pilot Assist<br /><br />;"Экстерьер — скандинавская эстетика Bright<br />Флагманский SUV собран на легендарном заводе Torslanda в Гётеборге, Швеция — главной кузнице всех XC90:<br />• Пиксельные фары Pixel LED «Молоты Тора» с анимацией при открытии и функцией автоматического вырезания встречных машин<br />• Пакет Bright: хромированные элементы экстерьера (рамки окон, молдинги, нижние накладки бамперов) — придают машине классический и дорогой «представительский» вид<br />• Легкосплавные диски премиум-класса (до 22"")<br />• Панорамная стеклянная крыша с электроприводом<br />• Электропривод двери багажника с функцией Hands-Free<br />Интерьер — скандинавский люкс<br />Салон комплектации Ultra Bright воплощает философию шведского минимализма и премиального качества:<br />• Премиальная перфорированная кожа Nappa (светлая Blond или темно-коричневая Amber)<br />• Декоративные вставки из натурального светлого дерева Driftwood или металла<br />• Знаменитый хрустальный селектор КПП ручной работы от шведской мануфактуры Orrefors (с 1898 года)<br />• Передние сиденья с электроприводом, памятью, вентиляцией и массажем<br />• Премиальная аудиосистема Harman Kardon с 14 динамиками, сабвуфером и уникальным режимом «Концертный зал Гётеборга»<br />• Проекционный дисплей Head-Up Display на лобовом стекле<br />• 4-зонный климат-контроль с ионизацией воздуха CleanZone<br />• Подогрев всех сидений и рулевого колеса<br />Драйв и динамика (Mild Hybrid)<br />• Двигатель: 2.0-литровый 4-цилиндровый бензиновый турбомотор + 48V Mild Hybrid (B5)<br />• Мощность: 250 л.с.<br />• Электромотор сглаживает турбояму и помогает при старте<br />• Коробка передач: 8-ступенчатый автомат Geartronic<br />• Постоянный полный привод AWD с электронным управлением<br />• Адаптивная пневмоподвеска 4-C Active Chassis — идеально сочетает комфорт и управляемость<br />• Экономичность и плавность хода благодаря гибридной системе<br />Технологии и безопасность<br />• Pilot Assist — адаптивный круиз-контроль с удержанием в полосе (полуавтономное вождение, сам рулит в пробках)<br />• Камера кругового обзора 360° и парковочные ассистенты<br />• Система автоматического экстренного торможения с распознаванием пешеходов, велосипедистов и крупных животных (фирменная фишка Volvo)<br />• Система удержания в полосе и контроль слепых зон<br />• Интеграция смартфона (Apple CarPlay / Android Auto)<br />• Беспроводная зарядка и USB-порты по всему салону<br />• Фирменная система Volvo On Call с удаленным доступом";https://static.tildacdn.com/stor3266-6632-4236-a136-616162643134/c0b2b6f454df6431204ebcafbd212f02.jpg https://static.tildacdn.com/stor3831-6333-4666-a466-626132646133/bd79334b6578011a1e5d9b7e3cacfc44.jpg;0;;;;;AJP3YfFf7pRtiFnHyst0;;0;0;0;0;Купить Volvo XC90 B5 Ultra 2026 новый – Bright, Harman Kardon;Новый Volvo XC90 B5 Ultra Bright AWD (рестайлинг 2) 2026 г.в. Бензин 2.0L + 48V (250 л.с.), Harman Kardon, хрусталь Orrefors, Pilot Assist. Сборка Швеция. В наличии.;Volvo XC90 B5 Ultra, XC90 рестайлинг 2 2026, купить Volvo XC90 новый, XC90 Ultra Bright, Volvo XC90 Harman Kardon, XC90 Orrefors, Volvo XC90 Швеция;;;;;
9,53555E+11;Volvo;;;"Автомобили;Автомобили>>>Новые";Volvo XC90 B5 Ultra Bright AWD (Рестайлинг 2) 2026 — Scandinavian Lounge;Автомобиль в наличии, готов к выдаче! Новый Volvo XC90 B5 Ultra Bright AWD (рестайлинг 2, 2026 модельный год) — топовая комплектация в элегантном исполнении Bright с хромированными акцентами. Обновленный B5 Mild Hybrid 250 л.с., хрусталь Orrefors, светлая кожа Nappa и декор Driftwood.<br />?? Двигатель: 2.0 л бензин Turbo + Mild Hybrid 48V (250 л.с., 350 Нм)<br />?? Коробка и привод: 8-ступенчатый Geartronic, постоянный AWD<br />?? Комплектация: Ultra Bright (топ + хромированные акценты)<br />?? Салон: Кожа Nappa светлая, декор Driftwood, хрусталь Orrefors<br />?? Подвеска: 4-C Active Chassis (адаптивная пневмоподвеска)<br />?? Мультимедиа: Harman Kardon, Pixel LED, HUD, Pilot Assist<br />?? Сборка: Torslanda, Швеция (главная кузница XC90);"Экстерьер — скандинавская эстетика Bright<br />Флагманский SUV собран на легендарном заводе Torslanda в Гётеборге, Швеция — главной кузнице всех XC90 с 1927 года:<br />• Пиксельные фары Pixel LED «Молоты Тора» с анимацией при открытии и функцией автоматического вырезания встречных машин<br />• Пакет Bright: хромированные молдинги, рамки окон и нижние накладки бамперов — придают машине классический «представительский» вид<br />• Легкосплавные диски премиум-класса (до 22"")<br />• Панорамная стеклянная крыша с электроприводом<br />• Электропривод двери багажника с функцией Hands-Free<br />Интерьер — скандинавская гостиная<br />Салон комплектации Ultra Bright воплощает философию шведского минимализма и премиального уюта:<br />• Премиальная светлая перфорированная кожа Nappa (Blond)<br />• Декоративные вставки из натурального светлого дерева Driftwood<br />• Знаменитый хрустальный селектор КПП ручной работы от шведской мануфактуры Orrefors (с 1898 года)<br />• Передние сиденья с электроприводом, памятью, вентиляцией и массажем<br />• Премиальная аудиосистема Harman Kardon с 14 динамиками, сабвуфером и уникальным режимом «Концертный зал Гётеборга»<br />• Проекционный дисплей Head-Up Display на лобовом стекле<br />• 4-зонный климат-контроль с ионизацией воздуха CleanZone<br />• Подогрев всех сидений и рулевого колеса<br />Драйв и динамика — «золотая середина» B5<br />• Двигатель: Обновленный 2.0-литровый 4-цилиндровый бензиновый турбомотор (B420T11) + 48V Mild Hybrid<br />• Мощность: 250 л.с. и 350 Нм крутящего момента<br />• Электромотор 48V идеально сглаживает турбояму при старте со светофора<br />• Коробка передач: 8-ступенчатый автомат Geartronic<br />• Постоянный полный привод AWD с электронным управлением<br />• Адаптивная пневмоподвеска 4-C Active Chassis — идеально сочетает комфорт и управляемость<br />• Разгон до 100 км/ч: 7.9 секунды — уверенная динамика для 2-тонного кроссовера<br />Почему B5 лучше B6 для России?<br />• Надежность: конструктивно проще (только турбина, без механического компрессора как у B6) и менее теплонагружен<br />• Экономичность: на 1-2 литра меньше расход в городском цикле<br />• Ресурс: «золотая середина» для российских реалий и качества бензина<br />• Динамика: в городе разницы с B6 почти не заметишь благодаря электромотору 48V<br />Технологии и безопасность<br />• Pilot Assist — адаптивный круиз-контроль с удержанием в полосе (полуавтономное вождение, сам рулит в пробках)<br />• Камера кругового обзора 360° и парковочные ассистенты<br />• Система автоматического экстренного торможения с распознаванием пешеходов, велосипедистов и крупных животных (фирменная фишка Volvo)<br />• Система удержания в полосе и контроль слепых зон<br />• Интеграция смартфона (Apple CarPlay / Android Auto)<br />• Беспроводная зарядка и USB-порты по всему салону<br />• Фирменная система Volvo On Call с удаленным доступом<br /><br />";https://static.tildacdn.com/stor3236-6338-4936-a433-393738353135/0838a99c420347b23641ada67c94d9c9.jpg https://static.tildacdn.com/stor3062-3661-4435-b562-396231346264/07d001bc6c2462a903ca65eba6b87003.jpg;0;;;;;FR33gFgGxbXFLvpvFLVU;;0;0;0;0;Купить Volvo XC90 B5 Ultra 2026 новый – Bright, Orrefors, Швеция;Новый Volvo XC90 B5 Ultra Bright AWD (рестайлинг 2) 2026 г.в. Бензин 2.0L + 48V (250 л.с.), Harman Kardon, хрусталь Orrefors, Pilot Assist. Сборка Швеция. В наличии.;Volvo XC90 B5 Ultra, XC90 рестайлинг 2 2026, купить Volvo XC90 новый, XC90 Ultra Bright, Volvo XC90 Harman Kardon, XC90 Orrefors, Volvo XC90 Швеция;;;;;
2,79853E+11;Volvo;;;"Автомобили;Автомобили>>>Новые";Volvo XC90 B5 Ultra Bright AWD (Рестайлинг 2) 2027 — Fresh Blood Edition;Автомобиль в наличии, пробег всего 25 км! Самый свежий Volvo XC90 на рынке — VIN с буквой V (2027 модельный год), сошел с конвейера в Швеции пару месяцев назад. Комплектация Ultra Bright с хромированными акцентами, надежный B5 без компрессора, хрусталь Orrefors и светлая кожа Nappa.<br />?? VIN-особенность: Буква V в 10-й позиции = 2027 модельный год (самая свежая партия)<br />?? Двигатель: 2.0 л бензин Turbo + Mild Hybrid 48V (250 л.с.) — БЕЗ компрессора!<br />?? Коробка и привод: 8-ступенчатый Geartronic, постоянный AWD<br />?? Комплектация: Ultra Bright (топ + хромированные акценты)<br />?? Салон: Кожа Nappa светлая, декор Driftwood, хрусталь Orrefors<br />?? Подвеска: 4-C Active Chassis (адаптивная пневмоподвеска)<br />?? Мультимедиа: Harman Kardon, Pixel LED, HUD, Pilot Assist<br />?? Сборка: Torslanda, Гётеборг, Швеция<br />?? Статус: Растаможен, ЭПТС получен, готов к выдаче;"Экстерьер — скандинавская эстетика Bright<br />Флагманский SUV собран на легендарном заводе Torslanda в Гётеборге, Швеция — главной кузнице всех XC90 с 1927 года:<br />• Пиксельные фары Pixel LED «Молоты Тора» с анимацией при открытии и функцией автоматического вырезания встречных машин<br />• Пакет Bright: хромированные молдинги, рамки окон и нижние накладки бамперов — придают машине классический «представительский» вид<br />• Элегантный серый цвет кузова (универсальный и ликвидный на вторичке)<br />• Легкосплавные диски премиум-класса (до 22"")<br />• Панорамная стеклянная крыша с электроприводом<br />• Электропривод двери багажника с функцией Hands-Free<br />Интерьер — скандинавская гостиная<br />Салон комплектации Ultra Bright воплощает философию шведского минимализма и премиального уюта:<br />• Премиальная светлая перфорированная кожа Nappa (Blond)<br />• Декоративные вставки из натурального светлого дерева Driftwood<br />• Знаменитый хрустальный селектор КПП ручной работы от шведской мануфактуры Orrefors (с 1898 года)<br />• Передние сиденья с электроприводом, памятью, вентиляцией и массажем<br />• Премиальная аудиосистема Harman Kardon с 14 динамиками, сабвуфером и уникальным режимом «Концертный зал Гётеборга»<br />• Проекционный дисплей Head-Up Display на лобовом стекле<br />• 4-зонный климат-контроль с ионизацией воздуха CleanZone<br />• Подогрев всех сидений и рулевого колеса<br />Драйв и динамика — «золотая середина» B5<br />• Двигатель: Обновленный 2.0-литровый 4-цилиндровый бензиновый турбомотор + 48V Mild Hybrid<br />• Мощность: 250 л.с. и 350 Нм крутящего момента<br />• Электромотор 48V идеально сглаживает турбояму при старте со светофора<br />• Коробка передач: 8-ступенчатый автомат Geartronic<br />• Постоянный полный привод AWD с электронным управлением<br />• Адаптивная пневмоподвеска 4-C Active Chassis<br />• Разгон до 100 км/ч: 7.9 секунды<br />Почему B5 лучше B6 для России?<br />• Надежность: конструктивно проще — только турбина, БЕЗ механического компрессора (как у B6) и менее теплонагружен<br />• Экономичность: на 1-2 литра меньше расход в городском цикле<br />• Ресурс: «золотая середина» для российских реалий и качества бензина<br />• Динамика: в городе разницы с B6 почти не заметишь благодаря электромотору 48V<br />Технологии и безопасность<br />• Pilot Assist — адаптивный круиз-контроль с удержанием в полосе (полуавтономное вождение, сам рулит в пробках)<br />• Камера кругового обзора 360° и парковочные ассистенты<br />• Система автоматического экстренного торможения с распознаванием пешеходов, велосипедистов и крупных животных (фирменная фишка Volvo)<br />• Система удержания в полосе и контроль слепых зон<br />• Интеграция смартфона (Apple CarPlay / Android Auto)<br />• Беспроводная зарядка и USB-порты по всему салону<br />• Фирменная система Volvo On Call с удаленным доступом";https://static.tildacdn.com/stor3265-6661-4263-a337-353930376530/d8c90c6d527f5c2afa7a7657817540fd.jpg https://static.tildacdn.com/stor3838-6336-4234-b336-633366336536/332694a42b1bb38adbaf7c208ea400a6.jpg;0;;;;;UYDv1K8CVMAzVRutGn6F;;0;0;0;0;Купить Volvo XC90 B5 Ultra 2027 новый – Bright, Orrefors, Швеция;Самый свежий Volvo XC90 B5 Ultra Bright AWD. VIN 2027 модельного года. Бензин 2.0L + 48V (250 л.с.), Harman Kardon, хрусталь Orrefors, Pilot Assist. В наличии.;Volvo XC90 B5 Ultra, XC90 2027 модельный год, купить Volvo XC90 новый, XC90 Ultra Bright, Volvo XC90 Harman Kardon, XC90 Orrefors, Volvo XC90 Швеция;;;;;
6,44372E+11;Volvo;;;"Автомобили;Автомобили>>>Новые";Volvo XC60 Black Edition (2025) — Скандинавский премиум;Скандинавский премиум в черном стиле! Новый Volvo XC60 (2025 г.в.) в эксклюзивной комплектации Black Edition. Бензин 2.0 л (250 л.с.), полный привод AWD, черные акценты, Harman Kardon.<br />?? Цвет кузова: Черный (Onyx Black Metallic)<br />?? Салон: Черная кожа Nappa<br />?? Двигатель: 2.0 л бензин Turbo + MHEV (250 л.с.)<br />?? Привод: Полный AWD<br />?? Коробка: 8-ступенчатый автомат Geartronic<br />?? Комплектация: Black Edition (эксклюзивная)<br />?? Особенность: Черные акценты экстерьера, черный салон;"Экстерьер — скандинавский минимализм<br />Volvo XC60 в эксклюзивном черном стиле:<br />• Фирменная решетка радиатора с черными ламелями<br />• Светодиодные фары Thor's Hammer (Молоты Тора) с адаптивным дальним светом<br />• 20-дюймовые легкосплавные диски в черном цвете<br />• Панорамная стеклянная крыша с электроприводом<br />• Электропривод двери багажника с Hands-Free<br />• Черные молдинги и акценты Black Edition<br />• Светодиодные задние фонари с анимацией<br />• Рейлинги на крыше в черном цвете<br />Интерьер — скандинавский люкс<br />Салон с премиальными материалами и скандинавским дизайном:<br />• Премиальная кожа Nappa черного цвета<br />• Вентиляция передних сидений с памятью настроек<br />• Массаж передних сидений (опция)<br />• Обогрев передних и задних сидений и рулевого колеса<br />• Декор из натурального дерева (дуб или орех) или алюминия<br />• Двухзонный климат-контроль с ионизацией воздуха CleanZone<br />• Премиальная аудиосистема Harman Kardon на 10 динамиков<br />• 9-дюймовый сенсорный экран мультимедиа Sensus<br />• 12.3-дюймовая цифровая приборная панель<br />• Беспроводная зарядка и USB-C порты<br />• Apple CarPlay / Android Auto<br />Драйв и динамика<br />• Двигатель: 2.0-литровый бензин Turbo с технологией MHEV 48V<br />• Мощность: 250 л.с.<br />• Крутящий момент: 350 Нм<br />• Коробка передач: 8-ступенчатый автомат Geartronic<br />• Полный привод AWD с электронным управлением<br />• Режимы вождения: Eco, Comfort, Dynamic, Off-Road, Individual<br />• Разгон до 100 км/ч: ~7.0 секунды<br />Технологии и безопасность (Volvo Cars Safety)<br />• Volvo Cars Safety — комплекс активной безопасности<br />• Адаптивный круиз-контроль с функцией Stop&amp;Go<br />• Система удержания в полосе и контроль слепых зон<br />• Автоматическое экстренное торможение с распознаванием пешеходов<br />• Камера кругового обзора 360°<br />• Система помощи при парковке с автопарковщиком<br />• Система мониторинга водителя (Driver Attention Warning)<br />• Беспроводные Apple CarPlay / Android Auto";https://static.tildacdn.com/stor3865-6237-4636-b239-383364303933/c8a159c7cbc2609f725ae58f8aa4cb69.jpg https://static.tildacdn.com/stor3339-3330-4038-b430-653134313365/e349526c42e3f0450c92ba964f13029f.jpg;0;;;;;NLzFldTs9i4Pvm5SdbFI;;0;0;0;0;Купить Volvo XC60 Black Edition 2025 новый – скандинавский премиум;Новый Volvo XC60 Black Edition 2025 г.в. Бензин 2.0L + MHEV (250 л.с.), черные акценты, кожа Nappa, Harman Kardon, AWD. В наличии.;Volvo XC60 Black Edition, XC60 2025, купить XC60 новый, Volvo XC60 скандинавский, XC60 Nappa, Volvo XC60 250 л.с., XC60 Black;;;;;
7,32883E+11;Audi;;;Автомобили;Audi Q7 50 TDI quattro (4M) 2020 — Дизель V6 286 л.с., 7 мест;"Флагманский 7-местный SUV Audi с дизелем V6! Audi Q7 50 TDI quattro (4M, 2020 г.в.) с легендарным дизелем V6 3.0 л TDI (286 л.с., 600 Нм), постоянный полный привод quattro, пневмоподвеска adaptive air suspension, матричные фары Matrix LED, виртуальная приборка Virtual Cockpit, премиальная аудиосистема B&amp;O 3D Advanced Sound.<br />?? Двигатель: 3.0 л V6 TDI дизель (286 л.с., 600 Нм)<br />?? Привод: Постоянный полный quattro<br />?? Коробка: 8-ступенчатая tiptronic<br />?? Салон: 7 мест (2+3+2)<br />?? Подвеска: Adaptive air suspension (пневматическая)<br />?? Диски: 20-21"" легкосплавные (опция 22"")<br />?? Свет: Matrix LED (матричные фары)<br />?? Аудио: B&amp;O 3D Advanced Sound (опция 23 дин. / 1920 Вт)<br />?? Разгон: 0-100 км/ч за 6.4 секунды<br />?? Расход: 7-9 л/100 км";"<p style=""text-align: left;"">Экстерьер — флагманский SUV Audi</p><p style=""text-align: left;"">Полноразмерный SUV с элегантным дизайном Audi:</p><p style=""text-align: left;"">• Фирменная решетка Singleframe с хромированными ламелями</p><p style=""text-align: left;"">• Матричные LED фары Matrix LED с адаптивным дальним светом — точное управление светом, не ослепляет встречных водителей</p><p style=""text-align: left;"">• Светодиодные задние фонари с динамическими поворотниками</p><p style=""text-align: left;"">• 20-21-дюймовые легкосплавные диски (опционально 22"")</p><p style=""text-align: left;"">• Панорамная стеклянная крыша с электроприводом шторки</p><p style=""text-align: left;"">• Электропривод двери багажника с функцией Hands-Free (открытие жестом ноги)</p><p style=""text-align: left;"">• Хромированные насадки выхлопной системы</p><p style=""text-align: left;"">• Рейлинги на крыше (хромированные или черные)</p><p style=""text-align: left;"">• Солнцезащитные шторки на задних окнах (опция)</p><p style=""text-align: left;"">Интерьер — 7-местный комфорт с Virtual Cockpit</p><p style=""text-align: left;"">Салон с премиальными материалами и 7-местной конфигурацией:</p><p style=""text-align: left;"">• Премиальная кожаная обивка (Valcona или Milano)</p><p style=""text-align: left;"">• Спортивные передние сиденья с электрорегулировкой, памятью, подогревом и вентиляцией</p><p style=""text-align: left;"">• 7-местная конфигурация (2+3+2) — три ряда сидений для большой семьи</p><p style=""text-align: left;"">• Многофункциональное рулевое колесо с кожаной отделкой и подогревом</p><p style=""text-align: left;"">• Центральный подлокотник с холодильником (опция)</p><p style=""text-align: left;"">• Декоративные накладки порогов с подсветкой</p><p style=""text-align: left;"">• 4-зонный климат-контроль с ионизацией воздуха</p><p style=""text-align: left;"">• Ambient Lighting — подсветка салона с 30 цветами</p><p style=""text-align: left;"">• Премиальная аудиосистема Bang &amp; Olufsen 3D Advanced Sound (опция) — 23 динамика, 1920 Вт, объемный звук 3D</p><p style=""text-align: left;"">• Audi Virtual Cockpit — 12.3"" цифровая приборная панель с тремя режимами отображения</p><p style=""text-align: left;"">• MMI Navigation Plus — 10.1"" центральный сенсорный экран с навигацией</p><p style=""text-align: left;"">• MMI touch response — тактильная обратная связь</p><p style=""text-align: left;"">• Head-Up Display — проекция на лобовое стекло</p><p style=""text-align: left;"">• Беспроводная зарядка для смартфона</p><p style=""text-align: left;"">• Apple CarPlay / Android Auto — беспроводное подключение</p><p style=""text-align: left;"">Драйв и динамика — дизель V6 TDI с quattro</p><p style=""text-align: left;"">• Двигатель: 3.0-литровый V6 TDI с турбонаддувом</p><p style=""text-align: left;"">• Мощность: 286 л.с. при 3500-4000 об/мин</p><p style=""text-align: left;"">• Крутящий момент: 600 Нм при 1250-3250 об/мин — отличная тяга!</p><p style=""text-align: left;"">• Коробка передач: 8-ступенчатая автоматическая tiptronic</p><p style=""text-align: left;"">• Постоянный полный привод quattro с самоблокирующимся центральным дифференциалом</p><p style=""text-align: left;"">• Пневматическая подвеска adaptive air suspension с адаптивными амортизаторами</p><p style=""text-align: left;"">• Audi drive select — режимы движения: Comfort, Auto, Dynamic, Efficiency, Individual, Off-road</p><p style=""text-align: left;"">• Разгон до 100 км/ч: 6.4 секунды — впечатляющая динамика для дизельного SUV</p><p style=""text-align: left;"">• Максимальная скорость: 241 км/ч</p><p style=""text-align: left;"">• Масса: ~2200 кг</p><p style=""text-align: left;"">• Объем багажника: 770-2075 литров (при сложенных задних сиденьях)</p><p style=""text-align: left;"">• Расход топлива: 7-9 л/100 км (смешанный)</p><p style=""text-align: left;"">• Запас хода: до 1000 км на одном баке</p><p style=""text-align: left;"">Технологии и безопасность — Audi Pre Sense</p><p style=""text-align: left;"">• Audi Pre Sense — комплекс активной безопасности:</p><p style=""text-align: left;"">— Audi Pre Sense front — автоматическое экстренное торможение с распознаванием пешеходов</p><p style=""text-align: left;"">— Audi Pre Sense rear — предупреждение о столкновении сзади</p><p style=""text-align: left;"">— Audi Pre Sense side — защита при боковом ударе</p><p style=""text-align: left;"">• Adaptive Cruise Control — адаптивный круиз-контроль с функцией Stop &amp; Go</p><p style=""text-align: left;"">• Audi Side Assist — ассистент слепых зон</p><p style=""text-align: left;"">• Audi Active Lane Assist — удержание в полосе с автоматическим подруливанием</p><p style=""text-align: left;"">• Cross Traffic Assist — предупреждение о перекрестном трафике при выезде задним ходом</p><p style=""text-align: left;"">• Parking System Plus — камеры 360° с 3D визуализацией</p><p style=""text-align: left;"">• Автоматическая парковка (опция)</p><p style=""text-align: left;"">• Система распознавания дорожных знаков</p><p style=""text-align: left;"">• Система распознавания усталости водителя</p>";https://static.tildacdn.com/stor6562-3438-4565-b836-646131643465/b205db5a9dcda9e3c4595bab1d7a08f8.jpg https://static.tildacdn.com/stor3365-3332-4064-a162-336263623431/6615ba0eb97f88c20e80789cfeb24510.jpg https://static.tildacdn.com/stor3063-3734-4933-b066-343837623032/c17fb5d9b67c8d77ffcb7f04c3c5a842.jpg https://static.tildacdn.com/stor3530-6162-4639-b533-656533636631/083bb54dc25586f414de2aac0fdf2ff8.jpg https://static.tildacdn.com/stor3837-3735-4138-a664-336139666165/b5dc3d5ca0662d00436a82415b93bfdb.jpg https://static.tildacdn.com/stor3239-6466-4162-a438-626637626238/ad308a0c5526cdd25ccffd6de160d2fc.jpg https://static.tildacdn.com/stor3036-3336-4830-b164-616162353238/41526034413e7c6c3ec14b624379c917.jpg https://static.tildacdn.com/stor3330-3262-4636-b961-356231636362/4177590f8e963f22b8481a8c4369602a.jpg https://static.tildacdn.com/stor6532-3734-4662-b032-383365663435/f6df9fa5cef9947e9e007a2eea0453a0.jpg https://static.tildacdn.com/stor3836-6336-4230-b464-316364303431/c46344bae26188aa40fe045cebb613f1.jpg https://static.tildacdn.com/stor3834-6331-4262-a534-353761333565/adc1e03df2ba14638967803ea0fa4b5a.jpg https://static.tildacdn.com/stor6137-3431-4662-b262-653133626530/7b5b40e75f7e8347e67bef15925a4261.jpg https://static.tildacdn.com/stor6635-3563-4031-b735-316266356635/8a9fe086779f677a7cd168cd4ceab1c7.jpg https://static.tildacdn.com/stor6632-3630-4436-a334-343366623663/f63bc4fd5ea2f8c7ecba0dfe3f1d09b6.jpg https://static.tildacdn.com/stor3737-6539-4135-b035-363162656465/78bc1e23611c89da5a7ac4fc70bd247d.jpg https://static.tildacdn.com/stor3763-3536-4437-a638-386638313734/b3ab824e65887a37046c2be301d10512.jpg https://static.tildacdn.com/stor6432-6563-4635-a663-343632646366/52ab3a086691d6ece676528fa3e4a73d.jpg https://static.tildacdn.com/stor3338-3338-4831-b866-386235656638/18971763b13b3f06f1b7ca9eab1b8c73.jpg https://static.tildacdn.com/stor3362-3665-4366-b662-663162343237/a1b7643301679cb5216d6259724a9211.jpg https://static.tildacdn.com/stor6531-6433-4365-a235-386339386538/5c8d4eb5933170f253e9fcab4883f520.jpg https://static.tildacdn.com/stor3238-6161-4836-b566-653061346133/05ffeb030ae6527bc2736efea06d3cc0.jpg;11000000.00;;;;;pZxH8x8CmTMRShTUHEFt;;0;0;0;0;Купить Audi Q7 50 TDI 2020 – дизель V6 286 л.с., quattro, 7 мест;"Audi Q7 50 TDI quattro 2020 г.в. Дизель V6 3.0L (286 л.с., 600 Нм), 7 мест, пневмоподвеска, Matrix LED, Virtual Cockpit, B&amp;O 1920 Вт. В наличии.";Audi Q7 50 TDI, Q7 2020, купить Q7 с пробегом, Audi Q7 дизель, Q7 quattro, Audi Q7 7 мест, Q7 пневмоподвеска;;;22;;
2,98615E+11;Toyota;;;"Автомобили;Автомобили>>>Новые";Toyota Land Cruiser 250 (Prado) 2.8 TD 4WD 2025 — Серый металлик (суффикс 61);"Автомобиль в наличии, новый с конвейера! Новый Toyota Land Cruiser 250 (Prado 6-го поколения, 2025 г.в.) в практичном сером цвете. Самый сбалансированный внедорожник Toyota: легендарный дизель 1GD-FTV + 48V MHEV, рамная платформа TNGA-F (как у LC300), постоянный полный привод с блокировкой и Multi-Terrain Monitor.<br />?? Цвет кузова: Серый металлик (Precious Cool Grey Metallic)<br />?? Двигатель: 2.8 л турбодизель 1GD-FTV (204 л.с., 500 Нм) + MHEV 48V<br />?? Коробка и привод: 8-ст. Direct Shift-8AT, Full-time 4WD, Torsen + блокировка заднего<br />?? Платформа: TNGA-F (на 50% жестче Prado 150, как у LC300/Tundra)<br />?? Салон: Экран 12.3"", цифровая приборка, JBL, Multi-Terrain Monitor<br />?? Экономичность: 9-11 л/100 км на трассе (фантастика для рамного джипа!)";Экстерьер и внедорожная геометрия<br />Новейший Land Cruiser 250 в сером цвете — это лучший выбор для того, чтобы подчеркнуть брутальную, рубленую ретро-геометрию нового кузова. Серый металлик идеально оттеняет штамповки и делает автомобиль визуально еще более мощным:<br />• Классические внедорожные пропорции с отличными углами въезда и съезда<br />• Высокий дорожный просвет и короткие свесы кузова<br />• Светодиодные фары с адаптивным дальним светом<br />• Легкосплавные диски с внедорожными шинами<br />• Рейлинги на крыше и мощная защита днища<br />• Электропривод двери багажника с функцией Hands-Free<br />Интерьер и технологии — никакой «тракторной» эргономики<br />Салон Prado 250 — это современный технологичный интерьер, кардинально отличающийся от предшественника:<br />• Огромный 12.3-дюймовый сенсорный экран мультимедийной системы<br />• Полностью цифровая приборная панель<br />• Multi-Terrain Monitor — камеры смотрят под днище, чтобы не наехать на камень или пень<br />• Премиальная аудиосистема JBL объемного звучания<br />• Кожаная отделка салона с подогревом и вентиляцией передних сидений<br />• Многозонный климат-контроль<br />• Беспроводная зарядка смартфона и интеграция Apple CarPlay / Android Auto<br />Драйв и динамика — паровозная тяга<br />• Двигатель: Легендарный 2.8 л турбодизель 1GD-FTV — ходит по 400-500 тысяч км без капиталки<br />• Технология: 48V Mild Hybrid (MHEV) — дает дополнительный буст на старте<br />• Мощность: 204 л.с. (150 кВт)<br />• Крутящий момент: Паровозные 500 Нм уже с 1600 об/мин!<br />• Коробка передач: 8-ступенчатый автомат Direct Shift-8AT<br />• Привод: Full-time 4WD с дифференциалом Torsen и электронной блокировкой заднего дифференциала<br />• Расход: 9-11 л/100 км на трассе<br />Платформа TNGA-F и безопасность<br />• Новая модульная рамная платформа TNGA-F (как у LC300 и Tundra) — кузов на 50% жестче Prado 150<br />• Toyota Safety Sense последнего поколения<br />• Адаптивный круиз-контроль, удержание в полосе, активное экстренное торможение<br />• Система помощи при спуске и подъеме;https://static.tildacdn.com/stor3433-3766-4532-b832-623861636539/fa8569d675f9f9fe043e3d591116b498.jpg https://static.tildacdn.com/stor3435-3636-4164-a133-663033613266/19e6abf0fbc23cb8d8a4fc0a7260bbc6.jpg;0;5;;;;1aCaMHu6XjefcDXGRvOV;;0;0;0;0;Купить Toyota Land Cruiser 250 Prado 2025 новый – серый, 4WD;Новый Toyota Land Cruiser 250 (Prado 6) 2025 г.в., серый металлик. Дизель 2.8L 1GD-FTV (204 л.с., 500 Нм), 48V MHEV, 8-ст. АКПП, Full-time 4WD, TNGA-F. В наличии.;Toyota Land Cruiser 250, Prado 250 2025, купить Prado серый, Land Cruiser 250 дизель, Prado TNGA-F, Toyota Prado 1GD-FTV, Land Cruiser 250 4WD;;;;;
1,68089E+11;Mazda;;;"Автомобили;Автомобили>>>Новые";Mazda CX-5 II Рестайлинг 2.0 AWD (KF) — Polymetal Gray;Автомобиль в наличии, готов к выдаче! Mazda CX-5 II Рестайлинг (кузов KF, 2022-2024 г.в.) в брутальном цвете Polymetal Gray Metallic — премиальном сером оттенке с металлическим эффектом. Японская сборка Хиросима, атмосферный 2.0 SkyActiv-G, классический автомат и полный привод AWD.<br />?? Цвет кузова: Polymetal Gray Metallic (серый металлик с эффектом полированного металла)<br />?? Двигатель: 2.0 л атмосферный SkyActiv-G (150 л.с.), цепь ГРМ<br />?? Коробка: 6-ступенчатый классический автомат<br />?? Привод: Полный AWD с интеллектуальной муфтой<br />?? Сборка: Хиросима, Япония<br />?? Стиль: Премиальный, строгий, статусный;"Экстерьер и стиль рестайлинга<br />• Фирменная решетка радиатора Mazda с хромированными ламелями<br />• Светодиодные фары с адаптивным дальним светом<br />• Легкосплавные диски премиум-класса (17-19"")<br />• Хромированные акценты создают премиальный контраст<br />• Электропривод двери багажника<br />Интерьер и комфорт<br />• Кожаная отделка сидений (опционально)<br />• Подогрев передних и задних сидений<br />• Обогрев рулевого колеса<br />• Двухзонный климат-контроль<br />• Мультимедийная система с сенсорным экраном<br />• Премиальная аудиосистема Bose (опционально)<br />Драйв и динамика — «Jinba Ittai»<br />• Двигатель: Атмосферный 2.0 л SkyActiv-G (150 л.с.)<br />• Цепь ГРМ — не требует замены до 200+ тыс. км<br />• Коробка передач: 6-ступенчатый классический автомат<br />• Полный привод AWD с интеллектуальной муфтой<br />• Философия «Jinba Ittai» — единение коня и всадника<br />Статусность серого цвета<br />• Премиальный оттенок — ассоциируется с Audi, Porsche, BMW<br />• Меньше пачкается по сравнению с черным и белым<br />• Царапины почти не видны — идеальный выбор для ежедневной эксплуатации<br />• Высокая ликвидность — серый цвет универсален и для мужчин, и для женщин";https://static.tildacdn.com/stor6462-6463-4462-a439-336438616332/900f2307bad516faced99e6ceaa71ec1.jpg https://static.tildacdn.com/stor3530-6133-4338-b539-616333356235/e0bc9d381f3ee8d2e15d83e86b0c10f6.jpg;0;;;;;ejvIU4iCvdYos4PuIkml;;0;0;0;0;Купить Mazda CX-5 2.0 AWD серый – Polymetal Gray, Япония;Mazda CX-5 II Рестайлинг в цвете Polymetal Gray Metallic. Японская сборка Хиросима. Атмосферник 2.0 SkyActiv-G (150 л.с.), автомат, AWD. В наличии.;Mazda CX-5 Polymetal Gray, CX-5 серый металлик, купить Mazda CX-5 новый, CX-5 2.0 SkyActiv, Mazda CX-5 AWD, CX-5 премиум, Mazda CX-5 Хиросима;;;;;
5,60251E+11;Mazda;;;"Автомобили;Автомобили>>>Новые";Mazda CX-5 II Рестайлинг 2.0 AWD (KF) — Platinum Quartz;Автомобиль в наличии, готов к выдаче! Mazda CX-5 II Рестайлинг (кузов KF, 2022-2024 г.в.) в элегантном цвете Platinum Quartz Metallic — современный оттенок с перламутровым эффектом. Японская сборка Хиросима, атмосферный 2.0 SkyActiv-G, классический автомат и полный привод AWD.<br />?? Цвет кузова: Platinum Quartz Metallic (платиновый кварц)<br />?? Двигатель: 2.0 л атмосферный SkyActiv-G (150 л.с.), цепь ГРМ<br />?? Коробка: 6-ступенчатый классический автомат<br />?? Привод: Полный AWD с интеллектуальной муфтой<br />?? Сборка: Хиросима, Япония<br />?? Практичность: Светлый цвет меньше нагревается на солнце;"Экстерьер и стиль рестайлинга<br />• Фирменная решетка радиатора Mazda с хромированными ламелями<br />• Светодиодные фары с адаптивным дальним светом<br />• Легкосплавные диски премиум-класса (17-19"")<br />• Хромированные акценты подчеркивают платиновый оттенок<br />• Электропривод двери багажника<br />Интерьер и комфорт<br />• Кожаная отделка сидений (опционально)<br />• Подогрев передних и задних сидений<br />• Обогрев рулевого колеса<br />• Двухзонный климат-контроль<br />• Мультимедийная система с сенсорным экраном<br />• Премиальная аудиосистема Bose (опционально)<br />Драйв и динамика — «Jinba Ittai»<br />• Двигатель: Атмосферный 2.0 л SkyActiv-G (150 л.с.)<br />• Цепь ГРМ — не требует замены до 200+ тыс. км<br />• Коробка передач: 6-ступенчатый классический автомат<br />• Полный привод AWD с интеллектуальной муфтой<br />• Философия «Jinba Ittai» — единение коня и всадника<br />Практичность платинового цвета<br />• Меньше нагревается на солнце летом — салон остается прохладнее<br />• Мелкие царапины менее заметны по сравнению с темными цветами<br />• Легче поддерживать в чистоте — пыль и грязь не так бросаются в глаза<br />• Высокая ликвидность — платиновый цвет универсален для любой аудитории<br /><br />";https://static.tildacdn.com/stor3834-6265-4438-a561-366564353537/299e366893a201f300066f1d9336a67c.jpg https://static.tildacdn.com/stor6263-3430-4362-b836-343261666338/5fa0a740c17db4241d07a629f0d38998.jpg;0;;;;;APUTbTAONxuYt0CDmk5f;;0;0;0;0;Купить Mazda CX-5 2.0 AWD платиновый – Platinum Quartz, Япония;Mazda CX-5 II Рестайлинг в цвете Platinum Quartz Metallic. Японская сборка Хиросима. Атмосферник 2.0 SkyActiv-G (150 л.с.), автомат, AWD. В наличии.;Mazda CX-5 Platinum Quartz, CX-5 платиновый, купить Mazda CX-5 новый, CX-5 2.0 SkyActiv, Mazda CX-5 AWD, CX-5 перламутр, Mazda CX-5 светлый;;;;;
1,60987E+11;Mazda;;;"Автомобили;Автомобили>>>Новые";Mazda CX-5 II Рестайлинг 2.0 AWD (KF) — Soul Red Crystal;Автомобиль в наличии, готов к выдаче! Mazda CX-5 II Рестайлинг (кузов KF, 2022-2024 г.в.) в фирменном цвете Soul Red Crystal Metallic — визитной карточке Mazda. Японская сборка Хиросима, атмосферный 2.0 SkyActiv-G, классический автомат и полный привод AWD.<br />?? Цвет кузова: Soul Red Crystal Metallic (фирменный красный Mazda)<br />?? Двигатель: 2.0 л атмосферный SkyActiv-G (150 л.с.), цепь ГРМ<br />?? Коробка: 6-ступенчатый классический автомат (не вариатор, не робот!)<br />?? Привод: Полный AWD с интеллектуальной муфтой<br />?? Сборка: Хиросима, Япония<br />?? Надежность: «Миллионник» без турбин и сложных систем;"Экстерьер и стиль рестайлинга<br />• Фирменная решетка радиатора Mazda с хромированными ламелями (идеально контрастирует с красным кузовом)<br />• Светодиодные фары с адаптивным дальним светом<br />• Светодиодные задние фонари с анимацией<br />• Легкосплавные диски премиум-класса (17-19"")<br />• Электропривод двери багажника<br />• Рейлинги на крыше<br />Интерьер и комфорт<br />• Кожаная отделка сидений (опционально)<br />• Подогрев передних и задних сидений<br />• Обогрев рулевого колеса<br />• Двухзонный климат-контроль<br />• Мультимедийная система с сенсорным экраном<br />• Поддержка Apple CarPlay / Android Auto<br />• Премиальная аудиосистема Bose (опционально)<br />Драйв и динамика — «Jinba Ittai»<br />• Двигатель: Легендарный атмосферный 2.0 л SkyActiv-G (150 л.с.)<br />• Цепь ГРМ вместо ремня — не требует замены до 200+ тыс. км<br />• Нет турбины — нет проблем к 100 тыс. км<br />• Коробка передач: 6-ступенчатый классический гидромеханический автомат<br />• Полный привод AWD с интеллектуальной муфтой<br />• Фирменная философия «Jinba Ittai» — единение коня и всадника<br />• Рулится интереснее, чем Toyota RAV4 или VW Tiguan<br />Надежность и ликвидность<br />• «Миллионник» — связка атмосферника и классического автомата ходит 300-500 тыс. км<br />• Ликвидность — теряет в цене медленнее, чем BMW X3 или Audi Q5<br />• Soul Red Crystal — самый востребованный цвет на вторичном рынке<br />• Экономичность — расход 7-9 л/100 км в смешанном цикле";https://static.tildacdn.com/stor3235-6334-4431-b839-306536306333/e57b62380ab93a08b78a0823e60366cf.jpg https://static.tildacdn.com/stor3266-6164-4535-b336-383138356639/8b5bf45b3193dce04629e5a201080669.jpg;0;;;;;5VX5uDsPxmpz68Mj6a9I;;0;0;0;0;Купить Mazda CX-5 2.0 AWD красный – Soul Red Crystal, Япония;Mazda CX-5 II Рестайлинг в фирменном цвете Soul Red Crystal. Японская сборка Хиросима. Атмосферник 2.0 SkyActiv-G (150 л.с.), автомат, AWD. В наличии.;Mazda CX-5 Soul Red, CX-5 красный, купить Mazda CX-5 новый, CX-5 2.0 SkyActiv, Mazda CX-5 AWD, CX-5 Япония, Mazda CX-5 Хиросима;;;;;
4,61202E+11;Lexus;;;"Автомобили;Автомобили>>>Новые";Lexus LX 700h Overtrail (Корея) 2025 — Гибрид 457 л.с.;"Абсолютная редкость! Новый Lexus LX 700h в эксклюзивной внедорожной комплектации Overtrail — первый гибридный LX с 33-дюймовыми вездеходными шинами, блокировками дифференциалов и усиленной защитой днища. Суммарная мощность 457 л.с. и 790 Нм. Версия для Кореи.<br />?? Цвет кузова: Черный (Black)<br />?? Салон: Черная премиальная кожа<br />?? Двигатель: V6 3.5L Twin-Turbo + электромотор (457 л.с., 790 Нм)<br />?? Привод: Полный 4WD с блокировками и понижающей передачей<br />?? Комплектация: Overtrail (внедорожная версия)<br />?? Особенность: 33"" вездеходные шины, защита днища, Torsen LSD";"Экстерьер — брутальный внедорожник<br />Флагманский внедорожник в агрессивном черном цвете с внедорожным пакетом:<br />• 33-дюймовые вездеходные шины All-Terrain на эксклюзивных дисках Overtrail<br />• Усиленная защита днища (двигатель, трансмиссия, топливный бак)<br />• Черные акценты экстерьера и черные молдинги<br />• Светодиодные матричные фары с тройными L-образными ДХО<br />• Рейлинги на крыше и черные дверные ручки<br />• Электропривод двери багажника с функцией Hands-Free<br />Интерьер Overtrail<br />Салон сочетает премиальный комфорт и внедорожную практичность:<br />• 7-местная конфигурация с тремя рядами сидений<br />• Премиальная кожа черного цвета с контрастной прострочкой<br />• 24-позиционные передние сиденья с массажем, вентиляцией и памятью<br />• Подогрев всех сидений (включая 3-й ряд) и рулевого колеса<br />• Декоративные вставки из натурального дерева и черного металла<br />• 4-зонный климат-контроль с ионизацией воздуха nanoe™ X<br />• Премиальная аудиосистема Mark Levinson на 25 динамиков<br />Драйв и внедорожные возможности<br />• Двигатель: V6 3.5L Twin-Turbo + электромотор в коробке передач<br />• Суммарная мощность: 457 л.с.<br />• Крутящий момент: 790 Нм (как у турбодизеля!)<br />• Коробка передач: 10-ступенчатый автомат Direct Shift-10AT<br />• Полный привод 4WD с понижающей передачей и блокировкой центрального дифференциала<br />• Дифференциал Torsen LSD с ограниченным проскальзыванием<br />• Платформа TNGA-F — первая рамная платформа Lexus<br />• Система Multi-Terrain Select с 6 режимами (включая Deep Snow и Mud)<br />• Crawl Control — автоматическое движение по бездорожью<br />• Разгон до 100 км/ч: ~6.9 секунды<br />Технологии и безопасность (Lexus Safety System+ 3.0)<br />• Lexus Safety System+ 3.0 — последняя версия комплекса безопасности<br />• Адаптивный круиз-контроль с функцией Stop&amp;Go<br />• Система удержания в полосе и контроль слепых зон<br />• Автоматическое экстренное торможение с распознаванием пешеходов<br />• Камера кругового обзора 360° с функцией «прозрачного капота»<br />• Проекционный дисплей (Head-Up)<br />• Беспроводная зарядка, Apple CarPlay / Android Auto";https://static.tildacdn.com/stor3533-3761-4736-b261-386535333534/84d0919fb331f88fe140018773c929c0.jpg https://static.tildacdn.com/stor3538-3365-4166-a165-616431363838/0b59822000319317a6d6a19689a97a93.jpg;0;;;;;PU67VigTMMDuHEkubRhv;;0;0;0;0;Купить Lexus LX 700h Overtrail 2025 новый – гибрид 457 л.с.;"Новый Lexus LX 700h Overtrail 2025 г.в. Гибрид V6 Twin-Turbo + электромотор (457 л.с., 790 Нм), 33"" шины, блокировки, Mark Levinson. В наличии.";Lexus LX 700h Overtrail, купить LX 700h новый, Lexus LX гибрид, LX 700h Overtrail, Lexus LX 457 л.с., LX 700h внедорожник, Lexus LX Корея;;;;;
4,70241E+11;Toyota;;;"Автомобили;Автомобили>>>Новые";Toyota Land Cruiser 300 GR Sport 3.5T (J300) 2025 — Белая жемчужина;Внедорожный топ! Новый Toyota Land Cruiser 300 в топовой комплектации GR Sport с битурбо-V6 415 л.с., спортивной подвеской и внедорожным арсеналом. Белый кузов с черным салоном — максимальный контраст и статус.<br />?? Цвет кузова: Белый перламутровый (White Pearl)<br />?? Салон: Черная кожа с красной прострочкой GR<br />?? Двигатель: V6 3.5L Twin-Turbo бензин (415 л.с., 650 Нм)<br />?? Привод: Full-time 4WD с блокировками дифференциалов<br />?? Комплектация: GR Sport (спортивная внедорожная версия)<br />?? Платформа: Новая рамная TNGA-F (как у LC300);"Экстерьер — агрессивный GR-дизайн<br />Белый кузов с черными акцентами GR Sport:<br />• Эксклюзивные бампера GR Sport с увеличенными воздухозаборниками<br />• Черная решетка радиатора с логотипом GR<br />• 20-дюймовые легкосплавные диски GR черного цвета<br />• Расширенные колесные арки и черные молдинги<br />• Светодиодные фары с адаптивным дальним светом<br />• Полноразмерное запасное колесо<br />• Рейлинги на крыше и защитные накладки<br />Интерьер — спортивный люкс<br />Салон GR Sport сочетает спортивность и комфорт:<br />• Премиальная кожа черного цвета с красной контрастной прострочкой GR<br />• Спортивные сиденья с усиленной боковой поддержкой и логотипами GR<br />• Подогрев и вентиляция передних сидений<br />• Обогрев рулевого колеса с логотипом GR<br />• Мультимедийная система Toyota Smart Connect с экраном 12.3 дюйма<br />• Полностью цифровая приборная панель<br />• Премиальная аудиосистема JBL с 14 динамиками<br />• 4-зонный климат-контроль<br />Драйв и внедорожные возможности<br />• Двигатель: Легендарный V6 3.5L Twin-Turbo (V35A-FTS) — битурбо бензин<br />• Мощность: 415 л.с.<br />• Крутящий момент: 650 Нм<br />• Коробка передач: Direct Shift-10AT (10-ступенчатый автомат)<br />• Полный привод Full-time 4WD с блокировками дифференциалов<br />• Спортивная подвеска GR Sport с усиленными амортизаторами<br />• Усиленные тормоза GR с увеличенными дисками<br />• Система Multi-Terrain Select с 6 режимами<br />• Crawl Control — автоматическое движение по бездорожью<br />• Новая платформа TNGA-F — на 200 кг легче и жестче LC200<br />• Разгон до 100 км/ч: ~6.7 секунды<br />Технологии и безопасность (Toyota Safety Sense 3.0)<br />• Toyota Safety Sense 3.0 — последняя версия комплекса безопасности<br />• Адаптивный круиз-контроль с функцией Stop&amp;Go<br />• Система удержания в полосе и контроль слепых зон<br />• Автоматическое экстренное торможение с распознаванием пешеходов<br />• Камера кругового обзора 360° с функцией «прозрачного капота»<br />• Система распознавания дорожных знаков<br />• Проекционный дисплей (Head-Up)";https://static.tildacdn.com/stor3330-3861-4338-b433-393266346432/5f4d3ac5b6b78aa7b6e410e0cc38941b.jpg https://static.tildacdn.com/stor3330-3236-4638-a364-643132303236/7c346f650c7278a62bb260b70f54dfcb.jpg;0;;;;;343NClVcX2fXl25xFmKL;;0;0;0;0;Купить Toyota Land Cruiser 300 GR Sport 2025 новый – V6 Twin-Turbo;Новый Toyota Land Cruiser 300 GR Sport 2025 г.в. V6 3.5L Twin-Turbo (415 л.с., 650 Нм), спортивная подвеска GR, блокировки, JBL 14 дин. Цвет белый. В наличии.;Toyota Land Cruiser 300 GR Sport, LC300 GR Sport 2025, купить LC 300 новый, Land Cruiser GR Sport, LC300 V6 Twin-Turbo, Toyota LC 300 белый, LC300 GR Sport 415 л.с.;;;;;
4,96701E+11;Toyota;;;"Автомобили;Автомобили>>>Новые";Toyota Land Cruiser 300 3.3d Premium (J300) 2025 — Дизельный люкс;Дизельный люкс! Новый Toyota Land Cruiser 300 в топовой комплектации Premium с турбодизелем V6 3.3 л (305 л.с., 700 Нм), пневмоподвеской и максимальным пакетом опций. Черный кузов с черным салоном — классика люкса.<br />?? Цвет кузова: Черный (Black)<br />?? Салон: Черная премиальная кожа<br />?? Двигатель: V6 3.3L Twin-Turbo дизель (305 л.с., 700 Нм)<br />?? Привод: Full-time 4WD с блокировками дифференциалов<br />?? Комплектация: Premium (топовая люкс-версия)<br />?? Платформа: Новая рамная TNGA-F;"Экстерьер — статус и мощь<br />Черный кузов с премиальными деталями:<br />• Хромированная решетка радиатора с горизонтальными ламелями<br />• Светодиодные фары с адаптивным дальним светом<br />• 20-дюймовые легкосплавные диски премиум-класса<br />• Хромированные молдинги и дверные ручки<br />• Электропривод двери багажника с функцией Hands-Free<br />• Рейлинги на крыше и защитные накладки<br />Интерьер — премиальный люкс<br />Салон Premium создан для максимального комфорта:<br />• Премиальная кожа черного цвета с декоративной прострочкой<br />• 24-позиционные передние сиденья с массажем, вентиляцией и памятью<br />• Подогрев всех сидений (включая 3-й ряд) и рулевого колеса<br />• Пневмоподвеска с адаптивными амортизаторами<br />• Декоративные вставки из натурального дерева и металла<br />• Мультимедийная система Toyota Smart Connect с экраном 12.3 дюйма<br />• Премиальная аудиосистема JBL с 14 динамиками<br />• 4-зонный климат-контроль с ионизацией воздуха<br />Драйв и внедорожные возможности<br />• Двигатель: V6 3.3L Twin-Turbo дизель (F33A-FTV) — битурбо дизель<br />• Мощность: 305 л.с.<br />• Крутящий момент: 700 Нм (паровозная тяга!)<br />• Коробка передач: Direct Shift-10AT (10-ступенчатый автомат)<br />• Полный привод Full-time 4WD с блокировками дифференциалов<br />• Пневмоподвеска с регулируемым клиренсом<br />• Система Multi-Terrain Select с 6 режимами<br />• Crawl Control — автоматическое движение по бездорожью<br />• Новая платформа TNGA-F — на 200 кг легче и жестче LC200<br />• Экономичность: ~9-11 л/100 км на трассе<br />Технологии и безопасность (Toyota Safety Sense 3.0)<br />• Toyota Safety Sense 3.0 — последняя версия комплекса безопасности<br />• Адаптивный круиз-контроль с функцией Stop&amp;Go<br />• Система удержания в полосе и контроль слепых зон<br />• Автоматическое экстренное торможение с распознаванием пешеходов<br />• Камера кругового обзора 360° с функцией «прозрачного капота»<br />• Система распознавания дорожных знаков<br />• Проекционный дисплей (Head-Up)";https://static.tildacdn.com/stor3239-3134-4536-a336-666563663431/7ab1fe25ad8c937f6c29e8a2fd53f790.jpg https://static.tildacdn.com/stor3634-3961-4238-b364-313663323431/a43d7752f684d0cdbbb2a2c1a0fd2ddc.jpg;0;;;;;PDF47tJ83nr9jEbPeNdT;;0;0;0;0;Купить Toyota Land Cruiser 300 Premium 2025 новый – дизель 305 л.с.;Новый Toyota Land Cruiser 300 Premium 2025 г.в. Дизель V6 3.3L Twin-Turbo (305 л.с., 700 Нм), пневмоподвеска, JBL 14 дин., массаж. Цвет черный. В наличии.;Toyota Land Cruiser 300 Premium, LC300 дизель 2025, купить LC 300 новый, Land Cruiser 300 Premium, LC300 3.3d, Toyota LC 300 пневмоподвеска, LC300 305 л.с.;;;;;
2,26039E+11;Lexus;;;"Автомобили;Автомобили>>>Новые";Lexus LX 700h Luxury (Корея) 2025 — Гибрид 457 л.с.;Гибридный флагман! Новый Lexus LX 700h в топовой комплектации Luxury для рынка Кореи. Первый в истории Lexus полноценный гибрид с V6 твин-турбо и электромотором — суммарная мощность 457 л.с. и 790 Нм. Эксклюзивное сочетание черного кузова и абрикосового салона.<br />?? Цвет кузова: Черный (Obsidian Black)<br />?? Салон: Абрикосовая кожа (Apricot) — редчайшее сочетание!<br />?? Двигатель: V6 3.5L Twin-Turbo + электромотор (457 л.с., 790 Нм)<br />?? Привод: Полный 4WD с понижающей передачей<br />?? Комплектация: Luxury (Корея, 7 мест, Mark Levinson)<br />?? Особенность: Корейская спецификация с расширенным пакетом опций;"Экстерьер — статус и мощь<br />Флагманский внедорожник в глубоком черном цвете:<br />• Фирменная решетка радиатора Lexus с огромной веретенообразной формой<br />• Светодиодные матричные фары с тройными L-образными ДХО<br />• Легкосплавные диски 22 дюйма в эксклюзивном дизайне Luxury<br />• Панорамная стеклянная крыша с электроприводом<br />• Электропривод двери багажника с функцией Hands-Free<br />• Рейлинги на крыше и хромированные акценты<br />Интерьер Luxury<br />Салон в эксклюзивном абрикосовом цвете — редчайшее сочетание для Lexus:<br />• 7-местная конфигурация с тремя рядами сидений<br />• Премиальная полуанилиновая кожа абрикосового цвета<br />• 24-позиционные передние сиденья с массажем, вентиляцией и памятью<br />• Подогрев всех сидений (включая 3-й ряд) и рулевого колеса<br />• Декоративные вставки из натурального дерева Shimamoku<br />• 4-зонный климат-контроль с ионизацией воздуха nanoe™ X<br />• Потолок из премиальной замши<br />• Премиальная аудиосистема Mark Levinson на 25 динамиков<br />Драйв и динамика — гибридная мощь<br />• Двигатель: V6 3.5L Twin-Turbo + электромотор в коробке передач<br />• Суммарная мощность: 457 л.с.<br />• Крутящий момент: 790 Нм (как у турбодизеля!)<br />• Коробка передач: 10-ступенчатый автомат Direct Shift-10AT<br />• Полный привод 4WD с понижающей передачей и блокировкой центрального дифференциала<br />• Платформа TNGA-F — первая рамная платформа Lexus с электроусилителем<br />• Система Multi-Terrain Select с 6 режимами (включая новый Deep Snow)<br />• Разгон до 100 км/ч: ~6.9 секунды<br />• Экономичность: расход на 15-20% ниже, чем у бензинового LX600<br />Технологии и безопасность (Lexus Safety System+ 3.0)<br />• Lexus Safety System+ 3.0 — последняя версия комплекса безопасности<br />• Адаптивный круиз-контроль с функцией Stop&amp;Go<br />• Система удержания в полосе и контроль слепых зон<br />• Автоматическое экстренное торможение с распознаванием пешеходов<br />• Камера кругового обзора 360° с функцией «прозрачного капота»<br />• Проекционный дисплей (Head-Up) с цветным отображением<br />• Беспроводная зарядка, Apple CarPlay / Android Auto<br />Особенности корейской спецификации<br />Автомобиль собран в спецификации для рынка Южной Кореи:<br />• Расширенный пакет опций для корейского рынка<br />• Специальные настройки подвески для азиатских дорог<br />• Расширенная гарантия и сервисное обслуживание";https://static.tildacdn.com/stor6437-3437-4034-b163-623337373135/f36879770260f69fff2c23d9d385e985.jpg https://static.tildacdn.com/stor6638-3664-4430-a464-376161633339/b61c6e223cbdbd55cc0fa01b96bcdf75.jpg;0;;;;;Iiles3UNZdllGjThsDGn;;0;0;0;0;Купить Lexus LX 700h Luxury 2025 новый – гибрид 457 л.с., Корея;Новый Lexus LX 700h Luxury 2025 г.в. Гибрид V6 Twin-Turbo + электромотор (457 л.с., 790 Нм), 7 мест, Mark Levinson, панорама. Цвет черный/абрикос. В наличии.;Lexus LX 700h, купить LX 700h новый, Lexus LX гибрид, LX 700h Luxury, Lexus LX 457 л.с., LX 700h Корея, Lexus LX абрикосовый салон;;;;;
5,85929E+11;Lexus;;;"Автомобили;Автомобили>>>Новые";Lexus LX 600 Luxury + 7S (J300) 2025 — Белый перламутр, Черный салон;Флагманский внедорожник! Новый Lexus LX 600 в топовой комплектации Luxury с 7-местным салоном. Битурбо-V6 415 л.с. на новой платформе TNGA-F. Эффектное сочетание белого перламутрового кузова и строгого черного салона — максимальный контраст и статус.<br />?? Цвет кузова: Белый перламутровый (White Pearl)<br />?? Салон: Черная премиальная полуанилиновая кожа<br />?? Двигатель: V6 3.5L Twin-Turbo бензин (415 л.с., 650 Нм)<br />?? Привод: Полный 4WD с блокировками дифференциалов<br />?? Комплектация: Luxury + 7S (7 мест, Mark Levinson, панорама)<br />?? Платформа: Новая TNGA-F (как у LC300);"Экстерьер — статус и контраст<br />Флагманский внедорожник в эффектном белом цвете, который идеально подчеркивает массивные линии кузова:<br />• Фирменная решетка радиатора Lexus с огромной веретенообразной формой<br />• Светодиодные матричные фары с тройными L-образными ДХО<br />• Легкосплавные диски 22 дюйма в эксклюзивном дизайне Luxury<br />• Панорамная стеклянная крыша с электроприводом<br />• Электропривод двери багажника с функцией Hands-Free<br />• Хромированные акценты, которые ярко играют на белом кузове<br />Интерьер Luxury + 7S<br />Салон в топовой комплектации с максимальным комфортом:<br />• 7-местная конфигурация с тремя рядами сидений<br />• Премиальная полуанилиновая кожа черного цвета (создает строгий контраст с белым кузовом)<br />• 24-позиционные передние сиденья с массажем, вентиляцией и памятью<br />• Подогрев всех сидений (включая 3-й ряд) и рулевого колеса<br />• Декоративные вставки из натурального дерева Shimamoku<br />• 4-зонный климат-контроль с ионизацией воздуха nanoe™ X<br />• Премиальная аудиосистема Mark Levinson на 25 динамиков<br />Драйв и динамика<br />• Двигатель: V6 3.5L Twin-Turbo (V35A-FTS) — битурбо бензин<br />• Мощность: 415 л.с. | Крутящий момент: 650 Нм<br />• Коробка передач: Direct Shift-10AT (10-ступенчатый автомат)<br />• Полный привод 4WD с понижающей передачей и блокировкой центрального дифференциала<br />• Система Multi-Terrain Select и Crawl Control<br />• Разгон до 100 км/ч: ~6.9 секунды<br />Технологии и безопасность (Lexus Safety System+ 3.0)<br />• Адаптивный круиз-контроль с функцией Stop&amp;Go<br />• Система удержания в полосе и контроль слепых зон<br />• Автоматическое экстренное торможение с распознаванием пешеходов<br />• Камера кругового обзора 360° с функцией «прозрачного капота»<br />• Проекционный дисплей (Head-Up)<br /><br />";https://static.tildacdn.com/stor6132-3134-4236-b962-353264373933/ed999b8061ec11ce5a541676594f697f.jpg https://static.tildacdn.com/stor3862-3236-4630-a536-333736646133/3491e03c273480cbb073f3c52e6be545.jpg;0;;;;;0D2s1NLNmjx1H6Br5jM6;;0;0;0;0;Купить Lexus LX 600 Luxury 2025 новый – белый, V6 Twin-Turbo, 7 мест;Новый Lexus LX 600 Luxury 2025 г.в. V6 3.5L Twin-Turbo (415 л.с., 650 Нм), 7 мест, Mark Levinson 25 дин., панорама, TNGA-F. Цвет белый/черный. В наличии.;Lexus LX 600, купить LX 600 новый, Lexus LX Luxury белый, LX 600 415 л.с., Lexus LX 7 мест, LX 600 Mark Levinson, Lexus LX TNGA-F;;;;;
7,56685E+11;Lexus;;;"Автомобили;Автомобили>>>Новые";Lexus LX 700h Luxury (Корея) 2025 — Гибрид 457 л.с., Total Black;Гибридный флагман в стелс-режиме! Новый Lexus LX 700h в топовой комплектации Luxury для рынка Кореи. Первый в истории Lexus полноценный гибрид с V6 твин-турбо и электромотором — суммарная мощность 457 л.с. и 790 Нм. Строгий черный кузов и черный салон для тех, кто не любит привлекать лишнее внимание.<br />?? Цвет кузова: Черный (Obsidian Black)<br />?? Салон: Черная премиальная кожа<br />?? Двигатель: V6 3.5L Twin-Turbo + электромотор (457 л.с., 790 Нм)<br />?? Привод: Полный 4WD с понижающей передачей<br />?? Комплектация: Luxury (Корея, 7 мест, Mark Levinson)<br />?? Экономичность: На 15-20% экономичнее бензинового LX 600;Экстерьер — строгий Total Black<br />Флагманский внедорожник в глубоком черном цвете:<br />• Фирменная решетка радиатора Lexus с веретенообразной формой<br />• Светодиодные матричные фары с тройными L-образными ДХО<br />• Легкосплавные диски 22 дюйма в черном/темном дизайне Luxury<br />• Панорамная стеклянная крыша с электроприводом<br />• Электропривод двери багажника с функцией Hands-Free<br />Интерьер Luxury<br />Салон в тотально черном исполнении — выбор прагматичных эстетов:<br />• 7-местная конфигурация с тремя рядами сидений<br />• Премиальная полуанилиновая кожа черного цвета (самая практичная и немаркая)<br />• 24-позиционные передние сиденья с массажем, вентиляцией и памятью<br />• Подогрев всех сидений (включая 3-й ряд) и рулевого колеса<br />• Декоративные вставки из натурального темного дерева<br />• 4-зонный климат-контроль с ионизацией воздуха nanoe™ X<br />• Премиальная аудиосистема Mark Levinson на 25 динамиков<br />Драйв и динамика — гибридная мощь<br />• Двигатель: V6 3.5L Twin-Turbo + электромотор<br />• Суммарная мощность: 457 л.с. (на 42 л.с. больше, чем у LX 600!)<br />• Крутящий момент: 790 Нм (паровозная тяга!)<br />• Коробка передач: 10-ступенчатый автомат Direct Shift-10AT (без вариатора!)<br />• Полный привод 4WD с понижающей передачей и блокировками<br />• Разгон до 100 км/ч: ~6.9 секунды<br />• Экономичность: расход на 15-20% ниже, чем у бензинового LX 600<br />Почему гибрид 700h лучше бензина 600?<br />• Мощнее: 457 л.с. против 415 л.с.<br />• Больше момента: 790 Нм против 650 Нм (идеально для обгонов на трассе)<br />• Экономичнее: меньше расход топлива в городе за счет электромотора<br />• Плавнее: электромотор полностью сглаживает турбояму при старте;https://static.tildacdn.com/stor6361-6465-4938-a266-626162333263/59b238ff2982f1ccfdcf232a04344848.jpg https://static.tildacdn.com/stor3361-3566-4035-b662-316365666563/c53c7833e0dc07f155133d435c83b45f.jpg;0;;;;;Uf6CuBlS75LgecIBe6Ej;;0;0;0;0;Купить Lexus LX 700h Luxury 2025 новый – гибрид 457 л.с., черный;Новый Lexus LX 700h Luxury 2025 г.в. Гибрид V6 Twin-Turbo (457 л.с., 790 Нм), 7 мест, Mark Levinson, панорама. Цвет черный/черный. Корея. В наличии.;Lexus LX 700h, купить LX 700h новый, Lexus LX гибрид, LX 700h Luxury черный, Lexus LX 457 л.с., LX 700h Корея, Lexus LX 790 Нм;;;;;
2,43262E+11;BMW;;;"Автомобили;Автомобили>>>С пробегом";BMW X6 xDrive40d M Sport Pro (G06 LCI) 2025 — пробег 4 000 км;"Автомобиль в наличии, пробег 4 000 км! BMW X6 xDrive40d (рестайлинг G06 LCI, 2025 г.в.) в агрессивном кузове купе-кроссовер с мощнейшим дизелем 340 л.с. Пакет M Sport Pro, Iconic Glow, панорама Sky Lounge, красные тормоза M и 22"" диски.<br />?? Цвет кузова: Carbonschwarz Metallic<br />?? Салон: Кожа коричневая<br />?? Пробег: 4 000 км (состояние нового)<br />?? Двигатель: 3.0 л дизель R6 (340 л.с., 720 Нм)<br />?? Пакет: M Sport Pro + Iconic Glow + 22"" диски M 742<br />?? Подвеска: 2-осная пневматическая + подруливание<br />?? Салон: Sky Lounge панорама, 4-зонный климат, Crafted Clarity<br />?? Мультимедиа: Live Cockpit Pro, Harman Kardon, Driving Assistant Pro";"Экстерьер и стиль M Sport Pro<br />Купе-кроссовер в глубоком цвете Carbonschwarz Metallic с расширенным пакетом M Sport Pro:<br />• Решётка радиатора BMW Iconic Glow с контурной подсветкой<br />• Огромные 22-дюймовые M-диски (сдвоенные спицы 742 M) с разноразмерными шинами<br />• Спортивный тормоз M с красными глянцевыми суппортами<br />• Фонари M Shadow Line Individual<br />• Рейлинги M Shadow Line (черный глянец)<br />• Спортивная выхлопная система M<br />• Панорамная стеклянная крыша Sky Lounge со светодиодной подсветкой<br />• Солнцезащитные шторки для задних дверей<br />• Комфортный доступ и автодоводчик дверей<br />Интерьер и комфорт<br />Салон обит роскошной коричневой кожей с декором из черного рояльного лака (Piano Finish Black) и стеклянными элементами Crafted Clarity:<br />• Комфортные передние сиденья с памятью и вентиляцией<br />• Обогрев передних и задних сидений, пакет теплового комфорта<br />• 4-зонный автоматический климат-контроль<br />• Подстаканники с регулировкой температуры<br />• M-ремни безопасности и M-рулевое колесо<br />• Сопровождающее освещение салона<br />• Система Travel &amp; Comfort<br />• Потолок Individual цвета «антрацит»<br />Драйв и динамика<br />• Двигатель: 3.0 л турбодизель R6 с технологией рекуперации<br />• Мощность: 340 л.с. и 720 Нм крутящего момента<br />• Спортивная 8-ступенчатая АКПП Steptronic<br />• Полный привод xDrive<br />• 2-осная пневматическая подвеска<br />• Интегральное активное рулевое управление (подруливание задних колёс)<br />• Разгон до 100 км/ч: ~5.7 секунды<br />Технологии и безопасность<br />• BMW Live Cockpit Professional<br />• Аудиосистема Harman Kardon Surround Sound<br />• Комплекс Driving Assistant Professional<br />• Ассистент парковки Professional<br />• Беспроводная зарядка, персональная eSIM 5G<br />• Система управления жестами BMW";https://static.tildacdn.com/stor3063-6339-4438-b865-323036363962/96636a3e1fc04ad68cb36f9fb708a997.jpg https://static.tildacdn.com/stor6638-3465-4432-a263-633063613566/63cd1327bac1349bdb419166f745e501.jpg;0;;;;;yXbFIvPRddPNKU5YJyE6;;0;0;0;0;BMW X6 xDrive40d 2025 с пробегом 4 000 км – M Sport Pro, 340 л.с.;"BMW X6 G06 LCI 2025 г.в. с пробегом 4 000 км. xDrive40d (340 л.с., 720 Нм), M Sport Pro, Iconic Glow, 22"" диски, Sky Lounge, Harman Kardon. В наличии.";BMW X6 xDrive40d, BMW X6 G06 LCI 2025, BMW X6 с пробегом 4000 км, купить BMW X6 дизель, BMW X6 M Sport Pro, BMW X6 Iconic Glow, BMW X6 Sky Lounge;;;;;
7,32242E+11;BMW;;;"Автомобили;Автомобили>>>Новые";BMW X5 xDrive40d M Sport Pro (G05 LCI) 2026 — 340 л.с., Iconic Glow;"Автомобиль в наличии, готов к выдаче! Новый BMW X5 xDrive40d (рестайлинг G05 LCI, 2026 г.в.) в максимальной комплектации M Sport Pro с мощнейшим дизелем 340 л.с. Черный кузов, коричневый салон, решетка Iconic Glow, Sky Lounge панорама и 22"" диски M 742.<br />?? Двигатель: 3.0 л дизель R6 (340 л.с., 720 Нм)<br />?? Пакет: M Sport Pro + Iconic Glow + Innovation + Comfort<br />?? Диски: 22"" M сдвоенные спицы 742 M с разноразмерными шинами<br />?? Тормоза: M Sport Brake с красными глянцевыми суппортами<br />?? Подвеска: 2-осная пневматическая + подруливание задних колес<br />?? Салон: Sky Lounge панорама, 4-зонный климат, Crafted Clarity<br />?? Мультимедиа: Live Cockpit Pro, Harman Kardon, Driving Assistant Pro";"Экстерьер и стиль M Sport Pro<br />Современный SUV в максимальной комплектации с пакетом M Sport Pro:<br />• Решётка радиатора BMW Iconic Glow с контурной подсветкой<br />• Огромные 22-дюймовые M-диски (сдвоенные спицы 742 M) с разноразмерными шинами<br />• Спортивный тормоз M с красными глянцевыми суппортами<br />• Фонари M Shadow Line Individual<br />• Рейлинги M Shadow Line (черный глянец)<br />• Спортивная выхлопная система M<br />• Панорамная стеклянная крыша Sky Lounge со светодиодной подсветкой<br />• Солнцезащитные шторки для задних дверей<br />• Комфортный доступ и автодоводчик дверей<br />Интерьер и комфорт<br />Салон обит роскошной коричневой кожей с декором из черного рояльного лака (Piano Finish Black) и стеклянными элементами Crafted Clarity:<br />• Комфортные передние сиденья с памятью и вентиляцией<br />• Обогрев передних и задних сидений, пакет теплового комфорта<br />• 4-зонный автоматический климат-контроль<br />• Подстаканники с регулировкой температуры<br />• M-ремни безопасности и M-рулевое колесо<br />• Сопровождающее освещение салона<br />• Система Travel &amp; Comfort<br />• Потолок Individual цвета «антрацит»<br />Драйв и динамика<br />• Двигатель: 3.0 л турбодизель R6 с технологией рекуперации<br />• Мощность: 340 л.с. и 720 Нм крутящего момента<br />• Спортивная 8-ступенчатая АКПП Steptronic<br />• Полный привод xDrive<br />• 2-осная пневматическая подвеска<br />• Интегральное активное рулевое управление (подруливание задних колёс)<br />• Разгон до 100 км/ч: ~5.7 секунды<br />Технологии и безопасность<br />• BMW Live Cockpit Professional<br />• Аудиосистема Harman Kardon Surround Sound<br />• Комплекс Driving Assistant Professional<br />• Ассистент парковки Professional<br />• Беспроводная зарядка, персональная eSIM 5G<br />• Активная защита пешеходов<br />• Пакет инноваций и комфорт-пакет";https://static.tildacdn.com/stor3836-3265-4363-b530-643632343666/10148965ac2f31def9fbf386bd48dae4.jpg https://static.tildacdn.com/stor6362-3632-4231-b137-386362346634/9394439f166f31a43c64979002fa5e8f.jpg;0;;;;;tpEHlRU36rPRTIpcxnu4;;0;0;0;0;Купить BMW X5 xDrive40d 2026 новый – M Sport Pro, 340 л.с.;"Новый BMW X5 G05 LCI 2026 г.в. xDrive40d (340 л.с., 720 Нм), M Sport Pro, Iconic Glow, 22"" диски, Sky Lounge, пневмоподвеска, Harman Kardon. В наличии.";BMW X5 xDrive40d, BMW X5 G05 LCI 2026, новый BMW X5 дизель, BMW X5 M Sport Pro, BMW X5 340 л.с., BMW X5 Iconic Glow, BMW X5 Sky Lounge;;;;;
2,85016E+11;BMW;;;"Автомобили;Автомобили>>>С пробегом";BMW X6 xDrive40d M Sport Pro (G06 LCI) 2025 — пробег 8 000 км;"Автомобиль в наличии, пробег 8 000 км! BMW X6 xDrive40d (рестайлинг G06 LCI, 2025 г.в.) в агрессивном кузове купе-кроссовер с мощнейшим дизелем 340 л.с. Пакет M Sport Pro, Iconic Glow, панорама Sky Lounge, 22"" диски M 742.<br />?? Цвет кузова: Carbonschwarz Metallic<br />?? Салон: Кожа коричневая<br />?? Пробег: 8 000 км (состояние нового)<br />?? Двигатель: 3.0 л дизель R6 (340 л.с., 720 Нм)<br />?? Пакет: M Sport Pro + Iconic Glow + Innovation + Comfort<br />?? Диски: 22"" M сдвоенные спицы 742 M с разноразмерными шинами<br />?? Подвеска: 2-осная пневматическая + подруливание<br />?? Салон: Sky Lounge панорама, 4-зонный климат, Crafted Clarity<br />?? Мультимедиа: Live Cockpit Pro, Harman Kardon, Driving Assistant Pro";"Экстерьер и стиль M Sport Pro<br />Купе-кроссовер в глубоком цвете Carbonschwarz Metallic с расширенным пакетом M Sport Pro:<br />• Решётка радиатора BMW Iconic Glow с контурной подсветкой<br />• Огромные 22-дюймовые M-диски (сдвоенные спицы 742 M) с разноразмерными шинами<br />• Спортивный тормоз M с красными глянцевыми суппортами<br />• Фонари M Shadow Line Individual<br />• Рейлинги M Shadow Line (черный глянец)<br />• Спортивная выхлопная система M<br />• Панорамная стеклянная крыша Sky Lounge со светодиодной подсветкой<br />• Солнцезащитные шторки для задних дверей<br />• Комфортный доступ и автодоводчик дверей<br />Интерьер и комфорт<br />Салон обит роскошной коричневой кожей с декором из черного рояльного лака (Piano Finish Black) и стеклянными элементами Crafted Clarity:<br />• Комфортные передние сиденья с памятью и вентиляцией<br />• Обогрев передних и задних сидений, пакет теплового комфорта<br />• 4-зонный автоматический климат-контроль<br />• Подстаканники с регулировкой температуры<br />• M-ремни безопасности и M-рулевое колесо<br />• Сопровождающее освещение салона<br />• Система Travel &amp; Comfort<br />• Потолок Individual цвета «антрацит»<br />Драйв и динамика<br />• Двигатель: 3.0 л турбодизель R6 с технологией рекуперации<br />• Мощность: 340 л.с. и 720 Нм крутящего момента<br />• Спортивная 8-ступенчатая АКПП Steptronic<br />• Полный привод xDrive<br />• 2-осная пневматическая подвеска<br />• Интегральное активное рулевое управление (подруливание задних колёс)<br />• Разгон до 100 км/ч: ~5.7 секунды<br />Технологии и безопасность<br />• BMW Live Cockpit Professional<br />• Аудиосистема Harman Kardon Surround Sound<br />• Комплекс Driving Assistant Professional<br />• Ассистент парковки Professional<br />• Беспроводная зарядка, персональная eSIM 5G<br />• Пакет инноваций и комфорт-пакет";https://static.tildacdn.com/stor3063-6339-4438-b865-323036363962/96636a3e1fc04ad68cb36f9fb708a997.jpg https://static.tildacdn.com/stor3435-6663-4230-a239-616166373330/43b5ae0aa392f38dfdf27e05c06da2c9.jpg;0;;;;;k54oF5GFHtnevSeIdcoR;;0;0;0;0;BMW X6 xDrive40d 2025 с пробегом 8 000 км – M Sport Pro, 340 л.с.;"BMW X6 G06 LCI 2025 г.в. с пробегом 8 000 км. xDrive40d (340 л.с., 720 Нм), M Sport Pro, Iconic Glow, 22"" диски, Sky Lounge, Harman Kardon. В наличии.";BMW X6 xDrive40d, BMW X6 G06 LCI 2025, BMW X6 с пробегом 8000 км, купить BMW X6 дизель, BMW X6 M Sport Pro, BMW X6 Iconic Glow, BMW X6 Sky Lounge;;;;;
5,84744E+11;BMW;;;"Автомобили;Автомобили>>>С пробегом";BMW X6 xDrive40i M Sport (G06) — Black Sapphire, 4 000 км;"Автомобиль в наличии, пробег 4 000 км! Новый BMW X6 xDrive40i (G06) в спортивном пакете M Sport. Черный кузов Carbonschwarz, коричневый салон, 21"" диски M, Iconic Glow и панорамная крыша.<br />?? Цвет кузова: Black Sapphire Metallic (Черный сапфир)<br />?? Пробег: 4 000 км (состояние нового)<br />?? Двигатель: 3.0 л бензин (381 л.с.), полный привод xDrive, АКПП 8-ст.<br />?? Пакет: M Sport + Iconic Glow + 21"" диски M 915 Bicolor<br />?? Подвеска: 2-осная пневматическая<br />?? Салон: Кожа коричневая, вентиляция, 4-зонный климат, Crafted Clarity<br />?? Мультимедиа: Harman Kardon, Live Cockpit Pro, Driving Assistant Pro";"Состояние и экстерьер<br />Автомобиль с пробегом 4 000 км, в состоянии нового. Выполнен в глубоком цвете Black Sapphire Metallic с пакетом M Sport:<br />• Решётка радиатора BMW Iconic Glow с контурной подсветкой<br />• 21-дюймовые M-диски (V-spoke 915 M Bicolor) с разноразмерными шинами RunFlat<br />• Спортивный тормоз M и адаптивные LED-фары<br />• Рейлинги M Shadow Line (черный глянец)<br />• Панорамная стеклянная крыша с электроприводом<br />• Солнцезащитные шторки для задних дверей<br />• Комфортный доступ и автодоводчик дверей<br />Интерьер и комфорт<br />Салон обит роскошной коричневой кожей с декором из черного рояльного лака (Piano Finish Black) и стеклянными элементами Crafted Clarity:<br />• Комфортные передние сиденья с памятью и вентиляцией<br />• Обогрев передних и задних сидений, пакет теплового комфорта<br />• 4-зонный автоматический климат-контроль<br />• Подстаканники с регулировкой температуры<br />• M-рулевое колесо с кожаной отделкой<br />• Сопровождающее освещение салона<br />• Система Travel &amp; Comfort<br />• Потолок Individual цвета «антрацит»<br />Драйв и динамика<br />• Двигатель: 3.0 л R6 бензин с технологией 48V MHEV<br />• Мощность: 381 л.с. и 520 Нм<br />• Спортивная 8-ступенчатая АКПП Steptronic<br />• Полный привод xDrive<br />• 2-осная пневматическая подвеска<br />• Дистанционный запуск двигателя<br />• Разгон до 100 км/ч: ~5.5 секунды<br />Технологии и безопасность<br />• BMW Live Cockpit Professional<br />• Аудиосистема Harman Kardon Surround Sound<br />• Комплекс Driving Assistant Professional<br />• Ассистент парковки Professional<br />• Беспроводная зарядка, персональная eSIM 5G<br />• Система управления жестами BMW (Gesture Control)";https://static.tildacdn.com/stor3233-3839-4832-b134-303839346430/4f0e8d58a8da2ddea214f8dd3c11036a.jpg https://static.tildacdn.com/stor3435-6663-4230-a239-616166373330/43b5ae0aa392f38dfdf27e05c06da2c9.jpg;0;;;;;7NCoeEiKBdzL4CoE5ttH;;0;0;0;0;BMW X6 xDrive40i 2025 с пробегом 4 000 км – M Sport, 381 л.с.;"BMW X6 G06 2025 г.в. с пробегом 4 000 км. xDrive40i (381 л.с.), M Sport, Iconic Glow, 21"" диски, пневмоподвеска, Harman Kardon. Цвет Black Sapphire/коричневый. В наличии.";BMW X6 xDrive40i, BMW X6 G06 2025, BMW X6 с пробегом 4000 км, купить BMW X6 бензин, BMW X6 M Sport, BMW X6 Iconic Glow, BMW X6 381 л.с.;;;;;
1,28086E+11;BMW;;;"Автомобили;Автомобили>>>С пробегом";BMW X6 xDrive40i M Sport (G06) — Skyscraper Grey, 4 000 км;"Автомобиль в наличии, пробег 4 000 км! Новый BMW X6 xDrive40i (G06) в спортивном пакете M Sport. Редкий цвет Skyscraper Grey, черный салон, 21"" диски M, Iconic Glow и панорамная крыша.<br />?? Цвет кузова: Skyscraper Grey Metallic (Скайскрейпер серый)<br />?? Пробег: 4 000 км (состояние нового)<br />?? Двигатель: 3.0 л бензин (381 л.с.), полный привод xDrive, АКПП 8-ст.<br />?? Пакет: M Sport + Iconic Glow + 21"" диски M 915 Bicolor<br />?? Подвеска: 2-осная пневматическая<br />?? Салон: Кожа черная (Vernasca), вентиляция, 4-зонный климат, Crafted Clarity<br />?? Мультимедиа: Harman Kardon, Live Cockpit Pro, Driving Assistant Pro";"Состояние и экстерьер<br />Автомобиль с пробегом 4 000 км, в состоянии нового. Выполнен в стильном цвете Skyscraper Grey Metallic с пакетом M Sport:<br />• Решётка радиатора BMW Iconic Glow с контурной подсветкой<br />• 21-дюймовые M-диски (V-spoke 915 M Bicolor) с разноразмерными шинами RunFlat<br />• Спортивный тормоз M и адаптивные LED-фары<br />• Рейлинги M Shadow Line (черный глянец)<br />• Панорамная стеклянная крыша с электроприводом<br />• Солнцезащитные шторки для задних дверей<br />• Комфортный доступ и автодоводчик дверей<br />Интерьер и комфорт<br />Салон обит черной кожей — строгий и практичный выбор:<br />• Декор из черного рояльного лака (Piano Finish Black) и стеклянные элементы Crafted Clarity<br />• Комфортные передние сиденья с памятью и вентиляцией<br />• Обогрев передних и задних сидений, пакет теплового комфорта<br />• 4-зонный автоматический климат-контроль<br />• Подстаканники с регулировкой температуры<br />• M-рулевое колесо с кожаной отделкой<br />• Сопровождающее освещение салона<br />• Система Travel &amp; Comfort<br />• Потолок Individual цвета «антрацит»<br />Драйв и динамика<br />• Двигатель: 3.0 л R6 бензин с технологией 48V MHEV<br />• Мощность: 381 л.с. и 520 Нм<br />• Спортивная 8-ступенчатая АКПП Steptronic<br />• Полный привод xDrive<br />• 2-осная пневматическая подвеска<br />• Дистанционный запуск двигателя<br />• Разгон до 100 км/ч: ~5.5 секунды<br />Технологии и безопасность<br />• BMW Live Cockpit Professional<br />• Аудиосистема Harman Kardon Surround Sound<br />• Комплекс Driving Assistant Professional<br />• Ассистент парковки Professional<br />• Беспроводная зарядка, персональная eSIM 5G<br />• Система управления жестами BMW (Gesture Control)";https://static.tildacdn.com/stor6234-6231-4164-b139-316432323234/6e4b233e3c952e6ce260c9755a97ce69.jpg https://static.tildacdn.com/stor3734-3837-4530-a163-333861353762/96a022d6a4b6785f127d0dc6d116ddea.jpg;0;;;;;4h4G3LMkSukhzCMDeAx3;;0;0;0;0;BMW X6 xDrive40i 2025 с пробегом 4 000 км – M Sport, Skyscraper Grey;"BMW X6 G06 2025 г.в. с пробегом 4 000 км. xDrive40i (381 л.с.), M Sport, Iconic Glow, 21"" диски, пневмоподвеска, Harman Kardon. Цвет Skyscraper Grey/черный. В наличии.";BMW X6 xDrive40i, BMW X6 G06 2025, BMW X6 с пробегом 4000 км, купить BMW X6 бензин, BMW X6 M Sport, BMW X6 Skyscraper Grey, BMW X6 381 л.с.;;;;;
3,22345E+11;BMW;;;"Автомобили;Автомобили>>>С пробегом";BMW X6 xDrive40i M Sport (G06) — Carbonschwarz, 8 000 км;"Автомобиль в наличии, пробег 8 000 км! BMW X6 xDrive40i (G06) в спортивном пакете M Sport. Черный кузов Carbonschwarz, коричневый салон, 21"" диски M, Iconic Glow и панорамная крыша.<br />?? Цвет кузова: Carbonschwarz Metallic (Черный карбон)<br />?? Салон: Кожа коричневая<br />?? Пробег: 8 000 км (состояние нового)<br />?? Двигатель: 3.0 л бензин (381 л.с.), полный привод xDrive, АКПП 8-ст.<br />?? Пакет: M Sport + Iconic Glow + 21"" диски M 915 Bicolor<br />?? Подвеска: 2-осная пневматическая<br />?? Салон: Вентиляция, 4-зонный климат, Crafted Clarity<br />?? Мультимедиа: Harman Kardon, Live Cockpit Pro, Driving Assistant Pro";"Состояние и экстерьер<br />Автомобиль с пробегом 8 000 км, в состоянии нового. Выполнен в глубоком цвете Carbonschwarz Metallic с пакетом M Sport:<br />• Решётка радиатора BMW Iconic Glow с контурной подсветкой<br />• 21-дюймовые M-диски (V-spoke 915 M Bicolor) с разноразмерными шинами RunFlat<br />• Спортивный тормоз M и адаптивные LED-фары<br />• Рейлинги M Shadow Line (черный глянец)<br />• Панорамная стеклянная крыша с электроприводом<br />• Солнцезащитные шторки для задних дверей<br />• Комфортный доступ и автодоводчик дверей<br />Интерьер и комфорт<br />Салон обит роскошной коричневой кожей с декором из черного рояльного лака (Piano Finish Black) и стеклянными элементами Crafted Clarity:<br />• Комфортные передние сиденья с памятью и вентиляцией<br />• Обогрев передних и задних сидений, пакет теплового комфорта<br />• 4-зонный автоматический климат-контроль<br />• Подстаканники с регулировкой температуры<br />• M-рулевое колесо с кожаной отделкой<br />• Сопровождающее освещение салона<br />• Система Travel &amp; Comfort<br />• Потолок Individual цвета «антрацит»<br />Драйв и динамика<br />• Двигатель: 3.0 л R6 бензин с технологией 48V MHEV<br />• Мощность: 381 л.с. и 520 Нм<br />• Спортивная 8-ступенчатая АКПП Steptronic<br />• Полный привод xDrive<br />• 2-осная пневматическая подвеска<br />• Дистанционный запуск двигателя<br />• Разгон до 100 км/ч: ~5.5 секунды<br />Технологии и безопасность<br />• BMW Live Cockpit Professional<br />• Аудиосистема Harman Kardon Surround Sound<br />• Комплекс Driving Assistant Professional<br />• Ассистент парковки Professional<br />• Беспроводная зарядка, персональная eSIM 5G<br />• Система управления жестами BMW (Gesture Control)";https://static.tildacdn.com/stor3262-6332-4266-a334-343235383035/6e1f1bd2313122297547bd245fff24bd.jpg https://static.tildacdn.com/stor6634-3238-4338-a639-663939643863/741ebafd647390f57b3be0f7fd9822f0.jpg;0;;;;;5nAFMN9rKE9fYlLskhbE;;0;0;0;0;BMW X6 xDrive40i 2025 с пробегом 8 000 км – M Sport, 381 л.с.;"BMW X6 G06 2025 г.в. с пробегом 8 000 км. xDrive40i (381 л.с.), M Sport, Iconic Glow, 21"" диски, пневмоподвеска, Harman Kardon. Цвет Carbonschwarz/коричневый. В наличии.";BMW X6 xDrive40i, BMW X6 G06 2025, BMW X6 с пробегом 8000 км, купить BMW X6 бензин, BMW X6 M Sport, BMW X6 Carbonschwarz, BMW X6 381 л.с.;;;;;
1,85645E+11;BMW;;;"Автомобили;Автомобили>>>С пробегом";BMW X7 xDrive40d M Sport (G07) — 340 л.с., 3 000 км;"Автомобиль в наличии, пробег 3 000 км! Флагманский BMW X7 xDrive40d (G07) в спортивном пакете M Sport с мощнейшим дизелем 340 л.с. Черный кузов, черный салон, Executive Drive Pro, хрустальные фары Iconic Glow и панорама Sky Lounge.<br />?? Цвет кузова: Black Sapphire Metallic (Черный сапфир)<br />?? Салон: Кожа черная<br />?? Пробег: 3 000 км (состояние нового)<br />?? Двигатель: 3.0 л дизель (340 л.с., 720 Нм), полный привод xDrive<br />?? Пакет: M Sport + Executive Drive Pro + Iconic Glow + 22"" диски M 913<br />?? Подвеска: Executive Drive Pro (активные стабилизаторы)<br />?? Салон: 5-зонный климат, Ambient Air ароматизация, Sky Lounge<br />?? Мультимедиа: Live Cockpit Pro, Driving Assistant Pro";Состояние и экстерьер<br />Автомобиль с пробегом 3 000 км, в состоянии нового. Выполнен в глубоком цвете Black Sapphire Metallic с пакетом M Sport:<br />• Хрустальные фары BMW Crystal Headlights Iconic Glow<br />• Решётка радиатора BMW Iconic Glow с контурной подсветкой<br />• 22-дюймовые M-диски (сдвоенные спицы 913 M Bicolor) с разноразмерными шинами RunFlat<br />• Спортивный тормоз M<br />• Панорамная стеклянная крыша Sky Lounge со светодиодной подсветкой<br />• Комфортный доступ и автодоводчик дверей<br />Интерьер и комфорт<br />Салон обит черной кожей с максимальным уровнем комфорта:<br />• 5-зонный автоматический климат-контроль<br />• Пакет ароматизации Ambient Air<br />• Обогрев передних и задних сидений, пакет теплового комфорта<br />• M-рулевое колесо с кожаной отделкой<br />• M-аэродинамический пакет<br />Драйв и динамика<br />• Двигатель: 3.0 л турбодизель R6 с технологией рекуперации<br />• Мощность: 340 л.с. и 720 Нм крутящего момента<br />• Спортивная 8-ступенчатая АКПП Steptronic<br />• Полный привод xDrive<br />• Система Executive Drive Pro (активные стабилизаторы поперечной устойчивости)<br />• Интегральное активное рулевое управление (подруливание задних колёс)<br />• Разгон до 100 км/ч: ~5.7 секунды<br />Технологии и безопасность<br />• BMW Live Cockpit Professional<br />• Комплекс Driving Assistant Professional<br />• Ассистент парковки Professional<br />• Пакет инноваций и комфорт-пакет;https://static.tildacdn.com/stor6264-3562-4439-a230-343137396638/5bb4ac2425a35a1d319949f1ebb1598f.jpg https://static.tildacdn.com/stor6638-6333-4437-b132-346134306434/78edb2a5577246e62db5d63520ffa1e8.jpg;0;;;;;aZOy7VycHEIVpOSCM2yv;;0;0;0;0;BMW X7 xDrive40d 2025 с пробегом 3 000 км – M Sport, 340 л.с.;"BMW X7 G07 2025 г.в. с пробегом 3 000 км. xDrive40d (340 л.с., 720 Нм), M Sport, Executive Drive Pro, хрустальные фары, 22"" диски. Цвет Black Sapphire/черный. В наличии.";BMW X7 xDrive40d, BMW X7 G07 2025, BMW X7 с пробегом 3000 км, купить BMW X7 дизель, BMW X7 M Sport, BMW X7 Executive Drive, BMW X7 Iconic Glow;;;;;
9,37092E+11;BMW;;;"Автомобили;Автомобили>>>С пробегом";BMW X7 xDrive40i M Sport (G07) — Матовый черный, 7 000 км;"Автомобиль в наличии, пробег 7 000 км! Флагманский BMW X7 xDrive40i (G07) в спортивном пакете M Sport с бензиновым 3.0 л R6 (381 л.с.). Матовый черный кузов, белый салон, Executive Drive Pro, 6-местный салон и Sky Lounge.<br />?? Цвет кузова: Frozen Black (Матовый черный Individual)<br />?? Салон: Кожа белая<br />?? Пробег: 7 000 км (состояние нового)<br />?? Двигатель: 3.0 л бензин (381 л.с., 520 Нм), полный привод xDrive<br />?? Пакет: M Sport + Executive Drive Pro + 22"" диски M 913<br />?? Подвеска: Executive Drive Pro (активные стабилизаторы)<br />?? Салон: 6 мест (капитанские кресла), вентиляция, Harman Kardon<br />?? Мультимедиа: Live Cockpit Pro, Driving Assistant Pro";Состояние и экстерьер<br />Автомобиль с пробегом 7 000 км, в состоянии нового. Выполнен в редком матовом черном цвете Individual Frozen Black с пакетом M Sport:<br />• 22-дюймовые M-диски (сдвоенные спицы 913 M Bicolor) с разноразмерными шинами RunFlat<br />• Спортивный тормоз M<br />• Панорамная стеклянная крыша Sky Lounge со светодиодной подсветкой<br />• M-аэродинамический пакет<br />• Комфортный доступ<br />Интерьер и комфорт — 6-местный салон<br />Салон с редкой 6-местной конфигурацией с капитанскими креслами второго ряда:<br />• Премиальная белая кожа<br />• Капитанские кресла второго ряда с вентиляцией и подогревом<br />• Комфортные передние сиденья с памятью и вентиляцией<br />• M-рулевое колесо с кожаной отделкой<br />• Потолок Individual, обтянутый Alcantara (антрацит)<br />Драйв и динамика<br />• Двигатель: 3.0 л R6 бензин с технологией 48V MHEV<br />• Мощность: 381 л.с. и 520 Нм<br />• Спортивная 8-ступенчатая АКПП Steptronic<br />• Полный привод xDrive<br />• Система Executive Drive Pro (активные стабилизаторы поперечной устойчивости)<br />• Интегральное активное рулевое управление (подруливание задних колёс)<br />• Разгон до 100 км/ч: ~5.8 секунды<br />Технологии и безопасность<br />• BMW Live Cockpit Professional<br />• Аудиосистема Harman Kardon Surround Sound<br />• Комплекс Driving Assistant Professional<br />• Пакет инноваций и комфорт-пакет;https://static.tildacdn.com/stor3238-6138-4235-b763-623839623330/e47873374930f38ca138be4bb9a0bac4.jpg https://static.tildacdn.com/stor3631-3037-4064-a663-613262323239/01b4e90fac02d725f8649886f7b4f4fb.jpg;0;;;;;dIYK1bh8uA1eFCfmTFsE;;0;0;0;0;BMW X7 xDrive40i 2025 с пробегом 7 000 км – M Sport, матовый;"BMW X7 G07 2025 г.в. с пробегом 7 000 км. xDrive40i (381 л.с.), M Sport, матовый черный, 6 мест, Executive Drive Pro, 22"" диски. Цвет Frozen Black/белый. В наличии.";BMW X7 xDrive40i, BMW X7 G07 2025, BMW X7 с пробегом 7000 км, купить BMW X7 бензин, BMW X7 M Sport, BMW X7 матовый, BMW X7 6 мест;;;;;
8,17535E+11;BMW;;;"Автомобили;Автомобили>>>С пробегом";BMW X5 xDrive40d M Sport Pro (G05 LCI) 2025 — 340 л.с., белый салон, 7 000 км;"Автомобиль в наличии, пробег 7 000 км! BMW X5 xDrive40d (рестайлинг G05 LCI, 2025 г.в.) в максимальной комплектации M Sport Pro с мощнейшим дизелем 340 л.с. Черный кузов Carbonschwarz, белый салон, решетка Iconic Glow, панорама Sky Lounge и 22"" диски M 742.<br />?? Цвет кузова: Carbonschwarz Metallic (Черный карбон)<br />?? Салон: Кожа белая (Merino White)<br />?? Пробег: 7 000 км (состояние нового)<br />?? Двигатель: 3.0 л дизель R6 (340 л.с., 720 Нм)<br />?? Пакет: M Sport Pro + Iconic Glow + 22"" диски M 742<br />?? Подвеска: 2-осная пневматическая + подруливание задних колес<br />?? Салон: Sky Lounge панорама, 4-зонный климат, Crafted Clarity<br />?? Мультимедиа: Live Cockpit Pro, Harman Kardon, Driving Assistant Pro";"Экстерьер и стиль M Sport Pro<br />Современный SUV в глубоком цвете Carbonschwarz Metallic с максимальным пакетом M Sport Pro:<br />• Решётка радиатора BMW Iconic Glow с контурной подсветкой<br />• Огромные 22-дюймовые M-диски (сдвоенные спицы 742 M) с разноразмерными шинами<br />• Спортивный тормоз M с красными глянцевыми суппортами<br />• Фонари M Shadow Line Individual<br />• Рейлинги M Shadow Line (черный глянец)<br />• Спортивная выхлопная система M<br />• Панорамная стеклянная крыша Sky Lounge со светодиодной подсветкой<br />• Солнцезащитные шторки для задних дверей<br />• Комфортный доступ и автодоводчик дверей<br />Интерьер — белый салон уровня Individual<br />Салон обит роскошной белой кожей Merino — редкое и эффектное сочетание с черным кузовом:<br />• Декор из черного рояльного лака (Piano Finish Black) и стеклянные элементы Crafted Clarity<br />• Комфортные передние сиденья с памятью и вентиляцией<br />• Обогрев передних и задних сидений, пакет теплового комфорта<br />• 4-зонный автоматический климат-контроль<br />• Подстаканники с регулировкой температуры<br />• M-ремни безопасности и M-рулевое колесо<br />• Сопровождающее освещение салона<br />• Система Travel &amp; Comfort<br />• Потолок Individual цвета «антрацит»<br />Драйв и динамика<br />• Двигатель: 3.0 л турбодизель R6 с технологией рекуперации<br />• Мощность: 340 л.с. и 720 Нм крутящего момента<br />• Спортивная 8-ступенчатая АКПП Steptronic<br />• Полный привод xDrive<br />• 2-осная пневматическая подвеска<br />• Интегральное активное рулевое управление (подруливание задних колёс)<br />• Разгон до 100 км/ч: ~5.7 секунды<br />Технологии и безопасность<br />• BMW Live Cockpit Professional<br />• Аудиосистема Harman Kardon Surround Sound<br />• Комплекс Driving Assistant Professional<br />• Ассистент парковки Professional<br />• Беспроводная зарядка, персональная eSIM 5G<br />• Система управления жестами BMW (Gesture Control)<br />• Активная защита пешеходов";https://static.tildacdn.com/stor6136-6263-4964-b434-366430356632/c61bd251de191f2e326db67868cbe064.jpg https://static.tildacdn.com/stor3866-3036-4238-a663-373438366263/367c936cdfd14446377dad3b06be5210.jpg;0;;;;;tBbAdBj3RndiTtlfY9jT;;0;0;0;0;BMW X5 xDrive40d 2025 с пробегом 7 000 км – M Sport Pro, белый салон;"BMW X5 G05 LCI 2025 г.в. с пробегом 7 000 км. xDrive40d (340 л.с., 720 Нм), M Sport Pro, Iconic Glow, 22"" диски, Sky Lounge. Цвет Carbonschwarz/белый. В наличии.";BMW X5 xDrive40d, BMW X5 G05 LCI 2025, BMW X5 с пробегом 7000 км, купить BMW X5 дизель 40d, BMW X5 M Sport Pro, BMW X5 белый салон, BMW X5 Iconic Glow;;;;;
5,31353E+11;Land Rover;;;"Автомобили;Автомобили>>>Новые";Range Rover P530 Long Autobiography (L460 LWB) 2025 — V8 Biturbo 530 л.с.;"Флагманский бензиновый Range Rover! Новый Range Rover P530 Long (L460 LWB, 2025 г.в.) в максимальной комплектации Autobiography. Битурбо-V8 4.4 л (530 л.с.), длинная база, Executive Class сиденья и холодильник.<br />?? Цвет кузова: Серый<br />?? Салон: Вишня (Deep Garnet)<br />?? Двигатель: V8 4.4L Twin-Turbo (530 л.с., 750 Нм)<br />?? Привод: Полный AWD с двухскоростной раздаткой<br />?? Комплектация: Autobiography (предтоп)<br />?? База: Long Wheelbase (+200 мм к стандартной)<br />?? Салон: Executive Class, массаж, холодильник, Meridian Signature<br />?? Мультимедиа: Pivi Pro 13.1"", активное шумоподавление";"Экстерьер — британская элегантность<br />Флагманский SUV в максимальной комплектации Autobiography:<br />• Фирменная решетка радиатора с хромированными ламелями<br />• Светодиодные пиксельные фары с анимированными ДХО<br />• 23-дюймовые легкосплавные диски в дизайне Style 1075<br />• Панорамная стеклянная крыша с электроприводом<br />• Электронно-выдвижные дверные ручки<br />• Электропривод двери багажника с Hands-Free<br />• Хромированные акценты и шильдики Autobiography<br />• Двухцветная окраска кузова (опция)<br />Интерьер — Executive Class комфорт<br />Салон Long версии с увеличенным пространством для задних пассажиров:<br />• Кожа Semi-Aniline в цвете Perlino (бежевый) или Deep Garnet (вишневый)<br />• 24-позиционные передние сиденья с массажем, вентиляцией и памятью<br />• Задние сиденья Executive Class с электрорегулировкой, массажем и вентиляцией<br />• Центральный подлокотник с холодильником для напитков<br />• 4-зонный климат-контроль с ионизацией воздуха PM2.5<br />• Декор из натурального шпона Grand Black или Light Ash<br />• Потолок из премиальной замши<br />• Meridian Signature Sound System 2500 Вт (29 динамиков с сабвуфером)<br />• Активное шумоподавление 3-го поколения через подголовники<br />• Pivi Pro 13.1"" — изогнутый сенсорный экран<br />• 13.1-дюймовый экран для задних пассажиров (опция)<br />Драйв и динамика<br />• Двигатель: V8 4.4L Twin-Turbo (BMW N63) с технологией MHEV 48V<br />• Мощность: 530 л.с. при 5500 об/мин <br />www.caranddriver.com<br /><br />• Крутящий момент: 750 Нм при 1800-4600 об/мин<br />• Коробка передач: 8-ступенчатая АКПП ZF<br />• Полный привод AWD с двухскоростной раздаточной коробкой<br />• Пневматическая подвеска с непрерывным регулированием амортизаторов<br />• Подруливание задних колес (до 7°)<br />• Система All-Terrain Progress Control<br />• Максимальная буксировка: 3720 кг<br />• Разгон до 100 км/ч: ~4.6 секунды <br />www.caranddriver.com<br />Технологии и безопасность<br />• Pivi Pro с беспроводными Apple CarPlay/Android Auto<br />• Проекционный дисплей (Head-Up)<br />• Адаптивный круиз-контроль с ассистентом рулевого управления<br />• Система удержания в полосе и контроль слепых зон<br />• Камера кругового обзора 360° с функцией ""прозрачного капота""<br />• ClearSight Ground View — видно, что под колесами<br />• Wade Sensing — датчик глубины брода<br />• Система помощи при спуске с горы";https://static.tildacdn.com/stor3563-6537-4237-b164-356535616339/ea3b2498aa5cc5bdbfde4105e26029af.jpg https://static.tildacdn.com/stor3539-6662-4938-b533-616262373864/8f1f72bdb8fd944dd811685031252081.jpg;0;;;;;zOZ41OFlrLXhZuIzG4vg;;0;0;0;0;Купить Range Rover P530 Long 2025 новый – V8 530 л.с., Autobiography;Новый Range Rover P530 Long LWB 2025 г.в. V8 4.4L Biturbo (530 л.с., 750 Нм), Autobiography, Executive Class, Meridian 2500 Вт, пневмоподвеска. В наличии.;Range Rover P530, RR P530 Long, купить Range Rover новый, RR V8 530 л.с., Range Rover Autobiography, RR L460 LWB, Range Rover бензин;;;;;
4,64923E+11;Lexus;;;"Автомобили;Автомобили>>>Новые";Lexus LX 700h Luxury 7s (J310) 2025 — Гибрид 457 л.с., Silver;"Первый гибридный Lexus LX в истории! Новый Lexus LX 700h (J310, 2025 г.в.) — революционная гибридная версия флагмана. V6 3.5L Twin-Turbo + электромотор (457 л.с., 790 Нм), серебристый кузов, черный салон, Mark Levinson 25 динамиков.<br />?? Цвет кузова: Silver (Sonic Titanium / Sonic Platinum)<br />?? Салон: Черная премиальная кожа Semi-Aniline<br />?? Двигатель: V6 3.5L Twin-Turbo + электромотор (457 л.с., 790 Нм)<br />?? Привод: Full-time 4WD с блокировками дифференциалов<br />?? Коробка: 10-ступенчатый автомат Direct Shift-10AT<br />?? Комплектация: Luxury 7s (7 мест)<br />?? Подвеска: AHC Active Height Control (гидравлическая)<br />?? Мультимедиа: Mark Levinson 25 динамиков, Pivi Pro 12.3""";"Экстерьер — статус и технологичность<br />Флагманский внедорожник в серебристом цвете с премиальным металликом:<br />• Фирменная веретенообразная решетка радиатора с хромированными ламелями<br />• Светодиодные матричные фары с тройными L-образными ДХО<br />• 22-дюймовые кованые диски в эксклюзивном дизайне Luxury<br />• Панорамная стеклянная крыша с электроприводом<br />• Электропривод двери багажника с Hands-Free<br />• Хромированные молдинги и акценты<br />• Шильдики LX 700h на кузове<br />• Аэродинамические элементы для гибридной версии<br />Интерьер — японский люкс<br />Салон с 7-местной конфигурацией и премиальными материалами:<br />• Премиальная кожа Semi-Aniline черного цвета<br />• 24-позиционные передние сиденья с массажем, вентиляцией и памятью<br />• Задние сиденья Executive Class с подогревом и вентиляцией<br />• Обогрев всех сидений и рулевого колеса<br />• Декор из натурального дерева Shimamoku и алюминия<br />• 4-зонный климат-контроль с ионизацией воздуха nanoe™ X<br />• Премиальная аудиосистема Mark Levinson на 25 динамиков<br />• Изогнутый 12.3"" экран мультимедиа Lexus Interface<br />• 12.3"" цифровая приборная панель<br />• Проекционный дисплей (Head-Up)<br />• Подсветка салона с 64 цветами<br />• Холодильник в центральном подлокотнике<br />• Беспроводная зарядка и USB-C порты<br />Драйв и динамика — гибридная мощь<br />• Двигатель: V6 3.5L Twin-Turbo (V35A-FTS) + электромотор в коробке передач<br />• Суммарная мощность: 457 л.с.<br />• Крутящий момент: 790 Нм (как у турбодизеля!)<br />• Коробка передач: 10-ступенчатый автомат Direct Shift-10AT<br />• Постоянный полный привод Full-time 4WD<br />• Блокировка центрального дифференциала и понижающая передача<br />• Гидравлическая подвеска AHC (Active Height Control) с регулировкой клиренса<br />• Адаптивные амортизаторы AVS (Adaptive Variable Suspension)<br />• Multi-Terrain Select с режимами: Rock, Dirt, Sand, Mud, Deep Snow<br />• Crawl Control — автоматическое движение по бездорожью<br />• Разгон до 100 км/ч: ~6.9 секунды<br />• Экономичность: на 15-20% ниже, чем у бензинового LX 600<br />Технологии и безопасность (Lexus Safety System+ 3.0)<br />• Lexus Safety System+ 3.0 — последняя версия комплекса безопасности<br />• Адаптивный круиз-контроль с функцией Stop&amp;Go<br />• Система удержания в полосе и контроль слепых зон<br />• Автоматическое экстренное торможение с распознаванием пешеходов<br />• Камера кругового обзора 360° с функцией ""прозрачного капота""<br />• Система распознавания дорожных знаков<br />• Проекционный дисплей (Head-Up Display)<br />• Беспроводная зарядка и интеграция Apple CarPlay/Android Auto";https://static.tildacdn.com/stor3632-3939-4931-b065-336532303563/bd5abb60fa2a864ff0f3fc4c675fee48.jpg https://static.tildacdn.com/stor3630-3835-4430-b765-303239373634/505421007685356e3044fdbee5870e93.jpg;0;;;;;OaTE8OGfKL0UNFrYVZo0;;0;0;0;0;Купить Lexus LX 700h 2025 новый – гибрид 457 л.с., Luxury 7s;Новый Lexus LX 700h Luxury 2025 г.в. Гибрид V6 Twin-Turbo + электромотор (457 л.с., 790 Нм), 7 мест, Mark Levinson 25 дин., AHC, 4WD. Цвет серебристый. В наличии.;Lexus LX 700h, купить LX 700h новый, Lexus LX гибрид, LX 700h Luxury, Lexus LX 457 л.с., LX 700h 7 мест, Lexus LX серебристый;;;;;
8,2577E+11;Lexus;;;"Автомобили;Автомобили>>>Новые";Lexus LX 700h Luxury 7s (J310) 2025 — Гибрид 457 л.с., Grey;Первый гибридный Lexus LX в истории! Новый Lexus LX 700h (J310, 2025 г.в.) — революционная гибридная версия флагмана. V6 3.5L Twin-Turbo + электромотор (457 л.с., 790 Нм), серый кузов, черный салон.<br />?? Цвет кузова: Grey (Sonic Titanium / Nightfall Mica)<br />?? Салон: Черная премиальная кожа Semi-Aniline<br />?? Двигатель: V6 3.5L Twin-Turbo + электромотор (457 л.с., 790 Нм)<br />?? Привод: Full-time 4WD с блокировками<br />?? Коробка: 10-ступенчатый автомат<br />?? Комплектация: Luxury 7s (7 мест)<br />?? Подвеска: AHC Active Height Control<br />?? Мультимедиа: Mark Levinson 25 динамиков;"Экстерьер — элегантный графит<br />Флагманский внедорожник в премиальном сером цвете — идеальный выбор для тех, кто ценит статус и практичность:<br />• Все характеристики экстерьера идентичны серебристой версии<br />• Серый металлик (Sonic Titanium или Nightfall Mica) — современный и практичный цвет<br />• Меньше нагревается на солнце летом<br />• Мелкие царапины менее заметны<br />• Высокая ликвидность на вторичном рынке<br />Интерьер — японский люкс<br />Салон с 7-местной конфигурацией и премиальными материалами:<br />• Премиальная кожа Semi-Aniline черного цвета<br />• 24-позиционные передние сиденья с массажем, вентиляцией и памятью<br />• Задние сиденья Executive Class с подогревом и вентиляцией<br />• Обогрев всех сидений и рулевого колеса<br />• Декор из натурального дерева Shimamoku и алюминия<br />• 4-зонный климат-контроль с ионизацией воздуха nanoe™ X<br />• Премиальная аудиосистема Mark Levinson на 25 динамиков<br />• Изогнутый 12.3"" экран мультимедиа Lexus Interface<br />• 12.3"" цифровая приборная панель<br />• Проекционный дисплей (Head-Up)<br />• Подсветка салона с 64 цветами<br />• Холодильник в центральном подлокотнике<br />• Беспроводная зарядка и USB-C порты<br />Драйв и динамика — гибридная мощь<br />• Двигатель: V6 3.5L Twin-Turbo (V35A-FTS) + электромотор в коробке передач<br />• Суммарная мощность: 457 л.с.<br />• Крутящий момент: 790 Нм (как у турбодизеля!)<br />• Коробка передач: 10-ступенчатый автомат Direct Shift-10AT<br />• Постоянный полный привод Full-time 4WD<br />• Блокировка центрального дифференциала и понижающая передача<br />• Гидравлическая подвеска AHC (Active Height Control) с регулировкой клиренса<br />• Адаптивные амортизаторы AVS (Adaptive Variable Suspension)<br />• Multi-Terrain Select с режимами: Rock, Dirt, Sand, Mud, Deep Snow<br />• Crawl Control — автоматическое движение по бездорожью<br />• Разгон до 100 км/ч: ~6.9 секунды<br />• Экономичность: на 15-20% ниже, чем у бензинового LX 600<br />Технологии и безопасность (Lexus Safety System+ 3.0)<br />• Lexus Safety System+ 3.0 — последняя версия комплекса безопасности<br />• Адаптивный круиз-контроль с функцией Stop&amp;Go<br />• Система удержания в полосе и контроль слепых зон<br />• Автоматическое экстренное торможение с распознаванием пешеходов<br />• Камера кругового обзора 360° с функцией ""прозрачного капота""<br />• Система распознавания дорожных знаков<br />• Проекционный дисплей (Head-Up Display)<br />• Беспроводная зарядка и интеграция Apple CarPlay/Android Auto";https://static.tildacdn.com/stor3632-3939-4931-b065-336532303563/bd5abb60fa2a864ff0f3fc4c675fee48.jpg https://static.tildacdn.com/stor3630-3835-4430-b765-303239373634/505421007685356e3044fdbee5870e93.jpg;0;;;;;gdha7shHmuipzMTrKotZ;;0;0;0;0;Купить Lexus LX 700h 2025 новый – гибрид 457 л.с., серый;Новый Lexus LX 700h Luxury 2025 г.в. Гибрид V6 Twin-Turbo + электромотор (457 л.с., 790 Нм), 7 мест, Mark Levinson, AHC, 4WD. Цвет серый. В наличии.;Lexus LX 700h, купить LX 700h новый, Lexus LX гибрид, LX 700h Luxury, Lexus LX серый, LX 700h Sonic Titanium, Lexus LX Nightfall;;;;;
7,93153E+11;Lexus;;;"Автомобили;Автомобили>>>Новые";Lexus LX 500d Luxury Plus 7s (J310) 2026 — Дизель 299 л.с., рестайлинг;Дизельный флагман с рестайлингом! Новый Lexus LX 500d (J310, 2026 г.в.) в топовой комплектации Luxury Plus с 7-местным салоном. Турбодизель V6 3.3L (299 л.с., 700 Нм), черный кузов, черный салон.<br />?? Цвет кузова: Черный (Black / Obsidian)<br />?? Салон: Черная премиальная кожа<br />?? Двигатель: V6 3.3L Twin-Turbo дизель (299 л.с., 700 Нм)<br />?? Привод: Full-time 4WD с блокировками<br />?? Коробка: 10-ступенчатый автомат<br />?? Комплектация: Luxury Plus 7s (максимальная)<br />?? Подвеска: AHC Active Height Control<br />?? Экономичность: 9-11 л/100 км на трассе;"Экстерьер — статусная классика<br />Флагманский внедорожник в классическом черном цвете:<br />• Фирменная веретенообразная решетка радиатора с хромированными ламелями<br />• Обновленные светодиодные матричные фары (рестайлинг 2026)<br />• 22-дюймовые кованые диски в дизайне Luxury<br />• Панорамная стеклянная крыша с электроприводом<br />• Электропривод двери багажника с Hands-Free<br />• Хромированные молдинги и акценты<br />• Полноразмерное запасное колесо<br />Интерьер — японский люкс<br />Салон в топовой комплектации Luxury Plus с 7-местной конфигурацией:<br />• Премиальная кожа Semi-Aniline черного цвета<br />• 24-позиционные передние сиденья с массажем, вентиляцией и памятью<br />• Задние сиденья Executive Class с подогревом и вентиляцией<br />• Обогрев всех сидений и рулевого колеса<br />• Декор из натурального дерева Shimamoku<br />• 4-зонный климат-контроль с ионизацией воздуха nanoe™ X<br />• Премиальная аудиосистема Mark Levinson на 25 динамиков<br />• Изогнутый 12.3"" экран мультимедиа Lexus Interface<br />• Проекционный дисплей (Head-Up)<br />• Холодильник в центральном подлокотнике<br />Драйв и динамика (Дизель)<br />• Двигатель: V6 3.3L Twin-Turbo дизель (F33A-FTV)<br />• Мощность: 299 л.с.<br />• Крутящий момент: 700 Нм (паровозная тяга!)<br />• Коробка передач: 10-ступенчатый автомат<br />• Постоянный полный привод Full-time 4WD<br />• Блокировка центрального дифференциала и понижающая передача<br />• Гидравлическая подвеска AHC с регулировкой клиренса<br />• Multi-Terrain Select и Crawl Control<br />• Разгон до 100 км/ч: ~8.0 секунды<br />• Экономичность: 9-11 л/100 км на трассе (на 30% экономичнее бензина!)<br />Почему дизель LX 500d лучше бензина LX 600?<br />Экономичность: расход на 30% ниже<br />Крутящий момент 700 Нм: идеален для буксировки<br />Ресурс: дизельные двигатели ходят 400-500 тыс. км<br />Ликвидность: дизельные LX ценятся на вторичке выше<br />Технологии и безопасность (Lexus Safety System+ 3.0)<br />• Lexus Safety System+ 3.0 — последняя версия<br />• Адаптивный круиз-контроль с функцией Stop&amp;Go<br />• Система удержания в полосе и контроль слепых зон<br />• Автоматическое экстренное торможение<br />• Камера кругового обзора 360° с ""прозрачным капотом""<br />• Проекционный дисплей (Head-Up Display)";https://static.tildacdn.com/stor3965-3565-4564-b962-653832306464/91ecb427ddd053088e0d1aebe5a8ad2c.jpg https://static.tildacdn.com/stor6237-3231-4065-a432-333763323731/f7aa2eb8b96289a235398fb517a60598.jpg;0;;;;;OictdI4B2zkT3C88rrID;;0;0;0;0;Купить Lexus LX 500d 2026 новый – дизель 299 л.с., Luxury Plus;Новый Lexus LX 500d Luxury Plus 2026 г.в. Дизель V6 3.3L Twin-Turbo (299 л.с., 700 Нм), 7 мест, Mark Levinson 25 дин., AHC, 4WD. Цвет черный. В наличии.;Lexus LX 500d, купить LX 500d новый, Lexus LX дизель, LX 500d 299 л.с., Lexus LX Luxury Plus, LX 500d рестайлинг, Lexus LX 2026;;;;;
2,279E+11;Hyundai;;;"Автомобили;Автомобили>>>С пробегом";Hyundai Staria Premium Lounge 2025 — VIP-минивэн, 2.2 дизель 5000 км;VIP-минивэн с пробегом 5 000 км! Hyundai Staria (2025 г.в.) в максимальной комплектации Premium Lounge. Черный кузов, коричневый салон, дизель 2.2 л, 7 мест, вентиляция всех сидений.<br />?? Цвет кузова: Черный (Phantom Black)<br />?? Салон: Коричневая кожа Nappa<br />?? Пробег: 5 000 км (состояние нового)<br />?? Двигатель: 2.2 л дизель (177 л.с., 440 Нм)<br />?? Привод: Полный 4WD<br />?? Коробка: 8-ступенчатый автомат<br />?? Комплектация: Premium Lounge (VIP)<br />?? Салон: 7 мест, капитанские кресла, вентиляция;"<p style=""text-align: left;"">Экстерьер — футуристичный дизайн</p><p style=""text-align: left;"">Hyundai Staria с уникальным футуристичным дизайном:</p><p style=""text-align: left;"">• Фирменная решетка радиатора с горизонтальными ламелями</p><p style=""text-align: left;"">• Светодиодные фары с анимированными ДХО</p><p style=""text-align: left;"">• 19-дюймовые легкосплавные диски в эксклюзивном дизайне</p><p style=""text-align: left;"">• Две сдвижные боковые двери с электроприводом</p><p style=""text-align: left;"">• Электропривод двери багажника с Hands-Free</p><p style=""text-align: left;"">• Хромированные молдинги и акценты</p><p style=""text-align: left;"">• Тонированные стекла с UV-защитой</p><p style=""text-align: left;"">Интерьер — VIP-лаунж</p><p style=""text-align: left;"">Салон с 7-местной конфигурацией и премиальными материалами:</p><p style=""text-align: left;"">• Премиальная кожа Nappa коричневого цвета</p><p style=""text-align: left;"">• Капитанские кресла второго ряда с электрорегулировкой</p><p style=""text-align: left;"">• Вентиляция передних и задних сидений</p><p style=""text-align: left;"">• Массаж передних сидений с памятью настроек</p><p style=""text-align: left;"">• Обогрев всех сидений и рулевого колеса</p><p style=""text-align: left;"">• Декор из натурального дерева и алюминия</p><p style=""text-align: left;"">• Трехзонный климат-контроль с ионизацией воздуха</p><p style=""text-align: left;"">• Премиальная аудиосистема Harman Kardon</p><p style=""text-align: left;"">• 12.3-дюймовый сенсорный экран мультимедиа</p><p style=""text-align: left;"">• Цифровая приборная панель</p><p style=""text-align: left;"">• Беспроводная зарядка и USB-C порты</p><p style=""text-align: left;"">• Столики для пассажиров второго ряда</p><p style=""text-align: left;"">Драйв и динамика (Дизель)</p><p style=""text-align: left;"">• Двигатель: 2.2-литровый турбодизель (R-Line)</p><p style=""text-align: left;"">• Мощность: 177 л.с.</p><p style=""text-align: left;"">• Крутящий момент: 440 Нм</p><p style=""text-align: left;"">• Коробка передач: 8-ступенчатый автомат</p><p style=""text-align: left;"">• Полный привод 4WD с электронным управлением</p><p style=""text-align: left;"">• Режимы вождения: Eco, Comfort, Sport, Smart</p><p style=""text-align: left;"">• Разгон до 100 км/ч: ~10.5 секунды</p><p style=""text-align: left;"">• Экономичность: 7-9 л/100 км на трассе</p><p style=""text-align: left;"">Технологии и безопасность (Hyundai SmartSense)</p><p style=""text-align: left;"">• Hyundai SmartSense — комплекс активной безопасности</p><p style=""text-align: left;"">• Адаптивный круиз-контроль с функцией Stop&amp;Go</p><p style=""text-align: left;"">• Система удержания в полосе и контроль слепых зон</p><p style=""text-align: left;"">• Автоматическое экстренное торможение</p><p style=""text-align: left;"">• Камера кругового обзора 360°</p><p style=""text-align: left;"">• Система помощи при парковке</p><p style=""text-align: left;"">• Беспроводные Apple CarPlay / Android Auto</p>";https://static.tildacdn.com/stor3661-3337-4334-b033-336432346230/81579dfbc88077bcdbca2ea2f2d7ed21.jpg https://static.tildacdn.com/stor3266-6436-4637-b335-373032336662/3ac97a1b563b6e95babfb489bf9d29bd.jpg https://static.tildacdn.com/stor3130-6530-4635-a263-353766393361/f3700360c728b24a9eb0b84216395f92.jpg;0;;;;;aGr22oOajuliXylZoM45;;0;0;0;0;Hyundai Staria Premium Lounge 2025 с пробегом 5 000 км – VIP;Hyundai Staria Premium Lounge 2025 г.в. с пробегом 5 000 км. Дизель 2.2L (177 л.с.), 7 мест, VIP, вентиляция, 4WD. Цвет черный/коричневый. В наличии.;Hyundai Staria Premium Lounge, Staria 2025, купить Staria с пробегом, Staria VIP, Hyundai Staria 4WD, Staria дизель, Staria 7 мест;;;;;
9,46044E+11;Toyota;;;"Автомобили;Автомобили>>>Новые";Toyota Land Cruiser 250 Prado Элеганс 2.8d (J250) 2026 — (суффикс 21);Абсолютно новое поколение Prado! Toyota Land Cruiser 250 (2026 г.в.) в комплектации Элеганс (21 суффикс). Турбодизель 2.8 л (204 л.с., 500 Нм), полный привод, 7 мест, платформа TNGA-F.<br />?? Цвет кузова: Черный (Attitude Black)<br />?? Салон: Черная ткань/кожа<br />?? Двигатель: 2.8 л турбодизель (204 л.с., 500 Нм)<br />?? Привод: Полный 4WD с блокировками<br />?? Коробка: 8-ступенчатый автомат<br />?? Комплектация: Элеганс (21 суффикс)<br />?? Платформа: Новая TNGA-F (как у LC300)<br />?? Салон: 7 мест;"Экстерьер — ретро-дизайн нового поколения<br />Абсолютно новый Prado в современной интерпретации классического дизайна:<br />• Фирменная решетка радиатора с хромированными ламелями<br />• Круглые светодиодные фары (ретро-стиль)<br />• 18-дюймовые легкосплавные диски<br />• Полноразмерное запасное колесо на задней двери<br />• Электропривод двери багажника<br />• Рейлинги на крыше<br />• Защитные накладки на бамперах и порогах<br />Интерьер — современность и практичность<br />Салон с 7-местной конфигурацией и современным дизайном:<br />• Комбинированная отделка (ткань + кожзам) черного цвета<br />• Подогрев передних сидений и рулевого колеса<br />• Двухзонный климат-контроль<br />• Мультимедиа Toyota Smart Connect с 12.3"" экраном<br />• Цифровая приборная панель 12.3""<br />• Беспроводная зарядка и USB-C порты<br />• Apple CarPlay / Android Auto<br />Драйв и внедорожные возможности<br />• Двигатель: 2.8-литровый турбодизель (1GD-FTV)<br />• Мощность: 204 л.с.<br />• Крутящий момент: 500 Нм<br />• Коробка передач: 8-ступенчатый автомат<br />• Полный привод 4WD с блокировкой центрального дифференциала<br />• Понижающая передача<br />• Multi-Terrain Select с режимами: Rock, Dirt, Sand, Mud, Snow<br />• Crawl Control — автоматическое движение по бездорожью<br />• Новая платформа TNGA-F — на 100 кг легче и жестче предшественника<br />• Разгон до 100 км/ч: ~9.9 секунды<br />Технологии и безопасность (Toyota Safety Sense 3.0)<br />• Toyota Safety Sense 3.0<br />• Адаптивный круиз-контроль с функцией Stop&amp;Go<br />• Система удержания в полосе и контроль слепых зон<br />• Автоматическое экстренное торможение<br />• Камера заднего вида<br />• Система распознавания дорожных знаков";https://static.tildacdn.com/stor3137-3062-4465-a466-313666663435/71b1e98a9f2cf2e6d701ae0bfe79da0d.jpg https://static.tildacdn.com/stor6562-3962-4336-a337-326132326630/20f0fa1b471c9e3b2a19501b44850789.jpg;0;;;;;RudgnNVl3es404C7gxJC;;0;0;0;0;Купить Toyota Land Cruiser 250 Prado 2026 новый – дизель 204 л.с.;Новый Toyota Land Cruiser 250 Prado Элеганс 2026 г.в. Дизель 2.8L (204 л.с., 500 Нм), 7 мест, 4WD, платформа TNGA-F. Цвет черный. В наличии.;Toyota Land Cruiser 250, новый Prado 2026, купить LC 250 новый, Prado дизель, Land Cruiser 250 TNGA-F, Prado 204 л.с., Toyota LC 250;;;;;
1,33959E+11;Toyota;;;"Автомобили;Автомобили>>>Новые";Toyota Land Cruiser 250 Prado Престиж 2.8d (J250) 2026 — Дизель, JBL (суффикс 41);Новый Prado в средней комплектации! Toyota Land Cruiser 250 (2026 г.в.) в комплектации Престиж (41 суффикс). Турбодизель 2.8 л (204 л.с.), кожа, JBL 10 динамиков, вентиляция передних сидений.<br />?? Цвет кузова: Белый (White Pearl) / Черный / Серый<br />?? Салон: Черная кожа<br />?? Двигатель: 2.8 л турбодизель (204 л.с., 500 Нм)<br />?? Привод: Полный 4WD с блокировками<br />?? Коробка: 8-ступенчатый автомат<br />?? Комплектация: Престиж (41 суффикс)<br />?? Особенность: Кожа, JBL, вентиляция, камера 360°;"Экстерьер — премиальные акценты<br />Новый Prado с расширенным пакетом опций:<br />• Все характеристики базовой версии +<br />• Хромированные акценты и молдинги<br />• Тонированные стекла с UV-защитой<br />• Противотуманные фары LED<br />Интерьер — кожаный салон с премиум-опциями<br />Салон с расширенным комфортом:<br />• Премиальная черная кожа<br />• Вентиляция передних сидений<br />• Обогрев передних и задних сидений<br />• Обогрев рулевого колеса<br />• Двухзонный климат-контроль<br />• Премиальная аудиосистема JBL на 10 динамиков<br />• Мультимедиа Toyota Smart Connect с 12.3"" экраном<br />• Цифровая приборная панель 12.3""<br />• Камера кругового обзора 360°<br />• Беспроводная зарядка<br />Драйв и внедорожные возможности<br />(Идентично комплектации Элеганс)<br />• Двигатель: 2.8-литровый турбодизель (204 л.с., 500 Нм)<br />• Полный привод 4WD с блокировками и понижающей передачей<br />• Multi-Terrain Select и Crawl Control<br />• Платформа TNGA-F<br />Технологии и безопасность (Toyota Safety Sense 3.0)<br />• Адаптивный круиз-контроль с функцией Stop&amp;Go<br />• Система удержания в полосе и контроль слепых зон<br />• Автоматическое экстренное торможение<br />• Камера кругового обзора 360°<br />• Система помощи при парковке";https://static.tildacdn.com/stor3936-6238-4933-b235-323236363330/2295e30cc9105b59c34b13710c158dce.jpg https://static.tildacdn.com/stor3431-6430-4766-a233-376338623037/284c889de94ba1466ee70495b360c7a3.jpg https://static.tildacdn.com/stor6634-3861-4535-a463-373831356365/c50df824ab72c54ce8f4154779547c04.jpg https://static.tildacdn.com/stor6161-3162-4338-a465-653135386434/92d7862a2da8d2c198f7ae973fa82f2a.jpg https://static.tildacdn.com/stor6366-3336-4865-a134-643439303736/54288e7fcada9c39c29b59a024c9425b.jpg https://static.tildacdn.com/stor6266-3865-4639-b233-653537323439/a03d7b2139bcfb2c30f2b612b93f9b9e.jpg;0;;;;;DGE0a8uyflxxXeek3BN6;;0;0;0;0;Купить Toyota Land Cruiser 250 Prado Престиж 2026 – кожа, JBL;Новый Toyota Land Cruiser 250 Prado Престиж 2026 г.в. Дизель 2.8L (204 л.с.), кожа, JBL 10 дин., вентиляция, камера 360°, 4WD. В наличии.;Toyota Land Cruiser 250 Престиж, Prado 41 суффикс, купить Prado новый, Prado кожа JBL, Land Cruiser 250 дизель, Prado вентиляция, Toyota LC 250;;;;;
4,8407E+11;Toyota;;;"Автомобили;Автомобили>>>Новые";Toyota Land Cruiser 250 Prado Престиж 2.8d (J250) 2026 — Дизель, JBL (суффикс 41);Новый Prado в средней комплектации! Toyota Land Cruiser 250 (2026 г.в.) в комплектации Престиж (41 суффикс). Турбодизель 2.8 л (204 л.с.), кожа, JBL 10 динамиков, вентиляция передних сидений.<br />?? Цвет кузова: Белый (White Pearl)<br />?? Салон: Черная кожа<br />?? Двигатель: 2.8 л турбодизель (204 л.с., 500 Нм)<br />?? Привод: Полный 4WD с блокировками<br />?? Коробка: 8-ступенчатый автомат<br />?? Комплектация: Престиж (41 суффикс)<br />?? Особенность: Кожа, JBL, вентиляция, камера 360°;"Экстерьер — премиальные акценты<br />Новый Prado с расширенным пакетом опций:<br />• Все характеристики базовой версии +<br />• Хромированные акценты и молдинги<br />• Тонированные стекла с UV-защитой<br />• Противотуманные фары LED<br />Интерьер — кожаный салон с премиум-опциями<br />Салон с расширенным комфортом:<br />• Премиальная черная кожа<br />• Вентиляция передних сидений<br />• Обогрев передних и задних сидений<br />• Обогрев рулевого колеса<br />• Двухзонный климат-контроль<br />• Премиальная аудиосистема JBL на 10 динамиков<br />• Мультимедиа Toyota Smart Connect с 12.3"" экраном<br />• Цифровая приборная панель 12.3""<br />• Камера кругового обзора 360°<br />• Беспроводная зарядка<br />Драйв и внедорожные возможности<br />(Идентично комплектации Элеганс)<br />• Двигатель: 2.8-литровый турбодизель (204 л.с., 500 Нм)<br />• Полный привод 4WD с блокировками и понижающей передачей<br />• Multi-Terrain Select и Crawl Control<br />• Платформа TNGA-F<br />Технологии и безопасность (Toyota Safety Sense 3.0)<br />• Адаптивный круиз-контроль с функцией Stop&amp;Go<br />• Система удержания в полосе и контроль слепых зон<br />• Автоматическое экстренное торможение<br />• Камера кругового обзора 360°<br />• Система помощи при парковке";https://static.tildacdn.com/stor6366-3336-4865-a134-643439303736/54288e7fcada9c39c29b59a024c9425b.jpg https://static.tildacdn.com/stor6266-3865-4639-b233-653537323439/a03d7b2139bcfb2c30f2b612b93f9b9e.jpg;0;;;;;kr1B8xbRIdMhGssndEuu;;0;0;0;0;Купить Toyota Land Cruiser 250 Prado Престиж 2026 – кожа, JBL;Новый Toyota Land Cruiser 250 Prado Престиж 2026 г.в. Дизель 2.8L (204 л.с.), кожа, JBL 10 дин., вентиляция, камера 360°, 4WD. В наличии.;Toyota Land Cruiser 250 Престиж, Prado 41 суффикс, купить Prado новый, Prado кожа JBL, Land Cruiser 250 дизель, Prado вентиляция, Toyota LC 250;;;;;
3,70804E+11;Toyota;;;"Автомобили;Автомобили>>>Новые";Toyota Land Cruiser 250 Prado Престиж 2.8d (J250) 2026 — Дизель, JBL (суффикс 41);Новый Prado в средней комплектации! Toyota Land Cruiser 250 (2026 г.в.) в комплектации Престиж (41 суффикс). Турбодизель 2.8 л (204 л.с.), кожа, JBL 10 динамиков, вентиляция передних сидений.<br />?? Цвет кузова: Черный<br />?? Салон: Черная кожа<br />?? Двигатель: 2.8 л турбодизель (204 л.с., 500 Нм)<br />?? Привод: Полный 4WD с блокировками<br />?? Коробка: 8-ступенчатый автомат<br />?? Комплектация: Престиж (41 суффикс)<br />?? Особенность: Кожа, JBL, вентиляция, камера 360°;"Экстерьер — премиальные акценты<br />Новый Prado с расширенным пакетом опций:<br />• Все характеристики базовой версии +<br />• Хромированные акценты и молдинги<br />• Тонированные стекла с UV-защитой<br />• Противотуманные фары LED<br />Интерьер — кожаный салон с премиум-опциями<br />Салон с расширенным комфортом:<br />• Премиальная черная кожа<br />• Вентиляция передних сидений<br />• Обогрев передних и задних сидений<br />• Обогрев рулевого колеса<br />• Двухзонный климат-контроль<br />• Премиальная аудиосистема JBL на 10 динамиков<br />• Мультимедиа Toyota Smart Connect с 12.3"" экраном<br />• Цифровая приборная панель 12.3""<br />• Камера кругового обзора 360°<br />• Беспроводная зарядка<br />Драйв и внедорожные возможности<br />(Идентично комплектации Элеганс)<br />• Двигатель: 2.8-литровый турбодизель (204 л.с., 500 Нм)<br />• Полный привод 4WD с блокировками и понижающей передачей<br />• Multi-Terrain Select и Crawl Control<br />• Платформа TNGA-F<br />Технологии и безопасность (Toyota Safety Sense 3.0)<br />• Адаптивный круиз-контроль с функцией Stop&amp;Go<br />• Система удержания в полосе и контроль слепых зон<br />• Автоматическое экстренное торможение<br />• Камера кругового обзора 360°<br />• Система помощи при парковке";https://static.tildacdn.com/stor6634-3861-4535-a463-373831356365/c50df824ab72c54ce8f4154779547c04.jpg https://static.tildacdn.com/stor6161-3162-4338-a465-653135386434/92d7862a2da8d2c198f7ae973fa82f2a.jpg;0;;;;;9dDaNMIADVjrSh7pgA9g;;0;0;0;0;Купить Toyota Land Cruiser 250 Prado Престиж 2026 – кожа, JBL;Новый Toyota Land Cruiser 250 Prado Престиж 2026 г.в. Дизель 2.8L (204 л.с.), кожа, JBL 10 дин., вентиляция, камера 360°, 4WD. В наличии.;Toyota Land Cruiser 250 Престиж, Prado 41 суффикс, купить Prado новый, Prado кожа JBL, Land Cruiser 250 дизель, Prado вентиляция, Toyota LC 250;;;;;
2,52027E+11;Toyota;;;"Автомобили;Автомобили>>>Новые";Toyota Land Cruiser 250 (Prado) 2.8 TD 4WD 2025 — Белый (суффикс 61);"Автомобиль в наличии, новый с конвейера! Новый Toyota Land Cruiser 250 (Prado 6-го поколения, 2025 г.в.) в практичном сером цвете. Самый сбалансированный внедорожник Toyota: легендарный дизель 1GD-FTV + 48V MHEV, рамная платформа TNGA-F (как у LC300), постоянный полный привод с блокировкой и Multi-Terrain Monitor.<br />?? Цвет кузова: Белый (White Pearl)<br />?? Двигатель: 2.8 л турбодизель 1GD-FTV (204 л.с., 500 Нм) + MHEV 48V<br />?? Коробка и привод: 8-ст. Direct Shift-8AT, Full-time 4WD, Torsen + блокировка заднего<br />?? Платформа: TNGA-F (на 50% жестче Prado 150, как у LC300/Tundra)<br />?? Салон: Экран 12.3"", цифровая приборка, JBL, Multi-Terrain Monitor<br />?? Экономичность: 9-11 л/100 км на трассе (фантастика для рамного джипа!)";Экстерьер и внедорожная геометрия<br />Новейший Land Cruiser 250 в сером цвете — это лучший выбор для того, чтобы подчеркнуть брутальную, рубленую ретро-геометрию нового кузова. Серый металлик идеально оттеняет штамповки и делает автомобиль визуально еще более мощным:<br />• Классические внедорожные пропорции с отличными углами въезда и съезда<br />• Высокий дорожный просвет и короткие свесы кузова<br />• Светодиодные фары с адаптивным дальним светом<br />• Легкосплавные диски с внедорожными шинами<br />• Рейлинги на крыше и мощная защита днища<br />• Электропривод двери багажника с функцией Hands-Free<br />Интерьер и технологии — никакой «тракторной» эргономики<br />Салон Prado 250 — это современный технологичный интерьер, кардинально отличающийся от предшественника:<br />• Огромный 12.3-дюймовый сенсорный экран мультимедийной системы<br />• Полностью цифровая приборная панель<br />• Multi-Terrain Monitor — камеры смотрят под днище, чтобы не наехать на камень или пень<br />• Премиальная аудиосистема JBL объемного звучания<br />• Кожаная отделка салона с подогревом и вентиляцией передних сидений<br />• Многозонный климат-контроль<br />• Беспроводная зарядка смартфона и интеграция Apple CarPlay / Android Auto<br />Драйв и динамика — паровозная тяга<br />• Двигатель: Легендарный 2.8 л турбодизель 1GD-FTV — ходит по 400-500 тысяч км без капиталки<br />• Технология: 48V Mild Hybrid (MHEV) — дает дополнительный буст на старте<br />• Мощность: 204 л.с. (150 кВт)<br />• Крутящий момент: Паровозные 500 Нм уже с 1600 об/мин!<br />• Коробка передач: 8-ступенчатый автомат Direct Shift-8AT<br />• Привод: Full-time 4WD с дифференциалом Torsen и электронной блокировкой заднего дифференциала<br />• Расход: 9-11 л/100 км на трассе<br />Платформа TNGA-F и безопасность<br />• Новая модульная рамная платформа TNGA-F (как у LC300 и Tundra) — кузов на 50% жестче Prado 150<br />• Toyota Safety Sense последнего поколения<br />• Адаптивный круиз-контроль, удержание в полосе, активное экстренное торможение<br />• Система помощи при спуске и подъеме;https://static.tildacdn.com/stor6366-3336-4865-a134-643439303736/54288e7fcada9c39c29b59a024c9425b.jpg https://static.tildacdn.com/stor6266-3865-4639-b233-653537323439/a03d7b2139bcfb2c30f2b612b93f9b9e.jpg;0;3;;;;7L2RTIYyHlmXRdHKuC4g;;0;0;0;0;Купить Toyota Land Cruiser 250 Prado 2025 новый – серый, 4WD;Новый Toyota Land Cruiser 250 (Prado 6) 2025 г.в., серый металлик. Дизель 2.8L 1GD-FTV (204 л.с., 500 Нм), 48V MHEV, 8-ст. АКПП, Full-time 4WD, TNGA-F. В наличии.;Toyota Land Cruiser 250, Prado 250 2025, купить Prado серый, Land Cruiser 250 дизель, Prado TNGA-F, Toyota Prado 1GD-FTV, Land Cruiser 250 4WD;;;;;
2,86984E+11;Hyundai;;;"Автомобили;Автомобили>>>Новые";Hyundai Santa Fe Calligraphy 2026 — Флагманский кроссовер;Флагманский кроссовер в максимальной комплектации! Новый Hyundai Santa Fe (2026 г.в.) в топ-версии Calligraphy. Бензин 2.0 л Turbo (247 л.с.), 7 мест, вентиляция всех сидений, Harman Kardon.<br />?? Цвет кузова: Черный (Phantom Black)<br />?? Салон: Черная кожа Nappa<br />?? Двигатель: 2.0 л бензин Turbo (247 л.с.)<br />?? Привод: Полный AWD (HTRAC)<br />?? Коробка: 8-ступенчатый автомат DCT<br />?? Комплектация: Calligraphy (максимальная)<br />?? Салон: 7 мест, вентиляция всех рядов<br />?? Мультимедиа: Harman Kardon 12 динамиков;"<p style=""text-align: left;"">Экстерьер — современный дизайн</p><p style=""text-align: left;"">Hyundai Santa Fe с обновленным дизайном:</p><p style=""text-align: left;"">• Фирменная каскадная решетка радиатора</p><p style=""text-align: left;"">• Светодиодные матричные фары с адаптивным дальним светом</p><p style=""text-align: left;"">• 20-дюймовые легкосплавные диски в дизайне Calligraphy</p><p style=""text-align: left;"">• Панорамная стеклянная крыша с электроприводом</p><p style=""text-align: left;"">• Электропривод двери багажника с Hands-Free</p><p style=""text-align: left;"">• Хромированные молдинги и акценты</p><p style=""text-align: left;"">Интерьер — максимальный комфорт</p><p style=""text-align: left;"">Салон с 7-местной конфигурацией и премиальными материалами:</p><p style=""text-align: left;"">• Премиальная кожа Nappa черного цвета</p><p style=""text-align: left;"">• Вентиляция передних и задних сидений (всех 3 рядов!)</p><p style=""text-align: left;"">• Массаж передних сидений с памятью настроек</p><p style=""text-align: left;"">• Обогрев всех сидений и рулевого колеса</p><p style=""text-align: left;"">• Трехзонный климат-контроль</p><p style=""text-align: left;"">• Премиальная аудиосистема Harman Kardon на 12 динамиков</p><p style=""text-align: left;"">• 12.3-дюймовый сенсорный экран мультимедиа</p><p style=""text-align: left;"">• Цифровая приборная панель 12.3""</p><p style=""text-align: left;"">• Проекционный дисплей (Head-Up Display)</p><p style=""text-align: left;"">• Беспроводная зарядка</p><p style=""text-align: left;"">Драйв и динамика</p><p style=""text-align: left;"">• Двигатель: 2.0-литровый бензин Turbo (Theta III)</p><p style=""text-align: left;"">• Мощность: 247 л.с.</p><p style=""text-align: left;"">• Крутящий момент: 350 Нм</p><p style=""text-align: left;"">• Коробка передач: 8-ступенчатый автомат DCT</p><p style=""text-align: left;"">• Полный привод HTRAC с электронным управлением</p><p style=""text-align: left;"">• Режимы вождения: Eco, Comfort, Sport, Smart, Snow, Sand, Mud</p><p style=""text-align: left;"">• Разгон до 100 км/ч: ~8.0 секунды</p><p style=""text-align: left;"">Технологии и безопасность (Hyundai SmartSense)</p><p style=""text-align: left;"">• Hyundai SmartSense — комплекс активной безопасности</p><p style=""text-align: left;"">• Адаптивный круиз-контроль с функцией Stop&amp;Go</p><p style=""text-align: left;"">• Система удержания в полосе и контроль слепых зон</p><p style=""text-align: left;"">• Автоматическое экстренное торможение</p><p style=""text-align: left;"">• Камера кругового обзора 360°</p><p style=""text-align: left;"">• Система помощи при парковке с автопарковщиком</p><p style=""text-align: left;"">• Цифровой ключ (Digital Key)</p>";https://static.tildacdn.com/stor3036-3762-4436-a233-343534633165/1eded20594d71670bf715147ec7b5267.jpg https://static.tildacdn.com/stor6332-6331-4430-b439-386131633431/ece88970169b5bccd819abca1a4b3029.jpg;0;;;;;TNap2cA5tEF96lzxBTki;;0;0;0;0;Купить Hyundai Santa Fe Calligraphy 2026 новый – 7 мест, Nappa;Новый Hyundai Santa Fe Calligraphy 2026 г.в. Бензин 2.0L Turbo (247 л.с.), 7 мест, кожа Nappa, вентиляция всех рядов, Harman Kardon, HTRAC. В наличии.;Hyundai Santa Fe Calligraphy, Santa Fe 2026, купить Santa Fe новый, Santa Fe 7 мест, Hyundai Santa Fe Nappa, Santa Fe Harman Kardon, Santa Fe топ;;;;;
9,4891E+11;Toyota;;;"Автомобили;Автомобили>>>Новые";Toyota RAV4 Luxury (2026) — Гибрид, Полный привод;Легендарный кроссовер в максимальной комплектации! Новая Toyota RAV4 (2026 г.в.) в топ-версии Luxury. Бензин 2.0 л (171 л.с.), полный привод 4WD, кожа, JBL 9 динамиков.<br />?? Цвет кузова: Черный / Белый / Коричневый<br />?? Салон: Черная кожа<br />?? Двигатель: 2.0 л бензин (171 л.с.)<br />?? Привод: Полный 4WD<br />?? Коробка: CVT (вариатор)<br />?? Комплектация: Luxury (максимальная)<br />?? Особенность: Кожа, JBL, камера 360°, панорама;"Экстерьер — современный дизайн<br />Toyota RAV4 в максимальной комплектации:<br />• Фирменная решетка радиатора с хромированными ламелями<br />• Светодиодные фары с адаптивным дальним светом<br />• 19-дюймовые легкосплавные диски в эксклюзивном дизайне<br />• Панорамная стеклянная крыша с электроприводом<br />• Электропривод двери багажника с Hands-Free<br />• Хромированные молдинги и акценты<br />• Светодиодные задние фонари<br />Интерьер — максимальный комфорт<br />Салон с премиальными материалами:<br />• Премиальная черная кожа<br />• Вентиляция передних сидений<br />• Обогрев передних и задних сидений и рулевого колеса<br />• Декор из натурального дерева и алюминия<br />• Двухзонный климат-контроль<br />• Премиальная аудиосистема JBL на 9 динамиков<br />• 10.5-дюймовый сенсорный экран мультимедиа Toyota Smart Connect<br />• 7-дюймовая цифровая приборная панель<br />• Проекционный дисплей (Head-Up Display)<br />• Камера кругового обзора 360°<br />• Беспроводная зарядка<br />Драйв и динамика<br />• Двигатель: 2.0-литровый бензин (Dynamic Force)<br />• Мощность: 171 л.с.<br />• Коробка передач: CVT (вариатор)<br />• Полный привод 4WD с электронным управлением<br />• Режимы вождения: Eco, Normal, Sport, Mud &amp; Sand, Rock &amp; Dirt<br />• Разгон до 100 км/ч: ~10.0 секунды<br />Технологии и безопасность (Toyota Safety Sense 3.0)<br />• Toyota Safety Sense 3.0<br />• Адаптивный круиз-контроль с функцией Stop&amp;Go<br />• Система удержания в полосе и контроль слепых зон<br />• Автоматическое экстренное торможение<br />• Камера кругового обзора 360°<br />• Система помощи при парковке";https://static.tildacdn.com/stor6234-3064-4138-b666-363638613537/d19588266fda1ba3bdecc32bdf47e97a.jpg https://static.tildacdn.com/stor3530-3637-4261-a137-373064376638/da64aa96bdae2c227f11859456bac167.jpg https://static.tildacdn.com/stor6636-3732-4736-b164-653437653531/2bcd060839f923b1703123269d06b282.jpg https://static.tildacdn.com/stor3232-3365-4365-b665-313466303365/1bf78fd25bdda5ef256578b88da3b59c.jpg https://static.tildacdn.com/stor3531-3339-4734-b962-323665306566/ed46a9eb39df3b8bbfaf0292c00ed023.jpg https://static.tildacdn.com/stor6361-3231-4261-b035-316634393532/d211232cc346549f4569efc104bc2079.jpg;0;;;;;cbcN9DSy2FF5jUzXGNHY;;0;0;0;0;Купить Toyota RAV4 Luxury 2026 новый – кожа, JBL, камера 360;Новая Toyota RAV4 Luxury 2026 г.в. Бензин 2.0L (171 л.с.), 4WD, кожа, JBL 9 дин., камера 360°, панорама. Цвет черный/белый/коричневый. В наличии.;Toyota RAV4 Luxury, RAV4 2026, купить RAV4 новый, RAV4 4WD, Toyota RAV4 кожа, RAV4 JBL, RAV4 топ;;;;;
5,45048E+11;Toyota;;;"Автомобили;Автомобили>>>Новые";Toyota RAV4 Luxury (2026) — Гибрид, Полный привод;Легендарный кроссовер в максимальной комплектации! Новая Toyota RAV4 (2026 г.в.) в топ-версии Luxury. Бензин 2.0 л (171 л.с.), полный привод 4WD, кожа, JBL 9 динамиков.<br />?? Цвет кузова: Коричневый<br />?? Салон: Черная кожа<br />?? Двигатель: 2.0 л бензин (171 л.с.)<br />?? Привод: Полный 4WD<br />?? Коробка: CVT (вариатор)<br />?? Комплектация: Luxury (максимальная)<br />?? Особенность: Кожа, JBL, камера 360°, панорама;"Экстерьер — современный дизайн<br />Toyota RAV4 в максимальной комплектации:<br />• Фирменная решетка радиатора с хромированными ламелями<br />• Светодиодные фары с адаптивным дальним светом<br />• 19-дюймовые легкосплавные диски в эксклюзивном дизайне<br />• Панорамная стеклянная крыша с электроприводом<br />• Электропривод двери багажника с Hands-Free<br />• Хромированные молдинги и акценты<br />• Светодиодные задние фонари<br />Интерьер — максимальный комфорт<br />Салон с премиальными материалами:<br />• Премиальная черная кожа<br />• Вентиляция передних сидений<br />• Обогрев передних и задних сидений и рулевого колеса<br />• Декор из натурального дерева и алюминия<br />• Двухзонный климат-контроль<br />• Премиальная аудиосистема JBL на 9 динамиков<br />• 10.5-дюймовый сенсорный экран мультимедиа Toyota Smart Connect<br />• 7-дюймовая цифровая приборная панель<br />• Проекционный дисплей (Head-Up Display)<br />• Камера кругового обзора 360°<br />• Беспроводная зарядка<br />Драйв и динамика<br />• Двигатель: 2.0-литровый бензин (Dynamic Force)<br />• Мощность: 171 л.с.<br />• Коробка передач: CVT (вариатор)<br />• Полный привод 4WD с электронным управлением<br />• Режимы вождения: Eco, Normal, Sport, Mud &amp; Sand, Rock &amp; Dirt<br />• Разгон до 100 км/ч: ~10.0 секунды<br />Технологии и безопасность (Toyota Safety Sense 3.0)<br />• Toyota Safety Sense 3.0<br />• Адаптивный круиз-контроль с функцией Stop&amp;Go<br />• Система удержания в полосе и контроль слепых зон<br />• Автоматическое экстренное торможение<br />• Камера кругового обзора 360°<br />• Система помощи при парковке";https://static.tildacdn.com/stor3531-3339-4734-b962-323665306566/ed46a9eb39df3b8bbfaf0292c00ed023.jpg https://static.tildacdn.com/stor6361-3231-4261-b035-316634393532/d211232cc346549f4569efc104bc2079.jpg;0;;;;;TlgHg6zsdyPbLMnO8Ml9;;0;0;0;0;Купить Toyota RAV4 Luxury 2026 новый – кожа, JBL, камера 360;Новая Toyota RAV4 Luxury 2026 г.в. Бензин 2.0L (171 л.с.), 4WD, кожа, JBL 9 дин., камера 360°, панорама. Цвет черный/белый/коричневый. В наличии.;Toyota RAV4 Luxury, RAV4 2026, купить RAV4 новый, RAV4 4WD, Toyota RAV4 кожа, RAV4 JBL, RAV4 топ;;;;;
9,35207E+11;Toyota;;;"Автомобили;Автомобили>>>Новые";Toyota RAV4 Luxury (2026) — Гибрид, Полный привод;Легендарный кроссовер в максимальной комплектации! Новая Toyota RAV4 (2026 г.в.) в топ-версии Luxury. Бензин 2.0 л (171 л.с.), полный привод 4WD, кожа, JBL 9 динамиков.<br />?? Цвет кузова: Белый<br />?? Салон: Черная кожа<br />?? Двигатель: 2.0 л бензин (171 л.с.)<br />?? Привод: Полный 4WD<br />?? Коробка: CVT (вариатор)<br />?? Комплектация: Luxury (максимальная)<br />?? Особенность: Кожа, JBL, камера 360°, панорама;"Экстерьер — современный дизайн<br />Toyota RAV4 в максимальной комплектации:<br />• Фирменная решетка радиатора с хромированными ламелями<br />• Светодиодные фары с адаптивным дальним светом<br />• 19-дюймовые легкосплавные диски в эксклюзивном дизайне<br />• Панорамная стеклянная крыша с электроприводом<br />• Электропривод двери багажника с Hands-Free<br />• Хромированные молдинги и акценты<br />• Светодиодные задние фонари<br />Интерьер — максимальный комфорт<br />Салон с премиальными материалами:<br />• Премиальная черная кожа<br />• Вентиляция передних сидений<br />• Обогрев передних и задних сидений и рулевого колеса<br />• Декор из натурального дерева и алюминия<br />• Двухзонный климат-контроль<br />• Премиальная аудиосистема JBL на 9 динамиков<br />• 10.5-дюймовый сенсорный экран мультимедиа Toyota Smart Connect<br />• 7-дюймовая цифровая приборная панель<br />• Проекционный дисплей (Head-Up Display)<br />• Камера кругового обзора 360°<br />• Беспроводная зарядка<br />Драйв и динамика<br />• Двигатель: 2.0-литровый бензин (Dynamic Force)<br />• Мощность: 171 л.с.<br />• Коробка передач: CVT (вариатор)<br />• Полный привод 4WD с электронным управлением<br />• Режимы вождения: Eco, Normal, Sport, Mud &amp; Sand, Rock &amp; Dirt<br />• Разгон до 100 км/ч: ~10.0 секунды<br />Технологии и безопасность (Toyota Safety Sense 3.0)<br />• Toyota Safety Sense 3.0<br />• Адаптивный круиз-контроль с функцией Stop&amp;Go<br />• Система удержания в полосе и контроль слепых зон<br />• Автоматическое экстренное торможение<br />• Камера кругового обзора 360°<br />• Система помощи при парковке";https://static.tildacdn.com/stor6636-3732-4736-b164-653437653531/2bcd060839f923b1703123269d06b282.jpg https://static.tildacdn.com/stor3232-3365-4365-b665-313466303365/1bf78fd25bdda5ef256578b88da3b59c.jpg;0;;;;;Uj3rkozcsk5rIluN1EVJ;;0;0;0;0;Купить Toyota RAV4 Luxury 2026 новый – кожа, JBL, камера 360;Новая Toyota RAV4 Luxury 2026 г.в. Бензин 2.0L (171 л.с.), 4WD, кожа, JBL 9 дин., камера 360°, панорама. Цвет черный/белый/коричневый. В наличии.;Toyota RAV4 Luxury, RAV4 2026, купить RAV4 новый, RAV4 4WD, Toyota RAV4 кожа, RAV4 JBL, RAV4 топ;;;;;
4,55429E+11;Toyota;;;"Автомобили;Автомобили>>>Новые";Toyota Highlander Максимальная (2026) — 2.0 Turbo 240 л.с.;Большой семейный SUV в максимальной комплектации! Новый Toyota Highlander (2026 г.в.) в топ-версии. Бензин 2.0 л Turbo (240 л.с.), полный привод 4WD, 7 мест, JBL 11 динамиков.<br />?? Цвет кузова: Черный / Белый<br />?? Салон: Черная кожа<br />?? Двигатель: 2.0 л бензин Turbo (240 л.с.)<br />?? Привод: Полный 4WD<br />?? Коробка: 8-ступенчатый автомат<br />?? Комплектация: Максимальная<br />?? Салон: 7 мест, вентиляция, JBL<br />?? Особенность: Рестайлинг 2026;"Экстерьер — обновленный дизайн<br />Toyota Highlander в рестайлинговом кузове:<br />• Фирменная решетка радиатора с хромированными ламелями<br />• Светодиодные матричные фары с адаптивным дальним светом<br />• 20-дюймовые легкосплавные диски в эксклюзивном дизайне<br />• Панорамная стеклянная крыша с электроприводом<br />• Электропривод двери багажника с Hands-Free<br />• Хромированные молдинги и акценты<br />• Светодиодные задние фонари<br />Интерьер — семейный комфорт<br />Салон с 7-местной конфигурацией:<br />• Премиальная черная кожа<br />• Вентиляция передних сидений<br />• Обогрев передних и задних сидений и рулевого колеса<br />• Декор из натурального дерева и алюминия<br />• Трехзонный климат-контроль<br />• Премиальная аудиосистема JBL на 11 динамиков<br />• 12.3-дюймовый сенсорный экран мультимедиа Toyota Smart Connect<br />• Цифровая приборная панель<br />• Проекционный дисплей (Head-Up Display)<br />• Беспроводная зарядка<br />Драйв и динамика<br />• Двигатель: 2.0-литровый бензин Turbo (8AR-FTS)<br />• Мощность: 240 л.с.<br />• Крутящий момент: 350 Нм<br />• Коробка передач: 8-ступенчатый автомат<br />• Полный привод 4WD с электронным управлением<br />• Режимы вождения: Eco, Normal, Sport, Mud &amp; Sand<br />• Разгон до 100 км/ч: ~8.5 секунды<br />Технологии и безопасность (Toyota Safety Sense 3.0)<br />• Toyota Safety Sense 3.0<br />• Адаптивный круиз-контроль с функцией Stop&amp;Go<br />• Система удержания в полосе и контроль слепых зон<br />• Автоматическое экстренное торможение<br />• Камера кругового обзора 360°<br />• Система помощи при парковке";https://static.tildacdn.com/stor6434-6230-4336-b635-356363616132/ffa3d20a573ad33167c435cb8875c262.jpg https://static.tildacdn.com/stor3237-3961-4835-a435-313633343636/e3bd62d9bf1cd50b0c66627cdbc99924.jpg https://static.tildacdn.com/stor6336-6265-4565-b932-666262666265/8d837109cff9d4075027c691d269b949.jpg https://static.tildacdn.com/stor3263-3736-4562-a537-666535306439/cfaae83177c4a5d5d531032d4688e7c6.jpg;0;;;;;RcIsCN7GpjDHINl1eJNd;;0;0;0;0;Купить Toyota Highlander 2026 новый – максимальная, 7 мест;Новый Toyota Highlander Максимальная 2026 г.в. Бензин 2.0L Turbo (240 л.с.), 7 мест, кожа, JBL 11 дин., 4WD, рестайлинг. Цвет черный/белый. В наличии.;Toyota Highlander 2026, Highlander Максимальная, купить Highlander новый, Highlander 7 мест, Toyota Highlander 4WD, Highlander JBL, Highlander рестайлинг;;;;;
3,55927E+11;Toyota;;;"Автомобили;Автомобили>>>Новые";Toyota Highlander Максимальная (2026) — 2.0 Turbo 240 л.с.;Большой семейный SUV в максимальной комплектации! Новый Toyota Highlander (2026 г.в.) в топ-версии. Бензин 2.0 л Turbo (240 л.с.), полный привод 4WD, 7 мест, JBL 11 динамиков.<br />?? Цвет кузова: Белый<br />?? Салон: Черная кожа<br />?? Двигатель: 2.0 л бензин Turbo (240 л.с.)<br />?? Привод: Полный 4WD<br />?? Коробка: 8-ступенчатый автомат<br />?? Комплектация: Максимальная<br />?? Салон: 7 мест, вентиляция, JBL<br />?? Особенность: Рестайлинг 2026;"Экстерьер — обновленный дизайн<br />Toyota Highlander в рестайлинговом кузове:<br />• Фирменная решетка радиатора с хромированными ламелями<br />• Светодиодные матричные фары с адаптивным дальним светом<br />• 20-дюймовые легкосплавные диски в эксклюзивном дизайне<br />• Панорамная стеклянная крыша с электроприводом<br />• Электропривод двери багажника с Hands-Free<br />• Хромированные молдинги и акценты<br />• Светодиодные задние фонари<br />Интерьер — семейный комфорт<br />Салон с 7-местной конфигурацией:<br />• Премиальная черная кожа<br />• Вентиляция передних сидений<br />• Обогрев передних и задних сидений и рулевого колеса<br />• Декор из натурального дерева и алюминия<br />• Трехзонный климат-контроль<br />• Премиальная аудиосистема JBL на 11 динамиков<br />• 12.3-дюймовый сенсорный экран мультимедиа Toyota Smart Connect<br />• Цифровая приборная панель<br />• Проекционный дисплей (Head-Up Display)<br />• Беспроводная зарядка<br />Драйв и динамика<br />• Двигатель: 2.0-литровый бензин Turbo (8AR-FTS)<br />• Мощность: 240 л.с.<br />• Крутящий момент: 350 Нм<br />• Коробка передач: 8-ступенчатый автомат<br />• Полный привод 4WD с электронным управлением<br />• Режимы вождения: Eco, Normal, Sport, Mud &amp; Sand<br />• Разгон до 100 км/ч: ~8.5 секунды<br />Технологии и безопасность (Toyota Safety Sense 3.0)<br />• Toyota Safety Sense 3.0<br />• Адаптивный круиз-контроль с функцией Stop&amp;Go<br />• Система удержания в полосе и контроль слепых зон<br />• Автоматическое экстренное торможение<br />• Камера кругового обзора 360°<br />• Система помощи при парковке";https://static.tildacdn.com/stor6336-6265-4565-b932-666262666265/8d837109cff9d4075027c691d269b949.jpg https://static.tildacdn.com/stor3263-3736-4562-a537-666535306439/cfaae83177c4a5d5d531032d4688e7c6.jpg;0;;;;;bKT0keY2IbJ35Fptbp2E;;0;0;0;0;Купить Toyota Highlander 2026 новый – максимальная, 7 мест;Новый Toyota Highlander Максимальная 2026 г.в. Бензин 2.0L Turbo (240 л.с.), 7 мест, кожа, JBL 11 дин., 4WD, рестайлинг. Цвет черный/белый. В наличии.;Toyota Highlander 2026, Highlander Максимальная, купить Highlander новый, Highlander 7 мест, Toyota Highlander 4WD, Highlander JBL, Highlander рестайлинг;;;;;
2,09483E+11;Toyota;;;"Автомобили;Автомобили>>>Новые";Toyota Land Cruiser 250 Prado Престиж 2.4T (J250) 2025 — Бензин 279 л.с. (суффикс 42);Бензиновый Prado в средней комплектации! Новый Toyota Land Cruiser 250 (2025 г.в.) в комплектации Престиж (42 суффикс). Бензин 2.4 л Turbo (279 л.с., 430 Нм), 7 мест, кожа, JBL, камера 360°.<br />?? Цвет кузова: Черный (Attitude Black)<br />?? Салон: Черная кожа<br />?? Двигатель: 2.4 л бензин Turbo (279 л.с., 430 Нм)<br />?? Привод: Полный 4WD с блокировками<br />?? Коробка: 8-ступенчатый автомат<br />?? Комплектация: Престиж (42 суффикс)<br />?? Особенность: Бензин быстрее дизеля (0-100 за 8.5 сек);"Экстерьер — премиальные акценты<br />Новый Prado в комплектации Престиж с расширенным пакетом опций:<br />• Фирменная решетка радиатора с хромированными ламелями<br />• Круглые светодиодные фары (ретро-стиль) с адаптивным дальним светом<br />• 18-дюймовые легкосплавные диски в эксклюзивном дизайне<br />• Хромированные молдинги и акценты<br />• Полноразмерное запасное колесо на задней двери<br />• Противотуманные фары LED<br />• Тонированные стекла с UV-защитой<br />• Электропривод двери багажника<br />• Рейлинги на крыше<br />Интерьер — кожаный салон с премиум-опциями<br />Салон с расширенным комфортом и 7-местной конфигурацией:<br />• Премиальная черная кожа<br />• Вентиляция передних сидений<br />• Обогрев передних и задних сидений<br />• Обогрев рулевого колеса<br />• Двухзонный климат-контроль<br />• Премиальная аудиосистема JBL на 10 динамиков<br />• Мультимедиа Toyota Smart Connect с 12.3"" экраном<br />• Цифровая приборная панель 12.3""<br />• Камера кругового обзора 360°<br />• Беспроводная зарядка<br />• Apple CarPlay / Android Auto<br />Драйв и динамика (Бензин)<br />• Двигатель: 2.4-литровый бензин Turbo (2TR-FE)<br />• Мощность: 279 л.с.<br />• Крутящий момент: 430 Нм<br />• Коробка передач: 8-ступенчатый автомат<br />• Полный привод 4WD с блокировкой центрального дифференциала<br />• Понижающая передача<br />• Multi-Terrain Select с режимами: Rock, Dirt, Sand, Mud, Snow<br />• Crawl Control — автоматическое движение по бездорожью<br />• Платформа TNGA-F — на 100 кг легче и жестче предшественника<br />• Разгон до 100 км/ч: ~8.5 секунды (быстрее дизеля на 1.5 сек!)<br />Технологии и безопасность (Toyota Safety Sense 3.0)<br />• Toyota Safety Sense 3.0<br />• Адаптивный круиз-контроль с функцией Stop&amp;Go<br />• Система удержания в полосе и контроль слепых зон<br />• Автоматическое экстренное торможение<br />• Камера кругового обзора 360°<br />• Система распознавания дорожных знаков";https://static.tildacdn.com/stor6634-3861-4535-a463-373831356365/c50df824ab72c54ce8f4154779547c04.jpg https://static.tildacdn.com/stor6161-3162-4338-a465-653135386434/92d7862a2da8d2c198f7ae973fa82f2a.jpg;0;;;;;Ll1EvfKb6s166PaF3v3p;;0;0;0;0;Купить Toyota Land Cruiser 250 Prado Престиж 2025 – бензин 279 л.с.;Новый Toyota Land Cruiser 250 Prado Престиж 2025 г.в. Бензин 2.4L Turbo (279 л.с., 430 Нм), кожа, JBL 10 дин., камера 360°, 4WD. Цвет черный. В наличии.;Toyota Land Cruiser 250 Престиж, Prado 42 суффикс, купить Prado новый, Prado бензин 279 л.с., Land Cruiser 250 бензин, Prado Turbo, Toyota LC 250;;;;;
2,6561E+11;Toyota;;;"Автомобили;Автомобили>>>Новые";Toyota Land Cruiser 250 Prado Люкс 2.4T (J250) 2026 — Бензин 279 л.с., Максимальная (суффикс 62);Бензиновый Prado в максимальной комплектации! Toyota Land Cruiser 250 (2026 г.в.) в топ-версии Люкс (62 суффикс). Бензин 2.4 л Turbo (279 л.с.), кожа Nappa, массаж, JBL 14 динамиков, панорама, AHC.<br />?? Цвет кузова: Белый (White Pearl)<br />?? Салон: Черная кожа Nappa<br />?? Двигатель: 2.4 л бензин Turbo (279 л.с., 430 Нм)<br />?? Привод: Полный 4WD с блокировками<br />?? Коробка: 8-ступенчатый автомат<br />?? Комплектация: Люкс (62 суффикс) — максимальная<br />?? Особенность: Кожа Nappa, массаж, JBL 14 дин., панорама, AHC;"Экстерьер — флагман линейки<br />Новый Prado в максимальной комплектации с премиальными деталями:<br />• 20-дюймовые легкосплавные диски в эксклюзивном дизайне<br />• Панорамная стеклянная крыша с электроприводом<br />• Светодиодные матричные фары с адаптивным дальним светом<br />• Хромированные молдинги и акценты<br />• Электропривод двери багажника с Hands-Free<br />• Круглые светодиодные фары (ретро-стиль)<br />• Полноразмерное запасное колесо на задней двери<br />• Рейлинги на крыше<br />Интерьер — максимальный комфорт<br />Салон с премиальными материалами и максимальным комфортом:<br />• Премиальная кожа Nappa черного цвета<br />• Массаж передних сидений с памятью настроек<br />• Вентиляция передних и задних сидений<br />• Обогрев всех сидений (включая 3-й ряд) и рулевого колеса<br />• Трехзонный климат-контроль<br />• Премиальная аудиосистема JBL на 14 динамиков с сабвуфером<br />• Мультимедиа Toyota Smart Connect с 12.3"" экраном<br />• Цифровая приборная панель 12.3""<br />• Проекционный дисплей (Head-Up Display)<br />• Камера кругового обзора 360° с 3D-визуализацией<br />• Беспроводная зарядка<br />• Холодильник в центральном подлокотнике<br />Драйв и динамика (Бензин)<br />• Двигатель: 2.4-литровый бензин Turbo (2TR-FE)<br />• Мощность: 279 л.с.<br />• Крутящий момент: 430 Нм<br />• Коробка передач: 8-ступенчатый автомат<br />• Полный привод 4WD с блокировками и понижающей передачей<br />• Multi-Terrain Select и Crawl Control<br />• Гидравлическая подвеска AHC (Active Height Control) с регулировкой клиренса<br />• Платформа TNGA-F<br />• Разгон до 100 км/ч: ~8.5 секунды<br />Технологии и безопасность (Toyota Safety Sense 3.0)<br />• Toyota Safety Sense 3.0 — последняя версия<br />• Адаптивный круиз-контроль с функцией Stop&amp;Go<br />• Система удержания в полосе и контроль слепых зон<br />• Автоматическое экстренное торможение<br />• Камера кругового обзора 360°<br />• Проекционный дисплей (Head-Up Display)";https://static.tildacdn.com/stor3866-3832-4638-b435-313738353637/e47169e66ca50658abe067375fb6a131.jpg https://static.tildacdn.com/stor3435-3636-4164-a133-663033613266/19e6abf0fbc23cb8d8a4fc0a7260bbc6.jpg;0;;;;;sZaUbtMK6vN443oAuMD4;;0;0;0;0;Купить Toyota Land Cruiser 250 Prado 2025 новый – 2.8 TD, 4WD;Новый Toyota Land Cruiser 250 (Prado 6) 2025 г.в. Дизель 2.8L 1GD-FTV (204 л.с., 500 Нм), 48V MHEV, 8-ст. АКПП, Full-time 4WD, TNGA-F. В наличии.;Toyota Land Cruiser 250, Prado 250 2025, купить Prado новый, Land Cruiser 250 дизель, Prado TNGA-F, Toyota Prado 1GD-FTV, Land Cruiser 250 4WD;;;;;
1,6195E+11;Toyota;;;"Автомобили;Автомобили>>>Новые";Toyota Land Cruiser 250 Prado Люкс 2.4T (J250) 2026 — Бензин 279 л.с., Максимальная (суффикс 62);Бензиновый Prado в максимальной комплектации! Toyota Land Cruiser 250 (2026 г.в.) в топ-версии Люкс (62 суффикс). Бензин 2.4 л Turbo (279 л.с.), кожа Nappa, массаж, JBL 14 динамиков, панорама, AHC.<br />?? Цвет кузова: Черный (Attitude Black)<br />?? Салон: Черная кожа Nappa<br />?? Двигатель: 2.4 л бензин Turbo (279 л.с., 430 Нм)<br />?? Привод: Полный 4WD с блокировками<br />?? Коробка: 8-ступенчатый автомат<br />?? Комплектация: Люкс (62 суффикс) — максимальная<br />?? Особенность: Кожа Nappa, массаж, JBL 14 дин., панорама, AHC;"Экстерьер — флагман линейки<br />Новый Prado в максимальной комплектации с премиальными деталями:<br />• 20-дюймовые легкосплавные диски в эксклюзивном дизайне<br />• Панорамная стеклянная крыша с электроприводом<br />• Светодиодные матричные фары с адаптивным дальним светом<br />• Хромированные молдинги и акценты<br />• Электропривод двери багажника с Hands-Free<br />• Круглые светодиодные фары (ретро-стиль)<br />• Полноразмерное запасное колесо на задней двери<br />• Рейлинги на крыше<br />Интерьер — максимальный комфорт<br />Салон с премиальными материалами и максимальным комфортом:<br />• Премиальная кожа Nappa черного цвета<br />• Массаж передних сидений с памятью настроек<br />• Вентиляция передних и задних сидений<br />• Обогрев всех сидений (включая 3-й ряд) и рулевого колеса<br />• Трехзонный климат-контроль<br />• Премиальная аудиосистема JBL на 14 динамиков с сабвуфером<br />• Мультимедиа Toyota Smart Connect с 12.3"" экраном<br />• Цифровая приборная панель 12.3""<br />• Проекционный дисплей (Head-Up Display)<br />• Камера кругового обзора 360° с 3D-визуализацией<br />• Беспроводная зарядка<br />• Холодильник в центральном подлокотнике<br />Драйв и динамика (Бензин)<br />• Двигатель: 2.4-литровый бензин Turbo (2TR-FE)<br />• Мощность: 279 л.с.<br />• Крутящий момент: 430 Нм<br />• Коробка передач: 8-ступенчатый автомат<br />• Полный привод 4WD с блокировками и понижающей передачей<br />• Multi-Terrain Select и Crawl Control<br />• Гидравлическая подвеска AHC (Active Height Control) с регулировкой клиренса<br />• Платформа TNGA-F<br />• Разгон до 100 км/ч: ~8.5 секунды<br />Технологии и безопасность (Toyota Safety Sense 3.0)<br />• Toyota Safety Sense 3.0 — последняя версия<br />• Адаптивный круиз-контроль с функцией Stop&amp;Go<br />• Система удержания в полосе и контроль слепых зон<br />• Автоматическое экстренное торможение<br />• Камера кругового обзора 360°<br />• Проекционный дисплей (Head-Up Display)";https://static.tildacdn.com/stor6333-3930-4433-b464-343362396463/8c2f557519dfef757e2bd0a61392d327.jpg https://static.tildacdn.com/stor3537-3934-4635-a134-336236663533/cde9deafcef49d1095e4a25a326182e7.jpg;0;;;;;xIenNfglgsBEX6lNFbUv;;0;0;0;0;Купить Toyota Land Cruiser 250 Prado Люкс 2026 – бензин, Nappa, массаж;Новый Toyota Land Cruiser 250 Prado Люкс 2026 г.в. Бензин 2.4L Turbo (279 л.с., 430 Нм), кожа Nappa, массаж, JBL 14 дин., панорама, AHC, 4WD. В наличии.;Toyota Land Cruiser 250 Люкс бензин, Prado 62 суффикс, купить Prado новый, Prado бензин 279 л.с., Land Cruiser 250 Nappa, Prado массаж, Toyota LC 250 топ;;;;;
5,0191E+11;Toyota;;;"Автомобили;Автомобили>>>Новые";Toyota Land Cruiser 300 Premium 3.3d (J300) 2025 — Дизель 309 л.с., Белый;Дизельный флагман LC300 в белой версии! Toyota Land Cruiser 300 Premium (2025 г.в.) с турбодизелем V6 3.3L (309 л.с., 700 Нм), белый кузов, черный салон, пневмоподвеска, JBL 14 динамиков.<br />?? Цвет кузова: Белый (White Pearl Crystal Shine)<br />?? Салон: Черная кожа<br />?? Двигатель: V6 3.3L Twin-Turbo дизель (309 л.с., 700 Нм)<br />?? Привод: Full-time 4WD с блокировками<br />?? Коробка: 10-ступенчатый автомат<br />?? Комплектация: Premium (топовая)<br />?? Особенность: Пневмоподвеска, JBL 14 дин., массаж;"Экстерьер — статусный белый флагман<br />Легендарный LC300 в премиальном белом цвете:<br />• Фирменная решетка радиатора с хромированными ламелями<br />• Светодиодные матричные фары с адаптивным дальним светом<br />• 20-дюймовые легкосплавные диски в эксклюзивном дизайне<br />• Панорамная стеклянная крыша с электроприводом<br />• Электропривод двери багажника с Hands-Free<br />• Хромированные молдинги и акценты<br />• Светодиодные задние фонари<br />• Рейлинги на крыше<br />Интерьер — максимальный комфорт<br />Салон с премиальными материалами и 7-местной конфигурацией:<br />• Премиальная черная кожа с декоративной прострочкой<br />• Передние сиденья с массажем, вентиляцией и памятью<br />• Вентиляция передних и задних сидений<br />• Обогрев всех сидений (включая 3-й ряд) и рулевого колеса<br />• Декор из натурального дерева (орех)<br />• 4-зонный климат-контроль с ионизацией воздуха<br />• Премиальная аудиосистема JBL на 14 динамиков с сабвуфером<br />• 12.3-дюймовый изогнутый экран мультимедиа Toyota Smart Connect<br />• 12.3-дюймовая цифровая приборная панель<br />• Проекционный дисплей (Head-Up Display)<br />• Холодильник в центральном подлокотнике<br />• Беспроводная зарядка и USB-C порты<br />Драйв и внедорожные возможности<br />• Двигатель: V6 3.3L Twin-Turbo дизель (F33A-FTV)<br />• Мощность: 309 л.с.<br />• Крутящий момент: 700 Нм (паровозная тяга!)<br />• Коробка передач: 10-ступенчатый автомат<br />• Постоянный полный привод Full-time 4WD<br />• Блокировки центрального и заднего дифференциалов<br />• Понижающая передача<br />• Пневматическая подвеска с регулировкой клиренса<br />• Адаптивные амортизаторы AVS<br />• Multi-Terrain Select с 6 режимами: Rock, Dirt, Sand, Mud, Deep Snow, Auto<br />• Crawl Control — автоматическое движение по бездорожью<br />• Новая платформа TNGA-F — на 200 кг легче LC200<br />• Разгон до 100 км/ч: ~7.5 секунды<br />• Экономичность: 9-11 л/100 км на трассе<br />Технологии и безопасность (Toyota Safety Sense 3.0)<br />• Toyota Safety Sense 3.0 — последняя версия<br />• Адаптивный круиз-контроль с функцией Stop&amp;Go<br />• Система удержания в полосе и контроль слепых зон<br />• Автоматическое экстренное торможение с распознаванием пешеходов<br />• Камера кругового обзора 360° с функцией ""прозрачного капота""<br />• Проекционный дисплей (Head-Up Display)<br />• Система помощи при парковке с автопарковщиком";https://static.tildacdn.com/stor3330-3861-4338-b433-393266346432/5f4d3ac5b6b78aa7b6e410e0cc38941b.jpg https://static.tildacdn.com/stor3330-3236-4638-a364-643132303236/7c346f650c7278a62bb260b70f54dfcb.jpg;0;;;;;lhN8d2J0L7ZxecGpHXlS;;0;0;0;0;Купить Toyota Land Cruiser 300 Premium 2025 новый – дизель, белый;Новый Toyota Land Cruiser 300 Premium 2025 г.в. Дизель V6 3.3L (309 л.с., 700 Нм), пневмоподвеска, JBL 14 дин., массаж, 4WD. Цвет белый. В наличии.;Toyota Land Cruiser 300 Premium, LC300 дизель, купить LC 300 новый, Land Cruiser 300 Premium, LC300 309 л.с., Toyota LC 300 белый, LC300 пневмоподвеска;;;;;
3,75865E+11;Toyota;;;"Автомобили;Автомобили>>>Новые";Toyota Land Cruiser 300 Premium 3.3d (J300) 2026 — Дизель 309 л.с., Черный;Дизельный флагман LC300 в черной версии! Toyota Land Cruiser 300 Premium (2026 г.в.) с турбодизелем V6 3.3L (309 л.с., 700 Нм), черный кузов, черный салон, пневмоподвеска, JBL 14 динамиков.<br />?? Цвет кузова: Черный (Attitude Black)<br />?? Салон: Черная кожа<br />?? Двигатель: V6 3.3L Twin-Turbo дизель (309 л.с., 700 Нм)<br />?? Привод: Full-time 4WD с блокировками<br />?? Коробка: 10-ступенчатый автомат<br />?? Комплектация: Premium (топовая)<br />?? Особенность: Пневмоподвеска, JBL 14 дин., массаж;"Экстерьер — статусная классика<br />Легендарный LC300 в классическом черном цвете — универсальный и статусный выбор:<br />• Все характеристики идентичны белой версии<br />• Черный цвет — классика, которая никогда не выходит из моды<br />• Практичнее белого: меньше видна пыль и грязь<br />• Высокая ликвидность на вторичном рынке<br />Интерьер — максимальный комфорт<br />Салон с премиальными материалами и 7-местной конфигурацией:<br />• Премиальная черная кожа с декоративной прострочкой<br />• Передние сиденья с массажем, вентиляцией и памятью<br />• Вентиляция передних и задних сидений<br />• Обогрев всех сидений (включая 3-й ряд) и рулевого колеса<br />• Декор из натурального дерева (орех)<br />• 4-зонный климат-контроль с ионизацией воздуха<br />• Премиальная аудиосистема JBL на 14 динамиков с сабвуфером<br />• 12.3-дюймовый изогнутый экран мультимедиа Toyota Smart Connect<br />• 12.3-дюймовая цифровая приборная панель<br />• Проекционный дисплей (Head-Up Display)<br />• Холодильник в центральном подлокотнике<br />• Беспроводная зарядка и USB-C порты<br />Драйв и внедорожные возможности<br />• Двигатель: V6 3.3L Twin-Turbo дизель (F33A-FTV)<br />• Мощность: 309 л.с.<br />• Крутящий момент: 700 Нм (паровозная тяга!)<br />• Коробка передач: 10-ступенчатый автомат<br />• Постоянный полный привод Full-time 4WD<br />• Блокировки центрального и заднего дифференциалов<br />• Понижающая передача<br />• Пневматическая подвеска с регулировкой клиренса<br />• Адаптивные амортизаторы AVS<br />• Multi-Terrain Select с 6 режимами: Rock, Dirt, Sand, Mud, Deep Snow, Auto<br />• Crawl Control — автоматическое движение по бездорожью<br />• Новая платформа TNGA-F — на 200 кг легче LC200<br />• Разгон до 100 км/ч: ~7.5 секунды<br />• Экономичность: 9-11 л/100 км на трассе<br />Технологии и безопасность (Toyota Safety Sense 3.0)<br />• Toyota Safety Sense 3.0 — последняя версия<br />• Адаптивный круиз-контроль с функцией Stop&amp;Go<br />• Система удержания в полосе и контроль слепых зон<br />• Автоматическое экстренное торможение с распознаванием пешеходов<br />• Камера кругового обзора 360° с функцией ""прозрачного капота""<br />• Проекционный дисплей (Head-Up Display)<br />• Система помощи при парковке с автопарковщиком";https://static.tildacdn.com/stor3239-3134-4536-a336-666563663431/7ab1fe25ad8c937f6c29e8a2fd53f790.jpg https://static.tildacdn.com/stor3634-3961-4238-b364-313663323431/a43d7752f684d0cdbbb2a2c1a0fd2ddc.jpg;0;;;;;Xz87IClfjTUVelNk3Md6;;0;0;0;0;Купить Toyota Land Cruiser 300 Premium 2026 новый – дизель, черный;Новый Toyota Land Cruiser 300 Premium 2026 г.в. Дизель V6 3.3L (309 л.с., 700 Нм), пневмоподвеска, JBL 14 дин., массаж, 4WD. Цвет черный. В наличии.;Toyota Land Cruiser 300 Premium, LC300 дизель, купить LC 300 новый, Land Cruiser 300 Premium, LC300 309 л.с., Toyota LC 300 черный, LC300 пневмоподвеска;;;;;
4,10027E+11;Toyota;;;"Автомобили;Автомобили>>>Новые";Toyota Land Cruiser 300 Premium 3.5T (J300) 2026 — Бензин 415 л.с.;Бензиновый флагман LC300! Toyota Land Cruiser 300 Premium (2026 г.в.) с битурбо-V6 3.5L (415 л.с., 650 Нм), черный кузов, черный салон, пневмоподвеска, JBL 14 динамиков.<br />?? Цвет кузова: Черный (Attitude Black)<br />?? Салон: Черная кожа<br />?? Двигатель: V6 3.5L Twin-Turbo бензин (415 л.с., 650 Нм)<br />?? Привод: Full-time 4WD с блокировками<br />?? Коробка: 10-ступенчатый автомат<br />?? Комплектация: Premium (топовая)<br />?? Разгон: 0-100 км/ч за 6.7 секунды;Экстерьер — статусный флагман<br />Легендарный LC300 с мощным бензиновым V6:<br />• Фирменная решетка радиатора с хромированными ламелями<br />• Светодиодные матричные фары с адаптивным дальним светом<br />• 20-дюймовые легкосплавные диски в эксклюзивном дизайне<br />• Панорамная стеклянная крыша с электроприводом<br />• Электропривод двери багажника с Hands-Free<br />• Хромированные молдинги и акценты<br />Интерьер — максимальный комфорт<br />Салон с премиальными материалами:<br />• Премиальная черная кожа с декоративной прострочкой<br />• Передние сиденья с массажем, вентиляцией и памятью<br />• Вентиляция передних и задних сидений<br />• Обогрев всех сидений и рулевого колеса<br />• Декор из натурального дерева<br />• 4-зонный климат-контроль с ионизацией воздуха<br />• Премиальная аудиосистема JBL на 14 динамиков<br />• 12.3-дюймовый изогнутый экран мультимедиа<br />• Проекционный дисплей (Head-Up Display)<br />• Холодильник в центральном подлокотнике<br />Драйв и динамика (Бензин)<br />• Двигатель: V6 3.5L Twin-Turbo бензин (V35A-FTS)<br />• Мощность: 415 л.с.<br />• Крутящий момент: 650 Нм<br />• Коробка передач: 10-ступенчатый автомат<br />• Постоянный полный привод Full-time 4WD<br />• Блокировки дифференциалов и понижающая передача<br />• Пневматическая подвеска с регулировкой клиренса<br />• Multi-Terrain Select и Crawl Control<br />• Платформа TNGA-F<br />• Разгон до 100 км/ч: ~6.7 секунды (быстрее дизеля на 0.8 сек!);https://static.tildacdn.com/stor3239-3134-4536-a336-666563663431/7ab1fe25ad8c937f6c29e8a2fd53f790.jpg https://static.tildacdn.com/stor3634-3961-4238-b364-313663323431/a43d7752f684d0cdbbb2a2c1a0fd2ddc.jpg;0;;;;;7uUEvllSsxaZN6IR4SbL;;0;0;0;0;Купить Toyota Land Cruiser 300 Premium 2026 новый – бензин 415 л.с.;Новый Toyota Land Cruiser 300 Premium 2026 г.в. Бензин V6 3.5L Twin-Turbo (415 л.с., 650 Нм), пневмоподвеска, JBL 14 дин., массаж, 4WD. В наличии.;Toyota Land Cruiser 300 Premium бензин, LC300 бензин, купить LC 300 новый, Land Cruiser 300 415 л.с., LC300 Twin-Turbo, Toyota LC 300 бензин, LC300 пневмоподвеска;;;;;
4,83688E+11;Lexus;;;"Автомобили;Автомобили>>>Новые";Lexus LX 600 Luxury Plus 7s (J310) 2026 — Бензин 415 л.с., Красный салон;Бензиновый флагман с красным салоном! Новый Lexus LX 600 (J310, 2026 г.в.) в топовой комплектации Luxury Plus. Битурбо-V6 3.5L (415 л.с.), черный кузов, красный салон — редчайшее сочетание!<br />?? Цвет кузова: Черный (Black / Obsidian)<br />?? Салон: Красная премиальная кожа Semi-Aniline<br />?? Двигатель: V6 3.5L Twin-Turbo бензин (415 л.с., 650 Нм)<br />?? Привод: Full-time 4WD с блокировками<br />?? Комплектация: Luxury Plus 7s (максимальная)<br />?? Особенность: Красный салон — эксклюзив!;"<p style=""text-align: left;"">Экстерьер — статусная классика</p><p style=""text-align: left;"">Флагманский внедорожник в классическом черном цвете:</p><p style=""text-align: left;"">• Фирменная веретенообразная решетка радиатора с хромированными ламелями</p><p style=""text-align: left;"">• Обновленные светодиодные матричные фары (рестайлинг 2026)</p><p style=""text-align: left;"">• 22-дюймовые кованые диски в дизайне Luxury</p><p style=""text-align: left;"">• Панорамная стеклянная крыша с электроприводом</p><p style=""text-align: left;"">• Электропривод двери багажника с Hands-Free</p><p style=""text-align: left;"">• Хромированные молдинги и акценты</p><p style=""text-align: left;"">• Полноразмерное запасное колесо</p><p style=""text-align: left;"">Интерьер — красный эксклюзив</p><p style=""text-align: left;"">Салон в редчайшем красном цвете:</p><p style=""text-align: left;"">• Премиальная кожа Semi-Aniline ярко-красного цвета</p><p style=""text-align: left;"">• Уникальное сочетание черного кузова и красного салона</p><p style=""text-align: left;"">• Выбор для смелых и уверенных в себе владельцев</p><p style=""text-align: left;"">Драйв и динамика (Бензин)</p><p style=""text-align: left;"">• Двигатель: V6 3.5L Twin-Turbo бензин (V35A-FTS)</p><p style=""text-align: left;"">• Мощность: 415 л.с.</p><p style=""text-align: left;"">• Крутящий момент: 650 Нм</p><p style=""text-align: left;"">• Коробка передач: 10-ступенчатый автомат</p><p style=""text-align: left;"">• Постоянный полный привод Full-time 4WD</p><p style=""text-align: left;"">• Блокировка центрального дифференциала и понижающая передача</p><p style=""text-align: left;"">• Гидравлическая подвеска AHC с регулировкой клиренса</p><p style=""text-align: left;"">• Multi-Terrain Select и Crawl Control</p><p style=""text-align: left;"">• Платформа TNGA-F</p><p style=""text-align: left;"">• Разгон до 100 км/ч: ~6.9 секунды</p>";https://static.tildacdn.com/stor3935-3730-4436-a136-616238646230/b63129960f8c515af57a9674f19d9112.jpg https://static.tildacdn.com/stor6361-3233-4236-a334-623563623934/aad892075e7ca10c29d706cc0e1b1735.jpg;0;;;;;JKaRJ7unA1jlmakkCPHd;;0;0;0;0;Купить Lexus LX 600 2026 новый – бензин 415 л.с., красный салон;Новый Lexus LX 600 Luxury Plus 2026 г.в. Бензин V6 3.5L (415 л.с., 650 Нм), 7 мест, красный салон, Mark Levinson 25 дин., AHC, 4WD. В наличии.;Lexus LX 600 красный салон, купить LX 600 новый, Lexus LX бензин, LX 600 415 л.с., Lexus LX Luxury Plus, LX 600 красный, Lexus LX 2026;;;;;
4,71766E+11;Mazda;;;"Автомобили;Автомобили>>>Новые";Mazda CX-5 High 2026 — Атмосферник 2.0L 150 л.с., Серый;Японская надежность в элегантном сером! Новая Mazda CX-5 (2026 г.в.) в комплектации High. Атмосферный 2.0 л SkyActiv-G (150 л.с.), серый кузов, черный салон, японская сборка Хиросима.<br />?? Цвет кузова: Серый (Machine Gray Metallic)<br />?? Салон: Черная кожа<br />?? Двигатель: 2.0 л атмосферный SkyActiv-G (150 л.с., 210 Нм)<br />?? Привод: Полный i-ACTIV AWD<br />?? Коробка: 6-ступенчатый автомат SkyActiv-Drive<br />?? Комплектация: High (максимальная)<br />?? Сборка: Хиросима, Япония;"Экстерьер — элегантный серый<br />Кроссовер с фирменным дизайном Mazda ""Kodo — душа движения"" в элегантном сером цвете:<br />• Фирменная решетка радиатора Mazda с хромированными ламелями<br />• Светодиодные фары с адаптивным дальним светом<br />• 19-дюймовые легкосплавные диски в эксклюзивном дизайне<br />• Панорамная стеклянная крыша с электроприводом<br />• Электропривод двери багажника<br />• Хромированные молдинги и акценты<br />• Серый металлик Machine Gray — элегантный и практичный цвет<br />• Меньше нагревается на солнце летом<br />• Мелкие царапины менее заметны<br />Интерьер — японский минимализм<br />Салон с премиальными материалами:<br />• Премиальная черная кожа<br />• Обогрев передних и задних сидений<br />• Обогрев рулевого колеса<br />• Двухзонный климат-контроль<br />• Премиальная аудиосистема Bose на 10 динамиков<br />• 10.25-дюймовый сенсорный экран мультимедиа Mazda Connect<br />• Цифровая приборная панель 7""<br />• Проекционный дисплей (Head-Up Display)<br />• Беспроводная зарядка<br />• Apple CarPlay / Android Auto<br />Драйв и динамика — «Jinba Ittai»<br />• Двигатель: 2.0-литровый атмосферный SkyActiv-G<br />• Мощность: 150 л.с.<br />• Крутящий момент: 210 Нм<br />• Коробка передач: 6-ступенчатый автомат SkyActiv-Drive (классический гидротрансформатор!)<br />• Полный привод i-ACTIV AWD с интеллектуальным управлением<br />• Философия «Jinba Ittai» (единение коня и всадника) — Mazda славится лучшей управляемостью в классе<br />• Цепь ГРМ вместо ремня — не требует замены до 200+ тыс. км<br />• Разгон до 100 км/ч: ~10.5 секунды<br />• Экономичность: 7-9 л/100 км<br />Надежность и ликвидность<br />Атмосферник + классический автомат = ресурс 300-500 тыс. км<br />Японская сборка — качество на уровне премиальных брендов<br />Ликвидность — Mazda CX-5 продается за 1-2 дня на вторичке<br />Простота обслуживания — запчасти доступны<br />Технологии и безопасность (i-Activsense)<br />• i-Activsense — комплекс активной безопасности Mazda<br />• Адаптивный круиз-контроль с функцией Stop&amp;Go<br />• Система удержания в полосе и контроль слепых зон<br />• Автоматическое экстренное торможение<br />• Камера заднего вида<br />• Система распознавания дорожных знаков";https://static.tildacdn.com/stor6163-6263-4862-a238-626237646234/3bc1b8a956d40807242542c4b850acaf.jpg https://static.tildacdn.com/stor3239-3030-4536-a664-363039396136/657bc5fb649f237fb3e9118845efb027.jpg;0;;;;;rToCjh0hx1O1NO641649;;0;0;0;0;Купить Mazda CX-5 High 2026 новый – 150 л.с., серый, Япония;Новая Mazda CX-5 High 2026 г.в. Атмосферник 2.0L (150 л.с.), 6-ступенчатый автомат, i-ACTIV AWD, Bose 10 дин. Сборка Хиросима, Япония. Цвет серый. В наличии.;Mazda CX-5 High 2026 серый, CX-5 Япония, купить CX-5 новый, Mazda CX-5 150 л.с., CX-5 SkyActiv-G, Mazda CX-5 Хиросима, CX-5 серый;;;;;
3,22264E+11;BMW;;;"Автомобили;Автомобили>>>Новые";BMW X5 xDrive40i M Sport (G05 LCI) 2026 — Manhattan Grey, Кофе;Редкое сочетание Individual! Новый BMW X5 xDrive40i (рестайлинг G05 LCI, 2026 г.в.) в премиальном цвете Manhattan Grey Metallic с эксклюзивным коричневым салоном Vernasca Coffee. Бензиновый R6 3.0 л TwinPower Turbo (381 л.с., 520 Нм), пакет M Sport Pro, Harman Kardon 16 динамиков.<br />?? Цвет кузова: Manhattan Grey Metallic (Individual)<br />?? Салон: Кожа Vernasca Coffee (коричневый)<br />?? Двигатель: 3.0 л R6 бензин TwinPower Turbo (381 л.с., 520 Нм)<br />?? Привод: Полный xDrive<br />?? Коробка: 8-ступенчатая Steptronic Sport<br />?? Пакет: M Sport Pro с активным дифференциалом<br />?? Разгон: 0-100 км/ч за 5.5 секунды<br />?? Мультимедиа: Harman Kardon 16 дин., Live Cockpit Professional;"Экстерьер — серый Individual с M Sport<br />Флагманский SUV в премиальном цвете Manhattan Grey Metallic с пакетом M Sport Pro:<br />• Manhattan Grey Metallic — премиальный цвет BMW Individual с глубоким металлическим отливом<br />• M аэродинамический пакет с агрессивными бамперами<br />• Черные акценты Individual — решётка, молдинги, корпуса зеркал<br />• 21-дюймовые M-диски в эксклюзивном дизайне с разноразмерными шинами<br />• Адаптивные светодиодные фары с автоматическим дальним светом<br />• Панорамная стеклянная крыша с электроприводом<br />• Электропривод двери багажника с Hands-Free<br />• Активный M дифференциал — для лучшего сцепления в поворотах<br />• Спортивный тормоз M с увеличенными дисками<br />Интерьер — коричневая кожа Vernasca Coffee<br />Салон обит премиальной кожей Vernasca Coffee — редкий и элегантный выбор:<br />• Премиальная кожа Vernasca цвета Coffee (коричневый) — создает теплую, уютную атмосферу<br />• Спортивные сиденья с памятью, вентиляцией и подогревом<br />• M-рулевое колесо с кожаной отделкой и подрулевыми лепестками<br />• Подогрев передних и задних сидений<br />• Вентиляция передних сидений<br />• 4-зонный автоматический климат-контроль<br />• Премиальная аудиосистема Harman Kardon Surround на 16 динамиков<br />• BMW Curved Display — изогнутый экран: 12.3"" приборная панель + 12.3"" мультимедиа<br />• Live Cockpit Professional с навигацией<br />• Беспроводная зарядка и USB-C порты<br />• Декоративные вставки из алюминия Tetragon или дерева Fineline<br />Драйв и динамика — легендарный B58<br />• Двигатель: Рядный 6-цилиндровый бензин B58B30M1 с TwinPower Turbo<br />• Мощность: 381 л.с. при 5500 об/мин<br />• Крутящий момент: 520 Нм при 1800-5000 об/мин<br />• Коробка передач: 8-ступенчатая Steptronic Sport с подрулевыми лепестками<br />• Полный привод xDrive с интеллектуальным распределением<br />• Адаптивная M подвеска Adaptive M Suspension с электронными амортизаторами<br />• Активный M дифференциал на задней оси (M Sport Pro)<br />• Режимы вождения: Comfort, Sport, Sport+, Adaptive, Individual<br />• Разгон до 100 км/ч: 5.5 секунды<br />• Расход топлива: 9-11 л/100 км (смешанный)<br />Технологии и безопасность<br />• BMW Live Cockpit Professional с двумя 12.3"" экранами<br />• BMW Curved Display — современный изогнутый интерфейс<br />• Адаптивный круиз-контроль с функцией Stop&amp;Go<br />• Driving Assistant Professional — контроль слепых зон, удержание в полосе<br />• Parking Assistant Plus с камерой 360° и Reversing Assistant<br />• Автоматическое экстренное торможение с распознаванием пешеходов<br />• Беспроводные Apple CarPlay / Android Auto<br />• Персональная eSIM 5G<br />• Connected Package Professional";https://static.tildacdn.com/stor3933-3764-4332-b231-386630343061/f1b48cd4dea713c956492cb8751ff11b.png https://static.tildacdn.com/stor6133-3330-4464-b937-666463656333/b6e91b49179961a2d4e4e74312df7bff.jpg;0;;;;;FCa3bccO6GKe4DRC4m9O;;0;0;0;0;Купить BMW X5 xDrive40i 2026 новый – Manhattan Grey, M Sport, B58;Новый BMW X5 xDrive40i 2026 г.в. R6 3.0L TwinPower (381 л.с., 520 Нм), Manhattan Grey Individual, кофе салон Vernasca, M Sport Pro, Harman Kardon 16 дин. В наличии.;BMW X5 xDrive40i, X5 Manhattan Grey, купить X5 новый, BMW X5 2026, X5 B58, BMW X5 M Sport Pro, X5 Vernasca Coffee;;;;;
8,94004E+11;BMW;;;"Автомобили;Автомобили>>>Новые";BMW X7 xDrive40i (G07 LCI) 2025 — 381 л.с., Тартуфо, Executive Drive Pro;Флагманский 7-местный SUV BMW! BMW X7 xDrive40i (рестайлинг G07 LCI, 2025 г.в.) с пробегом всего 10 000 км — состояние нового. Битурбо-R6 3.0 л (381 л.с., 540 Нм), премиальный салон Vernasca Tartufo, активная пневмоподвеска Executive Drive Pro, 5-зонный климат, Sky Lounge.<br />?? Цвет кузова: Черный (Carbonschwarz Metallic)<br />?? Салон: Кожа Vernasca Tartufo (темно-коричневый, Individual)<br />?? Пробег: 9 000 км (состояние нового)<br />?? Двигатель: 3.0 л R6 бензин TwinPower Turbo (381 л.с., 540 Нм)<br />?? Привод: Полный xDrive<br />?? Коробка: 8-ступенчатая Steptronic<br />?? Салон: 7 мест (2+3+2)<br />?? Подвеска: Executive Drive Pro (активная пневмоподвеска + активные стабилизаторы)<br />?? Комфорт: 5-зонный климат, Sky Lounge панорама<br />?? Мультимедиа: Harman Kardon, Live Cockpit Professional, Curved Display<br />?? Разгон: 0-100 км/ч за 5.8 секунды;"Экстерьер — флагман в глубоком черном<br />Полноразмерный SUV в классическом цвете Carbonschwarz Metallic:<br />• Carbonschwarz Metallic — глубокий черный с синим отливом на солнце<br />• Хромированная решетка радиатора с вертикальными ламелями<br />• Светодиодные лазерные фары Laserlight с адаптивным дальним светом (дальность до 600 м)<br />• 22-дюймовые легкосплавные диски в эксклюзивном дизайне<br />• Панорамная стеклянная крыша Sky Lounge со светодиодной подсветкой (создает эффект звездного неба)<br />• Электропривод двери багажника с Hands-Free<br />• Хромированные молдинги и акценты<br />• Светодиодные задние фонари с анимацией<br />• Рейлинги на крыше в хроме<br />Интерьер — премиальный Тартуфо с 7 местами<br />Салон с эксклюзивной кожей Vernasca Tartufo и 7-местной конфигурацией (2+3+2):<br />• Премиальная кожа Vernasca в редком цвете Tartufo (темно-коричневый) — премиальная палитра BMW Individual<br />• 7-местная конфигурация (2+3+2) — три ряда сидений для большой семьи<br />• Спортивные сиденья с памятью, вентиляцией и подогревом<br />• M-рулевое колесо с кожаной отделкой и подогревом<br />• Обогрев передних и задних сидений (включая 3-й ряд!)<br />• Вентиляция передних сидений<br />• 5-зонный автоматический климат-контроль — у каждого ряда свой блок управления<br />• Панорамная крыша Sky Lounge с динамической LED-подсветкой<br />• Премиальная аудиосистема Harman Kardon Surround (16 динамиков)<br />• BMW Curved Display — изогнутый экран: 12.3"" приборка + 14.9"" мультимедиа<br />• Live Cockpit Professional с навигацией<br />• Декоративные вставки из натурального дерева или алюминия<br />• Беспроводная зарядка и USB-C порты по всему салону<br />• Солнцезащитные шторки для задних пассажиров<br />Драйв и динамика — Executive Drive Pro<br />• Двигатель: Рядный 6-цилиндровый бензин B58 с TwinPower Turbo<br />• Мощность: 381 л.с.<br />• Крутящий момент: 540 Нм при 1800-5000 об/мин<br />• Коробка передач: 8-ступенчатая Steptronic с подрулевыми лепестками<br />• Полный привод xDrive с интеллектуальным распределением<br />• Executive Drive Pro — топовая активная подвеска BMW:<br />— Пневматическая подвеска с регулировкой клиренса<br />— Активные стабилизаторы поперечной устойчивости (гасят крены за миллисекунды)<br />— Адаптивные амортизаторы с электронной регулировкой<br />• Интегральное активное рулевое управление (подруливание задних колес)<br />• Режимы вождения: Comfort, Sport, Sport+, Adaptive, Individual, Off-Road<br />• Разгон до 100 км/ч: 5.8 секунды — впечатляющая динамика для 2.5-тонного SUV<br />Технологии и безопасность<br />• BMW Live Cockpit Professional с Curved Display<br />• Driving Assistant Professional:<br />— Адаптивный круиз-контроль с Stop&amp;Go<br />— Активное удержание в полосе<br />— Ассистент движения в пробках<br />— Контроль слепых зон<br />• Parking Assistant Plus с камерой 360° и Reversing Assistant<br />• Автоматическое экстренное торможение с распознаванием пешеходов<br />• Камера кругового обзора 360° с 3D-визуализацией<br />• Беспроводные Apple CarPlay / Android Auto<br />• Персональная eSIM 5G<br />• Connected Package Professional";https://static.tildacdn.com/stor6239-3630-4563-b832-336237343064/8f040ac0a9b225f15691e0fb732ac2a1.png https://static.tildacdn.com/stor3165-3732-4661-a230-326235313331/1c692bf105f5022d6c326e33981c54b1.jpg;0;;;;;7IlYI89g6VFTiAV6AmhC;;0;0;0;0;BMW X7 xDrive40i 2025 с пробегом 10 000 км – 7 мест, Executive Drive;BMW X7 xDrive40i 2025 г.в. с пробегом 9 000 км. R6 3.0L (381 л.с., 540 Нм), 7 мест, салон Vernasca Tartufo, Executive Drive Pro, 5-зонный климат. В наличии.;BMW X7 xDrive40i, X7 2025 с пробегом, купить X7 новый, BMW X7 7 мест, X7 Executive Drive Pro, BMW X7 Tartufo, X7 10000 км;;;;;
8,73011E+11;BMW;;;"Автомобили;Автомобили>>>Новые";BMW X7 xDrive40i (G07 LCI) 2025 — 6 мест, Хрустальные фары, Карбон;Флагманский 6-местный SUV BMW в максимальной комплектации! BMW X7 xDrive40i (рестайлинг G07 LCI, 2025 г.в.) с 6 капитанскими креслами, хрустальными фарами Iconic Glow, карбоновыми вставками, активной пневмоподвеской Executive Drive Pro. Битурбо-R6 3.0 л (381 л.с., 540 Нм), премиальный салон Merino Tartufo, 5-зонный климат с ароматизацией Ambient Air.<br />?? Цвет кузова: Mineralwei? Metallic (Белый минеральный)<br />?? Салон: Кожа Merino Tartufo (темно-коричневый, Individual)<br />?? Двигатель: 3.0 л R6 бензин TwinPower Turbo (381 л.с., 540 Нм)<br />?? Привод: Полный xDrive<br />?? Коробка: 8-ступенчатая Steptronic Sport<br />?? Салон: 6 мест (капитанские кресла 2+2+2)<br />?? Подвеска: Executive Drive Pro (активная пневмоподвеска + активные стабилизаторы)<br />?? Комфорт: 5-зонный климат, Sky Lounge, массаж, Ambient Air<br />?? Мультимедиа: Harman Kardon, Live Cockpit Professional, Curved Display<br />?? Разгон: 0-100 км/ч за 5.8 секунды;"Экстерьер — белый минеральный с хрустальными фарами<br />Полноразмерный SUV в элегантном цвете Mineralwei? Metallic с эксклюзивными опциями:<br />• Mineralwei? Metallic — премиальный белый минеральный цвет с глубоким отливом<br />• Хрустальные фары BMW Crystal Headlights Iconic Glow — эксклюзивная опция, кристаллы Swarovski с подсветкой<br />• Решетка радиатора BMW Iconic Glow — с контурной подсветкой<br />• 22-дюймовые M-диски (двойные спицы 913 M Bicolor) с разноразмерными шинами RunFlat<br />• M Sport тормоза с увеличенными дисками<br />• Панорамная стеклянная крыша Sky Lounge со светодиодной подсветкой (эффект звездного неба)<br />• Алюминиевые подножки — для удобной посадки в высокий SUV<br />• Алюминиевые рейлинги на крыше (сатинированные)<br />• Электропривод двери багажника с Hands-Free<br />• М-аэродинамический пакет с агрессивными бамперами<br />• M Sport Package — спортивный обвес<br />Интерьер — 6 капитанских кресел с карбоном<br />Салон с 6-местной конфигурацией (2+2+2) и премиальными материалами:<br />• Премиальная кожа Merino в цвете Tartufo (темно-коричневый) — высший уровень BMW Individual<br />• 6 капитанских кресел второго ряда с индивидуальными подлокотниками и полным электропакетом<br />• Спортивные сиденья с памятью, вентиляцией, массажем и подогревом<br />• M-рулевое колесо с кожаной отделкой и подогревом<br />• Обогрев передних и задних сидений (включая 3-й ряд!)<br />• Вентиляция передних сидений<br />• Массаж для водителя и переднего пассажира<br />• 5-зонный автоматический климат-контроль — у каждого ряда свой блок управления<br />• Ambient Air Package — система ароматизации салона с картриджами премиальных ароматов<br />• Панорамная крыша Sky Lounge с динамической LED-подсветкой<br />• Карбоновые вставки интерьера — премиальный декор<br />• Индивидуальная приборная панель, обтянутая кожей — редкая опция BMW Individual<br />• Потолок Individual Alcantara Anthracite<br />• Стеклянные элементы Crafted Clarity — кристаллы на селекторе КПП и контроллерах<br />• Подстаканники с регулировкой температуры (подогрев/охлаждение)<br />• Солнцезащитные шторки для задних пассажиров<br />• Премиальная аудиосистема Harman Kardon Surround (16 динамиков)<br />• BMW Curved Display — изогнутый экран: 12.3"" приборка + 14.9"" мультимедиа<br />• Live Cockpit Professional с навигацией<br />• Travel &amp; Comfort System — крепления для планшетов и аксессуаров на спинках передних сидений<br />• Беспроводная зарядка и USB-C порты по всему салону<br />Драйв и динамика — Executive Drive Pro<br />• Двигатель: Рядный 6-цилиндровый бензин B58B30M2 с TwinPower Turbo<br />• Мощность: 381 л.с.<br />• Крутящий момент: 540 Нм при 1800-5000 об/мин<br />• Коробка передач: 8-ступенчатая Steptronic Sport с подрулевыми лепестками<br />• Полный привод xDrive с интеллектуальным распределением<br />• Executive Drive Pro — топовая активная подвеска BMW:<br />— Пневматическая подвеска с регулировкой клиренса<br />— Активные стабилизаторы поперечной устойчивости (гасят крены за миллисекунды)<br />— Адаптивные амортизаторы с электронной регулировкой<br />• Integral Active Steering (подруливание задних колес до 3°)<br />• Режимы вождения: Comfort, Sport, Sport+, Adaptive, Individual, Off-Road<br />• Разгон до 100 км/ч: 5.8 секунды — впечатляющая динамика для 2.5-тонного SUV<br />Технологии и безопасность<br />• BMW Live Cockpit Professional с Curved Display<br />• Driving Assistant Professional:<br />— Адаптивный круиз-контроль с Stop&amp;Go<br />— Активное удержание в полосе<br />— Ассистент движения в пробках<br />— Контроль слепых зон<br />— Автоматическая смена полосы<br />• Parking Assistant Professional с камерой 360° и Reversing Assistant<br />• Автоматическое экстренное торможение с распознаванием пешеходов и велосипедистов<br />• Камера кругового обзора 360° с 3D-визуализацией<br />• Автоматическая система помощи при парковке (автопарковщик)<br />• Беспроводные Apple CarPlay / Android Auto<br />• Персональная eSIM 5G<br />• Connected Package Professional<br />• Интеллектуальный экстренный вызов";https://static.tildacdn.com/stor3134-3935-4563-b761-323839346133/0d7d631d85ed3bd1f54f916ff08433d2.png https://static.tildacdn.com/stor3633-3561-4165-b334-633165376531/f28fe022539a35cf4af9cf553139ae9b.jpg;0;;;;;4BXaySdmykv4AvCMIPra;;0;0;0;0;BMW X7 xDrive40i 2025 – 6 мест, хрустальные фары, карбон, Executive;BMW X7 xDrive40i 2025 г.в. R6 3.0L (381 л.с., 540 Нм), 6 капитанских кресел, хрустальные фары Iconic Glow, карбон, Executive Drive Pro, 5-зонный климат. В наличии.;BMW X7 xDrive40i 6 мест, X7 2025, купить X7 новый, BMW X7 хрустальные фары, X7 Executive Drive Pro, BMW X7 Merino Tartufo, X7 карбон;;;;;
3,68761E+11;BMW;;;"Автомобили;Автомобили>>>Новые";BMW 740d xDrive M Sport (G70 LCI) — Дизель 300 л.с., Хрустальные фары;Флагманский дизельный седан BMW в максимальной комплектации! BMW 740d xDrive (рестайлинг G70 LCI) с легендарным дизелем 3.0 л R6 (300 л.с., 650 Нм), хрустальными фарами Iconic Glow, мультифункциональными сиденьями спереди и сзади, массажем, вентиляцией, автоматическими дверями и декором Fineline Black с M-подписью.<br />?? Цвет кузова: Премиальный черный/серый металлик<br />?? Салон: Премиальная кожа Individual<br />?? Двигатель: 3.0 л R6 дизель TwinPower Turbo (300 л.с., 650 Нм)<br />?? Привод: Полный xDrive<br />?? Коробка: 8-ступенчатая Steptronic Sport<br />?? Пакет: M Sport + BMW Individual Interior<br />?? Свет: Хрустальные фары Crystal Iconic Glow + решетка Iconic Glow<br />?? Комфорт: Мультифункциональные сиденья, массаж, вентиляция (перед+зад), тепло<br />?? Особенность: Автоматические двери, Interior Camera, декор Fineline Black с M-подписью<br />?? Разгон: 0-100 км/ч за 5.7 секунды<br />?? Расход: 6-7 л/100 км на трассе;"Экстерьер — премиальный Individual с хрустальными фарами<br />Флагманский седан с эксклюзивными опциями BMW Individual:<br />• Хрустальные фары BMW Crystal Headlights Iconic Glow — премиальная опция с кристаллами Swarovski и контурной подсветкой<br />• Решетка радиатора BMW Iconic Glow — с контурной подсветкой (включается при приближении с ключом)<br />• 20-дюймовые M-диски (Aerodynamik 907 M Bicolor) с разноразмерными шинами<br />• Хромированная окантовка Chrome-line Exterior — премиальные хромированные акценты<br />• Автоматические двери с доводчиками — открываются и закрываются с кнопки<br />• Климат-комфортное остекление (ламинированное) — снижает шум и УФ-излучение<br />• Солнцезащитные шторки на задних дверях<br />• M-аэродинамический пакет — агрессивные бампера и накладки<br />• M Sport экстерьер — спортивные акценты по всему кузову<br />• Адаптивные светодиодные фары с автоматическим дальним светом<br />Интерьер — максимальный комфорт с мультифункциональными сиденьями<br />Салон с премиальными материалами и редчайшими опциями:<br />• Премиальная кожа Individual с контрастной прострочкой<br />• Мультифункциональные передние сиденья с 18 направлениями регулировки, памятью, вентиляцией и массажем<br />• Мультифункциональные задние сиденья — редкая опция для бизнес-седана:<br />— Электрорегулировка спинки и подушки<br />— Выдвижная подставка для ног<br />— Индивидуальные подлокотники с управлением<br />— Вентиляция задних сидений<br />• Массаж для водителя и переднего пассажира с несколькими программами<br />• Вентиляция передних и задних сидений<br />• Обогрев передних и задних сидений<br />• Пакет теплового комфорта Heat Comfort спереди и сзади (подогрев подлокотников, руля, дверных ручек)<br />• Система Travel &amp; Comfort — крепления для планшетов и аксессуаров на спинках передних сидений<br />• Декор Fineline Black с металлическим эффектом и M-подписью — редкая опция BMW Individual<br />• Стеклянные элементы Crafted Clarity — кристаллы на селекторе КПП и контроллерах<br />• Потолок Individual Alcantara Anthracite — премиальная алькантара<br />• BMW Individual Interior — полная индивидуальная отделка салона<br />• Интерьерная камера — слежение за салоном и запись видео<br />• M-рулевое колесо с кожаной отделкой и подогревом<br />• Подстаканники с регулировкой температуры<br />• Премиальная аудиосистема (Harman Kardon или Bowers &amp; Wilkins)<br />• BMW Curved Display — изогнутый экран: 12.3"" приборка + 14.9"" мультимедиа<br />• BMW Live Cockpit Professional с навигацией<br />• BMW Natural Interaction — голосовое управление с естественным языком<br />• Беспроводная зарядка и USB-C порты<br />Драйв и динамика — легендарный дизель B57<br />• Двигатель: Рядный 6-цилиндровый дизель B57 с TwinPower Turbo<br />• Мощность: 300 л.с.<br />• Крутящий момент: 650 Нм при 1500-2500 об/мин — паровозная тяга!<br />• Коробка передач: 8-ступенчатая Steptronic Sport с подрулевыми лепестками<br />• Полный привод xDrive с интеллектуальным распределением<br />• Integral Active Steering — подруливание задних колес (до 3°) для маневренности<br />• Адаптивная подвеска с электронными амортизаторами<br />• Режимы вождения: Comfort, Sport, Sport+, Adaptive, Eco Pro, Individual<br />• Разгон до 100 км/ч: 5.7 секунды — впечатляющая динамика для дизеля<br />• Расход топлива: 6-7 л/100 км на трассе — экономичность флагмана<br />• Запас хода: до 1000 км на одном баке<br />Технологии и безопасность<br />• BMW Live Cockpit Professional с Curved Display<br />• Driving Assistant Professional:<br />— Адаптивный круиз-контроль с Stop&amp;Go<br />— Активное удержание в полосе<br />— Ассистент движения в пробках<br />— Контроль слепых зон<br />— Автоматическая смена полосы<br />• Parking Assistant Professional с камерой 360° и Reversing Assistant<br />• Автоматическое экстренное торможение с распознаванием пешеходов<br />• Камера кругового обзора 360° с 3D-визуализацией<br />• Автоматическая система помощи при парковке (автопарковщик)<br />• Интеллектуальный экстренный вызов<br />• Teleservices — удаленная диагностика<br />• Connected Package Professional<br />• Персональная eSIM 5G";https://static.tildacdn.com/stor3031-6636-4839-b663-346262323033/3e73caaaf555ec3872f0bcc1377885ef.png https://static.tildacdn.com/stor3039-3432-4939-a663-386230373133/dae683fee5d76bdc59e083a67bf2da17.jpg;0;;;;;E3ACTURgXPkhLgN8GTUu;;0;0;0;0;Купить BMW 740d xDrive новый – M Sport, хрустальные фары, дизель 300 л.с.;Новый BMW 740d xDrive (G70 LCI). Дизель R6 3.0L (300 л.с., 650 Нм), M Sport, хрустальные фары Iconic Glow, мультифункциональные сиденья, массаж, вентиляция. В наличии.;BMW 740d xDrive, BMW 7-серии дизель, купить BMW 740d новый, BMW 7 M Sport, BMW 7 хрустальные фары, BMW 7 Iconic Glow, BMW 7 мультифункциональные сиденья;;;;;
4,25571E+11;BMW;;;"Автомобили;Автомобили>>>Новые";BMW XM (G09) 2026 — Гибрид V8 655 л.с., Total Black Edition;"Первый самостоятельный M-кроссовер BMW! Флагманский BMW XM (G09, 2026 г.в.) — уникальный подзаряжаемый гибрид с V8 4.4 л Twin-Turbo и электромотором. Суммарная мощность 655 л.с., 800 Нм, разгон 0-100 км/ч за 4.3 секунды, запас хода на электротяге 80 км. Эксклюзивный дизайн, не похожий ни на одну другую BMW.<br />?? Цвет кузова: Черный (Total Black)<br />?? Салон: Кожа Merino черная + карбон + алькантара<br />?? Двигатель: V8 4.4L Twin-Turbo + электромотор (655 л.с., 800 Нм)<br />?? Привод: M xDrive<br />?? Коробка: 8-ступенчатая M Steptronic<br />?? Батарея: 25.7 кВт?ч (PHEV, запас хода 80 км)<br />?? Тормоза: M Compound с красными суппортами<br />?? Диски: 23"" M легкосплавные<br />?? Аудио: Bowers &amp; Wilkins Diamond<br />?? Подвеска: Adaptive M Suspension Professional<br />?? Разгон: 0-100 км/ч за 4.3 секунды";"Экстерьер — эксклюзивный дизайн M<br />Флагманский SUV с уникальным, ни на что не похожим дизайном в тотально черном исполнении:<br />• Total Black Edition — черный кузов с черными акцентами, стелс-образ<br />• Уникальная решетка радиатора XM с подсветкой — не похожа ни на одну другую BMW<br />• Раздельная оптика — узкие ДХО сверху, основные фары ниже (дизайн будущего)<br />• 23-дюймовые M легкосплавные диски — огромный размер для SUV<br />• M Compound тормоза с красными суппортами — высокопроизводительная система<br />• M аэродинамический пакет — агрессивные бампера, расширенные арки<br />• Черные акценты Shadow Line по всему кузову<br />• Двойной выхлоп M с четырьмя патрубками<br />• Зарядный порт для подзарядки батареи (PHEV)<br />• Электропривод двери багажника с Hands-Free<br />• Панорамная стеклянная крыша с электроприводом<br />Интерьер — карбон, алькантара, Merino<br />Салон сочетает спортивность и премиальность с редкими материалами:<br />• Премиальная кожа Merino черного цвета — высший уровень BMW Individual<br />• Карбоновые вставки интерьера — премиальный декор из настоящего карбона<br />• Алькантара на потолке, стойках и элементах салона — спортивный материал<br />• Спортивные M-сиденья с памятью, вентиляцией, массажем и подогревом<br />• M-рулевое колесо с кожаной отделкой, алькантарой и красной кнопкой M<br />• Обогрев передних и задних сидений и рулевого колеса<br />• Вентиляция передних сидений<br />• 4-зонный автоматический климат-контроль<br />• Премиальная аудиосистема Bowers &amp; Wilkins Diamond Surround — одна из лучших аудиосистем в мире, с алмазными твитерами<br />• BMW Curved Display — изогнутый экран: 12.3"" приборка + 14.9"" мультимедиа<br />• BMW Live Cockpit Professional с навигацией<br />• Ambient Light — премиальная подсветка салона с 64 цветами<br />• Беспроводная зарядка и USB-C порты<br />• Apple CarPlay / Android Auto<br />Драйв и динамика — уровень суперкара<br />• Силовая установка: V8 4.4L Twin-Turbo (S68) + электромотор<br />• Суммарная мощность: 655 л.с.<br />• Крутящий момент: 800 Нм<br />• Коробка передач: 8-ступенчатая M Steptronic с подрулевыми лепестками<br />• Полный привод M xDrive с векторизацией крутящего момента<br />• Батарея: 25.7 кВт?ч — подзаряжаемый гибрид (PHEV)<br />• Запас хода на электротяге: до 80 км — можно ездить по городу без бензина!<br />• Адаптивная M подвеска Adaptive M Suspension Professional с электронными амортизаторами<br />• M Sport дифференциал на задней оси<br />• Режимы вождения: Comfort, Sport, Sport+, 4WD, 4WD Sport, 2WD (чистый задний привод!), Electric (чистый электромобиль)<br />• Разгон до 100 км/ч: 4.3 секунды — уровень Porsche Cayenne Turbo GT и Lamborghini Urus<br />• M Drive Professional — режим для трека с отключением стабилизации<br />Технологии и безопасность<br />• BMW Live Cockpit Professional с Curved Display<br />• Driving Assistant Professional:<br />— Адаптивный круиз-контроль с Stop&amp;Go<br />— Активное удержание в полосе<br />— Ассистент движения в пробках<br />— Контроль слепых зон<br />— Автоматическая смена полосы<br />• Parking Assistant Professional с камерой 360° и Reversing Assistant<br />• Автоматическое экстренное торможение с распознаванием пешеходов<br />• Камера кругового обзора 360° с 3D-визуализацией<br />• Беспроводные Apple CarPlay / Android Auto<br />• Персональная eSIM 5G<br />• Connected Package Professional";https://static.tildacdn.com/stor3062-3031-4439-b465-346339313031/9465c67bb5d65964bba9dba60864b1e8.png https://static.tildacdn.com/stor3537-3335-4061-b833-346339366438/065fd27d227c483740ab15f2fb1b89bd.jpg;0;;;;;5NP3UvTbH8onu6YpO9Ct;;0;0;0;0;Купить BMW XM 2026 новый – гибрид V8 655 л.с., PHEV, M xDrive;"Новый BMW XM 2026 г.в. Гибрид V8 4.4L + электромотор (655 л.с., 800 Нм), PHEV 80 км, 0-100 за 4.3 сек, Bowers&amp;Wilkins Diamond, 23"" диски. Total Black. В наличии.";BMW XM 2026, купить BMW XM новый, BMW XM гибрид, BMW XM 655 л.с., BMW XM PHEV, BMW XM M xDrive, BMW XM Bowers Wilkins;;;;;
4,58082E+11;BMW;;;"Автомобили;Автомобили>>>Новые";BMW X4 xDrive20i M Sport (G02) — Лазерные фары, Carbon, Вентиляция;"Стильный купе-кроссовер в максимальной комплектации M Sport! BMW X4 xDrive20i (G02) с редкими премиальными опциями: лазерные фары BMW Laser Light, карбоновые вставки, вентиляция сидений, адаптивная подвеска, Harman Kardon, Head-Up Display, M-тормоза с красными суппортами.<br />?? Двигатель: 2.0 л бензин TwinPower Turbo (184 л.с., 300 Нм)<br />?? Привод: Полный xDrive<br />?? Коробка: 8-ступенчатая Steptronic с лепестками<br />?? Пакет: M Sport + M Aerodynamics<br />?? Диски: 20"" M легкосплавные (двойные спицы 699 M)<br />?? Тормоза: M Sport с красными суппортами<br />?? Свет: BMW Laser Light (лазерные фары, дальность 600 м)<br />?? Подвеска: Adaptive Suspension (адаптивная)<br />?? Комфорт: Вентиляция сидений, подогрев (перед+зад), обогрев руля<br />?? Интерьер: Карбоновые вставки, алькантара потолок, M-ремни<br />?? Мультимедиа: Harman Kardon, Live Cockpit Professional, Head-Up Display";"Экстерьер — M Sport с лазерными фарами<br />Стильный купе-кроссовер с агрессивным M-дизайном:<br />• BMW Laser Light — лазерные фары с дальностью до 600 метров (редкая премиальная опция, обычно стоит на 7-серии и X7)<br />• M-аэродинамический пакет с агрессивными бамперами и накладками<br />• 20-дюймовые M-диски (двойные спицы 699 M) с разноразмерными шинами RunFlat<br />• M Sport тормоза с красными глянцевыми суппортами — высокопроизводительная система<br />• Индивидуальные рейлинги Shadow Line (черный глянец) на крыше<br />• Расширенный пакет Shadow Line — черные глянцевые акценты по всему кузову<br />• Адаптивные светодиодные фары с автоматическим дальним светом<br />• Панорамная стеклянная крыша с электроприводом<br />• Акустическое комфортное остекление — снижает шум в салоне<br />• Электропривод двери багажника<br />• Комфортный доступ (бесключевой доступ)<br />Интерьер — карбон, вентиляция, M-ремни<br />Салон с премиальными материалами и спортивным характером:<br />• Карбоновые вставки интерьера — настоящий карбон, редкая опция для X4<br />• Премиальная кожа с контрастной прострочкой<br />• Вентиляция передних сидений — редкая премиальная опция<br />• Подогрев передних и задних сидений<br />• Обогрев рулевого колеса<br />• M-рулевое колесо с кожаной отделкой и подогревом<br />• M-ремни безопасности — спортивные ремни с цветными акцентами<br />• Спортивные сиденья с памятью настроек и поясничной поддержкой<br />• Потолок Individual Alcantara Anthracite — премиальная алькантара<br />• Гальванические аппликации на элементах управления — хромированные акценты<br />• Приборная панель Sensatec — премиальная отделка<br />• Ambient Light — премиальная подсветка салона<br />• Премиальная аудиосистема Harman Kardon Surround Sound<br />• BMW Live Cockpit Professional с изогнутым дисплеем<br />• Head-Up Display — проекция на лобовое стекло<br />• Беспроводная зарядка и USB-C порты<br />• Apple CarPlay / Android Auto<br />Драйв и динамика — адаптивная подвеска<br />• Двигатель: 2.0-литровый бензин TwinPower Turbo (B48)<br />• Мощность: 184 л.с.<br />• Крутящий момент: 300 Нм при 1350-4000 об/мин<br />• Коробка передач: 8-ступенчатая Steptronic с подрулевыми лепестками<br />• Полный привод xDrive с интеллектуальным распределением<br />• Адаптивная подвеска Adaptive Suspension с электронными амортизаторами<br />• Режимы вождения: Comfort, Sport, Sport+, Eco Pro, Individual<br />• Разгон до 100 км/ч: ~8.0 секунды<br />• Расход топлива: 7-9 л/100 км (смешанный)<br />• Шины RunFlat — можно ехать до 80 км на спущенном колесе<br />Технологии и безопасность<br />• BMW Live Cockpit Professional с двумя экранами<br />• Driving Assistant Professional:<br />— Адаптивный круиз-контроль с Stop&amp;Go<br />— Активное удержание в полосе<br />— Контроль слепых зон<br />— Автоматическое экстренное торможение с распознаванием пешеходов<br />• Parking Assistant Plus с камерой 360° и Reversing Assistant<br />• Камера кругового обзора 360° с 3D-визуализацией<br />• Интеллектуальный экстренный вызов<br />• Teleservices — удаленная диагностика<br />• Connected Package Professional<br />• Дистанционный запуск двигателя (Remote Engine Start)";https://static.tildacdn.com/stor6339-6339-4962-a131-386434386339/1a61254de7ab0e6d7995b41542afbe3b.png https://static.tildacdn.com/stor3032-6535-4531-b165-383464613266/38563d14970521d9236bd76d5c67c1c1.jpg;0;;;;;Keep8S7m3AEJkvUJ3U4N;;0;0;0;0;Купить BMW X4 xDrive20i M Sport новый – Laser Light, Carbon, вентиляция;Новый BMW X4 xDrive20i M Sport. Бензин 2.0L (184 л.с., 300 Нм), лазерные фары, карбон, вентиляция сидений, адаптивная подвеска, Harman Kardon, Head-Up. В наличии.;BMW X4 xDrive20i M Sport, X4 Laser Light, купить X4 новый, BMW X4 карбон, X4 вентиляция сидений, BMW X4 адаптивная подвеска, X4 Harman Kardon;;;;;
9,23806E+11;BMW;;;"Автомобили;Автомобили>>>Новые";"BMW X6 xDrive30d M Sport (G06 LCI) 2026 — Dravit Grey, Тартуфо, Bowers &amp; Wilkins";"Купе-кроссовер с редким сочетанием Individual! Новый BMW X6 xDrive30d (рестайлинг G06 LCI, 2026 г.в.) в премиальном цвете Dravit Grey Metallic с элегантным салоном Vernasca Tartufo. Дизельный R6 3.0 л (286 л.с., 650 Нм), адаптивная M-подвеска, топовая аудиосистема Bowers &amp; Wilkins Diamond, 4-зонный климат.<br />?? Цвет кузова: Dravit Grey Metallic (Individual)<br />?? Салон: Кожа Vernasca Tartufo (темно-коричневый)<br />?? Двигатель: 3.0 л R6 дизель TwinPower Turbo (286 л.с., 650 Нм)<br />?? Привод: Полный xDrive<br />?? Коробка: 8-ступенчатая Steptronic<br />?? Пакет: M Sport + Adaptive M Suspension<br />?? Аудио: Bowers &amp; Wilkins Diamond Surround (топовая)<br />?? Комфорт: 4-зонный климат, панорамная крыша<br />?? Разгон: 0-100 км/ч за 6.1 секунды<br />?? Расход: 7-9 л/100 км (смешанный)";"Экстерьер — Dravit Grey с M Sport<br />Купе-кроссовер в премиальном цвете Dravit Grey Metallic с пакетом M Sport:<br />• Dravit Grey Metallic — эксклюзивный цвет BMW Individual с уникальным серо-фиолетовым отливом на солнце<br />• M-аэродинамический пакет с агрессивными бамперами и спортивными накладками<br />• 21-дюймовые M-диски в эксклюзивном дизайне с разноразмерными шинами<br />• Адаптивные светодиодные фары с автоматическим дальним светом<br />• Панорамная стеклянная крыша с электроприводом<br />• Электропривод двери багажника с Hands-Free<br />• Черные акценты M Sport — решётка, молдинги, корпуса зеркал<br />• Светодиодные задние фонари с характерным дизайном X6<br />• Рейлинги на крыше Shadow Line (черный глянец)<br />• Dravit Grey меняет оттенок в зависимости от освещения: серый в тени, с фиолетовым отливом на солнце<br />Интерьер — темно-коричневый Тартуфо<br />Салон с премиальной кожей Vernasca в элегантном цвете Tartufo:<br />• Премиальная кожа Vernasca цвета Tartufo (темно-коричневый) — создает теплую, уютную атмосферу<br />• Спортивные сиденья с памятью, вентиляцией и подогревом<br />• M-рулевое колесо с кожаной отделкой и подогревом<br />• Подогрев передних и задних сидений<br />• Вентиляция передних сидений<br />• 4-зонный автоматический климат-контроль — индивидуальные настройки для каждого пассажира<br />• Премиальная аудиосистема Bowers &amp; Wilkins Diamond Surround — топовая аудио с алмазными твитерами, одна из лучших в мире<br />• BMW Curved Display — изогнутый экран: 12.3"" приборная панель + 14.9"" мультимедиа<br />• Live Cockpit Professional с навигацией<br />• Декоративные вставки из алюминия или натурального дерева<br />• Потолок Individual Alcantara Anthracite — премиальная алькантара<br />• Беспроводная зарядка и USB-C порты<br />• Apple CarPlay / Android Auto<br />Драйв и динамика — дизель B57 с паровозной тягой<br />• Двигатель: Рядный 6-цилиндровый дизель B57 с TwinPower Turbo<br />• Мощность: 286 л.с.<br />• Крутящий момент: 650 Нм при 1500-2500 об/мин — паровозная тяга!<br />• Коробка передач: 8-ступенчатая Steptronic с подрулевыми лепестками<br />• Полный привод xDrive с интеллектуальным распределением<br />• Адаптивная M подвеска Adaptive M Suspension с электронными амортизаторами<br />• Режимы вождения: Comfort, Sport, Sport+, Adaptive, Eco Pro, Individual<br />• Разгон до 100 км/ч: 6.1 секунды — впечатляющая динамика для дизельного SUV<br />• Расход топлива: 7-9 л/100 км (смешанный) — отличная экономичность<br />• Запас хода: до 1000 км на одном баке<br />Преимущества дизеля B57<br />Экономичность: 7-9 л/100 км против 11-13 л у бензина<br />Крутящий момент 650 Нм: идеально для буксировки прицепа/катера<br />Ресурс: дизельные двигатели B57 ходят 400-500 тыс. км без капремонта<br />Ликвидность: дизельные X6 ценятся на вторичке выше бензиновых<br />Тишина: современный B57 работает тише старых дизелей<br />Технологии и безопасность<br />• BMW Live Cockpit Professional с Curved Display<br />• Driving Assistant Professional:<br />— Адаптивный круиз-контроль с Stop&amp;Go<br />— Активное удержание в полосе<br />— Ассистент движения в пробках<br />— Контроль слепых зон<br />— Автоматическая смена полосы<br />• Parking Assistant Professional с камерой 360° и Reversing Assistant<br />• Автоматическое экстренное торможение с распознаванием пешеходов<br />• Камера кругового обзора 360° с 3D-визуализацией<br />• Беспроводные Apple CarPlay / Android Auto<br />• Персональная eSIM 5G<br />• Connected Package Professional";https://static.tildacdn.com/stor6661-3764-4733-b635-313536636134/5f523649a5431be796e5ffff2de91c1c.png https://static.tildacdn.com/stor3132-6161-4237-b138-313137393135/6884013bbeb1341cc70cb9891daebb2a.jpg;0;;;;;P2UcUVSF8RGckKTBVdGX;;0;0;0;0;Купить BMW X6 xDrive30d 2026 новый – Dravit Grey, дизель 650 Нм;"Новый BMW X6 xDrive30d M Sport 2026 г.в. Дизель R6 3.0L (286 л.с., 650 Нм), Dravit Grey Individual, салон Tartufo, Bowers&amp;Wilkins Diamond, адаптивная подвеска. В наличии.";BMW X6 xDrive30d, X6 Dravit Grey, купить X6 новый, BMW X6 дизель, X6 650 Нм, BMW X6 Bowers Wilkins, X6 M Sport 2026;;;;;
3,45799E+11;BMW;;;"Автомобили;Автомобили>>>Новые";BMW XM (G09) 2026 — Гибрид V8 655 л.с., Dravit Grey / Белый Merino;"Первый самостоятельный M-кроссовер BMW в эксклюзивном цвете! BMW XM (G09, 2026 г.в.) — флагманский подзаряжаемый гибрид с V8 4.4 л Twin-Turbo и электромотором. Суммарная мощность 655 л.с., 800 Нм, разгон 0-100 км/ч за 4.3 секунды, запас хода на электротяге 80 км. Редкое сочетание премиального Dravit Grey Metallic и белой кожи Merino.<br />?? Цвет кузова: Dravit Grey Metallic (Individual)<br />?? Салон: Кожа Merino белая + карбон + алькантара<br />?? Двигатель: V8 4.4L Twin-Turbo + электромотор (655 л.с., 800 Нм)<br />?? Привод: M xDrive<br />?? Коробка: 8-ступенчатая M Steptronic<br />?? Батарея: 25.7 кВт?ч (PHEV, запас хода 80 км)<br />?? Тормоза: M Compound с красными суппортами<br />?? Диски: 23"" M легкосплавные<br />?? Аудио: Harman Kardon Surround (16 динамиков)<br />?? Подвеска: Adaptive M Suspension Professional<br />?? Разгон: 0-100 км/ч за 4.3 секунды";"Экстерьер — Dravit Grey с черными акцентами<br />Флагманский SUV в уникальном цвете BMW Individual:<br />• Dravit Grey Metallic — премиальный Individual цвет с уникальным серо-фиолетовым отливом на солнце. Меняет оттенок в зависимости от освещения: в тени глубокий серый, на солнце — с благородным фиолетовым оттенком<br />• Уникальная решетка радиатора XM с подсветкой — не похожа ни на одну другую BMW<br />• Раздельная оптика — узкие ДХО сверху, основные фары ниже (дизайн будущего)<br />• 23-дюймовые M легкосплавные диски — огромный размер для SUV<br />• M Compound тормоза с красными суппортами — высокопроизводительная система, идеально контрастирует с серым кузовом<br />• M аэродинамический пакет — агрессивные бампера, расширенные арки<br />• Черные акценты Shadow Line — создают идеальный контраст с Dravit Grey<br />• Двойной выхлоп M с четырьмя патрубками<br />• Зарядный порт для подзарядки батареи (PHEV)<br />• Электропривод двери багажника с Hands-Free<br />• Панорамная стеклянная крыша с электроприводом<br />Интерьер — белая кожа Merino с карбоном<br />Салон в редчайшем сочетании белого и спортивного карбона:<br />• Премиальная кожа Merino белого цвета — высший уровень BMW Individual, создает ощущение простора и света<br />• Карбоновые вставки интерьера — настоящий карбон, идеально контрастирует с белым салоном<br />• Алькантара на потолке, стойках и элементах салона — спортивный материал<br />• Спортивные M-сиденья с памятью, вентиляцией, массажем и подогревом<br />• M-рулевое колесо с кожаной отделкой, алькантарой и красной кнопкой M<br />• Обогрев передних и задних сидений и рулевого колеса<br />• Вентиляция передних сидений<br />• 4-зонный автоматический климат-контроль<br />• Премиальная аудиосистема Harman Kardon Surround Sound на 16 динамиков — высокое качество звука<br />• BMW Curved Display — изогнутый экран: 12.3"" приборка + 14.9"" мультимедиа<br />• BMW Live Cockpit Professional с навигацией<br />• Ambient Light — премиальная подсветка салона с 64 цветами, подчеркивающая белый интерьер<br />• Беспроводная зарядка и USB-C порты<br />• Apple CarPlay / Android Auto<br />Драйв и динамика — уровень суперкара<br />• Силовая установка: V8 4.4L Twin-Turbo (S68) + электромотор<br />• Суммарная мощность: 655 л.с.<br />• Крутящий момент: 800 Нм<br />• Коробка передач: 8-ступенчатая M Steptronic с подрулевыми лепестками<br />• Полный привод M xDrive с векторизацией крутящего момента<br />• Батарея: 25.7 кВт?ч — подзаряжаемый гибрид (PHEV)<br />• Запас хода на электротяге: до 80 км — можно ездить по городу без бензина!<br />• Адаптивная M подвеска Adaptive M Suspension Professional с электронными амортизаторами<br />• M Sport дифференциал на задней оси<br />• Режимы вождения: Comfort, Sport, Sport+, 4WD, 4WD Sport, 2WD (чистый задний привод!), Electric (чистый электромобиль)<br />• Разгон до 100 км/ч: 4.3 секунды — уровень Porsche Cayenne Turbo GT и Lamborghini Urus<br />• M Drive Professional — режим для трека с отключением стабилизации<br />Технологии и безопасность<br />• BMW Live Cockpit Professional с Curved Display<br />• Driving Assistant Professional:<br />— Адаптивный круиз-контроль с Stop&amp;Go<br />— Активное удержание в полосе<br />— Ассистент движения в пробках<br />— Контроль слепых зон<br />— Автоматическая смена полосы<br />• Parking Assistant Professional с камерой 360° и Reversing Assistant<br />• Автоматическое экстренное торможение с распознаванием пешеходов<br />• Камера кругового обзора 360° с 3D-визуализацией<br />• Беспроводные Apple CarPlay / Android Auto<br />• Персональная eSIM 5G<br />• Connected Package Professional";https://static.tildacdn.com/stor6265-6462-4561-b735-366438613163/ccf3dd681810d71b4f3b99bf79bb77ae.png https://static.tildacdn.com/stor6133-6537-4761-b866-646138323337/c88bbbd210b260103e208f425190f6c8.jpg;0;;;;;ekS7IcVN6GyMSIXlcvbo;;0;0;0;0;Купить BMW XM 2026 новый – Dravit Grey, гибрид V8 655 л.с., PHEV;Новый BMW XM 2026 г.в. Гибрид V8 4.4L + электромотор (655 л.с., 800 Нм), PHEV 80 км, 0-100 за 4.3 сек, цвет Dravit Grey Individual, белый салон Merino. В наличии.;BMW XM 2026, BMW XM Dravit Grey, купить BMW XM новый, BMW XM гибрид, BMW XM 655 л.с., BMW XM PHEV, BMW XM M xDrive;;;;;
4,19015E+11;BMW;;;"Автомобили;Автомобили>>>Новые";BMW X3 xDrive30Li M Sport (G48 LCI) 2026 — Carbon Black, Mocha, Long Base;Удлиненный X3 с редким сочетанием Individual! Новый BMW X3 xDrive30Li (рестайлинг G48 LCI, 2026 г.в.) в премиальном цвете Carbon Black Metallic с элегантным салоном Vernasca Mocha. Увеличенная колесная база +110 мм (больше места сзади!), бензиновый R4 2.0 л TwinPower Turbo (245 л.с., 400 Нм), пакет M Sport, адаптивная подвеска, Harman Kardon 12 динамиков.<br />?? Цвет кузова: Carbon Black Metallic (Individual)<br />?? Салон: Кожа Vernasca Mocha (светло-коричневый)<br />?? Двигатель: 2.0 л R4 бензин TwinPower Turbo (245 л.с., 400 Нм)<br />?? Привод: Полный xDrive<br />?? Коробка: 8-ступенчатая Steptronic Sport с лепестками<br />?? Пакет: M Sport (аэродинамика, подвеска, тормоза, черные акценты)<br />?? База: Long (+110 мм к стандартному X3)<br />?? Комфорт: 3-зонный климат, панорамная крыша, подогрев руля<br />?? Мультимедиа: Harman Kardon 12 дин. / 600 Вт, Curved Display, iDrive 8.0<br />?? Разгон: 0-100 км/ч за 6.6 секунды<br />?? Расход: 8-10 л/100 км (смешанный);"Экстерьер — Carbon Black с M Sport<br />Компактный кроссовер в премиальном цвете с агрессивным M-дизайном:<br />• Carbon Black Metallic — эксклюзивный Individual цвет с глубоким черным оттенком и угольным эффектом. На солнце раскрывается благородный угольный отлив, в тени выглядит как классический глубокий черный<br />• M-аэродинамический обвес — агрессивные бампера, расширенные воздухозаборники, спортивные накладки<br />• 19-дюймовые M легкосплавные диски (Double-spoke 698 M) в двухцветном исполнении — опция 20"" доступна<br />• M Sport тормоза с синими суппортами — усиленная тормозная система для активного вождения<br />• M Sport подвеска с пониженным клиренсом (-10 мм) — спортивный характер<br />• Черные акценты Individual — решётка радиатора, молдинги, корпуса зеркал<br />• Адаптивные светодиодные фары с автоматическим дальним светом<br />• Панорамная стеклянная крыша с электроприводом (опция)<br />• Электропривод двери багажника с бесконтактным открытием (Hands-Free)<br />• Комфортный доступ — бесключевой доступ и запуск двигателя<br />Интерьер — светло-коричневая Mocha Vernasca<br />Салон с премиальной кожей в элегантном светло-коричневом цвете:<br />• Премиальная кожа Vernasca цвета Mocha (светло-коричневый) — создает теплую, уютную атмосферу, визуально увеличивает пространство салона<br />• Увеличенная колесная база Long (+110 мм) — значительно больше места для ног задних пассажиров, полноценный комфорт для взрослых<br />• Спортивные сиденья M Sport с электроприводом, памятью настроек и поясничной поддержкой<br />• M-рулевое колесо с кожаной отделкой и подогревом<br />• Обогрев передних и задних сидений<br />• 3-зонный автоматический климат-контроль — индивидуальные настройки для водителя, переднего пассажира и задних пассажиров<br />• Премиальная аудиосистема Harman Kardon Surround Sound — 12 динамиков, 600 Вт, объемный звук Hi-Fi качества с эквалайзером и поддержкой FLAC<br />• BMW Curved Display — изогнутый экран: 12.3"" приборная панель + 12.3"" центральный экран<br />• BMW iDrive 8.0 — голосовое управление, жесты, сенсор<br />• Декоративные вставки из алюминия или натурального дерева<br />• Ambient Light — премиальная подсветка салона с 64 цветами<br />• Беспроводная зарядка и USB-C порты<br />• Apple CarPlay / Android Auto — беспроводное подключение<br />• Объем багажника: 570-1700 литров — отличная практичность<br />Драйв и динамика — B48 с 400 Нм<br />• Двигатель: Рядный 4-цилиндровый бензин B48B20B с TwinPower Turbo<br />• Мощность: 245 л.с. при 5500-6500 об/мин<br />• Крутящий момент: 400 Нм при 1550-4500 об/мин — отличный крутящий момент для 2.0 л<br />• Коробка передач: 8-ступенчатая Steptronic Sport с подрулевыми лепестками<br />• Полный привод xDrive с многодисковой муфтой<br />• Адаптивная подвеска Adaptive Suspension с электронными амортизаторами (опция)<br />• Режимы вождения: Comfort, Sport, Sport+, Eco Pro, Individual<br />• Разгон до 100 км/ч: 6.6 секунды — отличная динамика для 2.0 л<br />• Максимальная скорость: 235 км/ч<br />• Масса: 1915 кг — оптимальное соотношение для кроссовера<br />• Расход топлива: 8-10 л/100 км (смешанный), 6-7 л на трассе, 10-12 л в городе<br />Надежность двигателя B48<br />Двигатель B48B20B — один из самых надежных моторов BMW:<br />• Ресурс: 300-400 тыс. км без капитального ремонта<br />• Цепной привод ГРМ — не требует замены до 200 тыс. км<br />• Проверенная конструкция с 2015 года<br />• Доступность запчастей и обслуживания<br />Технологии и безопасность<br />• BMW Live Cockpit Professional с Curved Display<br />• Driving Assistant Professional:<br />— Адаптивный круиз-контроль с функцией Stop&amp;Go<br />— Активное удержание в полосе<br />— Автоматическая смена полосы движения<br />— Контроль слепых зон<br />— Автоматическое экстренное торможение с распознаванием пешеходов<br />• Parking Assistant Plus — автоматическая парковка, камеры кругового обзора 360°, функция Reversing Assistant (автоматический задний ход)<br />• Head-Up Display — проекция скорости, навигации и предупреждений на лобовое стекло (опция)<br />• Интеллектуальный экстренный вызов и Teleservices<br />• Connected Package Professional<br />• Персональная eSIM 5G";https://static.tildacdn.com/stor3664-3964-4061-a531-373864343233/5fb23984e45097e196f8877db267c2e2.png https://static.tildacdn.com/stor6362-6233-4130-b239-336636316132/b1d89de74706615587bb3df4f7b02273.jpg;0;;;;;gsZ7eGlSY2yvt8lGskHc;;0;0;0;0;Купить BMW X3 xDrive30Li M Sport 2026 – Long, Carbon Black, Mocha;Новый BMW X3 xDrive30Li M Sport 2026 г.в. База +110 мм, R4 2.0L (245 л.с., 400 Нм), Carbon Black Individual, салон Mocha, Harman Kardon, Curved Display. В наличии.;BMW X3 xDrive30Li, X3 Long 2026, купить X3 новый, BMW X3 Carbon Black, X3 M Sport, BMW X3 Mocha, X3 увеличенная база;;;;;
6,55216E+11;BMW;;;"Автомобили;Автомобили>>>Новые";BMW X6 xDrive40i M Sport (G06 LCI) 2025 — Iconic Glow, Пневмоподвеска, Инновационный пакет;"Купе-кроссовер с максимальным пакетом опций! BMW X6 xDrive40i M Sport (рестайлинг G06 LCI) с редкими премиальными опциями: решётка Iconic Glow с контурной подсветкой, 2-осная пневмоподвеска, автодоводчики дверей, Harman Kardon, вентиляция сидений, черный рояльный лак в интерьере, 4-зонный климат, 21"" M-диски.<br />?? Двигатель: 3.0 л R6 бензин TwinPower Turbo + 48V MHEV (381 л.с., 520 Нм)<br />?? Привод: Полный xDrive<br />?? Коробка: 8-ступенчатая Steptronic Sport<br />?? Пакет: M Sport + Innovation Package + Comfort Package<br />?? Диски: 21"" M легкосплавные (V-spoke 915 M Bicolor)<br />?? Тормоза: M Sport тормоза с увеличенными дисками<br />?? Свет: Решётка Iconic Glow + Adaptive LED фары<br />?? Подвеска: 2-осная пневматическая (редкая опция!)<br />?? Комфорт: Автодоводчики дверей, вентиляция сидений, 4-зонный климат<br />?? Интерьер: Черный рояльный лак Piano Finish Black, алькантара потолок<br />?? Мультимедиа: Harman Kardon, Live Cockpit Pro, управление жестами<br />?? Разгон: 0-100 км/ч за 5.5 секунды";"Экстерьер — Iconic Glow с M Sport<br />Стильный купе-кроссовер с эксклюзивными опциями BMW Individual:<br />• Решётка радиатора BMW Iconic Glow — премиальная опция с контурной подсветкой, которая включается при приближении с ключом (встречает владельца световым шоу)<br />• 21-дюймовые M-диски (V-spoke 915 M Bicolor) с разноразмерными шинами RunFlat<br />• M Sport тормоза с увеличенными дисками — высокопроизводительная тормозная система<br />• M-аэродинамический пакет — агрессивные бампера, спортивные накладки<br />• Расширенный пакет Shadow Line — черные глянцевые акценты по всему кузову<br />• Индивидуальные рейлинги Shadow Line на крыше (черный глянец)<br />• Адаптивные LED фары с автоматическим дальним светом<br />• Панорамная стеклянная крыша с электроприводом<br />• Электропривод двери багажника с Hands-Free<br />• Автодоводчики дверей (Soft-close) — все 4 двери автоматически закрываются с кнопки<br />• Комфортный доступ — бесключевой доступ и запуск двигателя<br />• Солнцезащитные шторки для задних дверей<br />Интерьер — черный рояльный лак с алькантарой<br />Салон с премиальными материалами и эксклюзивным декором:<br />• Черный рояльный лак Piano Finish Black — премиальный декор с зеркальным блеском<br />• Комфортные передние сиденья с памятью, вентиляцией и подогревом<br />• Обогрев передних и задних сидений<br />• Пакет теплового комфорта Heat Komfort спереди (подогрев подлокотников, руля, дверных ручек)<br />• 4-зонный автоматический климат-контроль — индивидуальные настройки для каждого пассажира<br />• M-рулевое колесо с кожаной отделкой и подогревом<br />• Потолок Individual Alcantara Anthracite — премиальная алькантара<br />• Подстаканники с регулировкой температуры (подогрев/охлаждение)<br />• Солнцезащитные шторки для задних пассажиров<br />• Премиальная аудиосистема Harman Kardon Surround Sound — высокое качество звука<br />• BMW Live Cockpit Professional с изогнутым Curved Display<br />• Система управления жестами BMW Gesture Control — управление музыкой, звонками взмахом руки<br />• Беспроводная зарядка и USB-C порты<br />• Apple CarPlay / Android Auto — беспроводное подключение<br />• Ambient Light — премиальная подсветка салона с 64 цветами<br />• Пакет багажника с дополнительными креплениями и органайзерами<br />Драйв и динамика — 2-осная пневмоподвеска<br />• Двигатель: Рядный 6-цилиндровый бензин B58 с TwinPower Turbo + 48V MHEV<br />• Мощность: 381 л.с.<br />• Крутящий момент: 520 Нм при 1800-5000 об/мин<br />• Коробка передач: 8-ступенчатая Steptronic Sport с подрулевыми лепестками<br />• Полный привод xDrive с интеллектуальным распределением<br />• 2-осная пневматическая подвеска (редкая опция!) — автоматически регулирует клиренс, гасит крены, обеспечивает комфорт премиум-класса<br />• Режимы вождения: Comfort, Sport, Sport+, Adaptive, Eco Pro, Individual, Off-Road<br />• Дистанционный запуск двигателя (Remote Engine Start)<br />• Разгон до 100 км/ч: 5.5 секунды<br />• Расход топлива: 9-11 л/100 км (смешанный)<br />• Шины RunFlat — можно ехать до 80 км на спущенном колесе<br />Преимущества 2-осной пневмоподвески<br />Это одна из самых дорогих опций в BMW (доплата при заказе с завода ~300-400 тыс. руб.):<br />Автоматическая регулировка клиренса в зависимости от скорости<br />Гашение кренов в поворотах<br />Комфорт премиум-класса (уровень X7 и 7-серии)<br />Возможность ""приседания"" для удобной погрузки багажа<br />Технологии и безопасность<br />• BMW Live Cockpit Professional с Curved Display<br />• Innovation Package (пакет инноваций):<br />— Управление жестами Gesture Control<br />— BMW Natural Interaction (голосовое управление с естественным языком)<br />— Проекционный дисплей (опция)<br />• Driving Assistant Professional:<br />— Адаптивный круиз-контроль с Stop&amp;Go<br />— Активное удержание в полосе<br />— Ассистент движения в пробках<br />— Контроль слепых зон<br />— Автоматическая смена полосы<br />• Parking Assistant Professional с камерой 360° и Reversing Assistant (запоминает последние 50 м пути и автоматически выезжает задним ходом)<br />• Автоматическое экстренное торможение с распознаванием пешеходов и велосипедистов<br />• Камера кругового обзора 360° с 3D-визуализацией<br />• Интеллектуальный экстренный вызов<br />• Акустическая защита пешеходов (электронный звук для электромотора)<br />• Teleservices — удаленная диагностика<br />• Connected Package Professional<br />• Персональная eSIM 5G";https://static.tildacdn.com/stor6135-3731-4465-b764-613730306637/25bcf7717b475c0b78dd900514d78157.jpg https://static.tildacdn.com/stor3837-6261-4533-a238-616665636664/a972bb45191d5440423ea26ed1b3fd35.jpg;0;;;;;TnsRmFBuhIByk9zcXACd;;0;0;0;0;Купить BMW X6 xDrive40i M Sport новый – Iconic Glow, пневмоподвеска;Новый BMW X6 xDrive40i M Sport. R6 3.0L (381 л.с., 520 Нм), решётка Iconic Glow, 2-осная пневмоподвеска, автодоводчики, Harman Kardon, 4-зонный климат. В наличии.;BMW X6 xDrive40i M Sport, X6 Iconic Glow, купить X6 новый, BMW X6 пневмоподвеска, X6 автодоводчики, BMW X6 Harman Kardon, X6 G06 LCI;;;;;
2,45377E+11;BMW;;;"Автомобили;Автомобили>>>Новые";BMW X3 xDrive30L M Sport (Китай, G01 LWB) — Sky Lounge, Magnolia Individual;Удлиненный X3 китайской сборки с редкими опциями Individual! BMW X3 xDrive30L (China Version) — версия с увеличенной колесной базой для китайского рынка. Бензиновый R4 2.0 л TwinPower Turbo (252 л.с., 350 Нм), пакет M Sport, панорама Sky Lounge со звездным небом, премиальное дерево Individual Magnolia с принтом, M Sport тормоза с темно-синими суппортами, Welcome Light Carpet (проекция при открытии дверей), камера салона, Harman Kardon.<br />?? Цвет кузова: Премиальный металлик (китайская палитра)<br />?? Салон: Премиальная кожа с декором Individual Magnolia<br />?? Двигатель: 2.0 л R4 бензин TwinPower Turbo (252 л.с., 350 Нм)<br />?? Привод: Полный xDrive<br />?? Коробка: 8-ступенчатая Steptronic Sport с лепестками<br />?? Пакет: M Sport + Sky Lounge + Welcome Light Carpet<br />?? Тормоза: M Sport с темно-синими суппортами (редкий цвет!)<br />?? Дерево: BMW Individual Magnolia с принтом (премиальная опция)<br />?? Свет: Панорама Sky Lounge + Ambient Light<br />?? Камера: Interior Camera (слежение за салоном)<br />?? Мультимедиа: Harman Kardon, Live Cockpit Pro, eSIM 5G<br />?? Версия: China Version (китайская сборка BMW Brilliance);"Экстерьер — M Sport с Welcome Light Carpet<br />Удлиненный кроссовер с пакетом M Sport и эксклюзивными световыми эффектами:<br />• M Sport Exterior Trim — агрессивные бампера, спортивные накладки, черные акценты<br />• Welcome Light Carpet — премиальная опция: при открытии дверей на асфальт проецируется логотип BMW (световой ковер приветствия)<br />• M Sport тормоза с темно-синими суппортами — редкий цвет суппортов (обычно красный или черный), эксклюзивная опция<br />• Адаптивные LED фары с автоматическим дальним светом<br />• Панорамная стеклянная крыша Sky Lounge со светодиодной подсветкой — создает эффект звездного неба в темное время суток<br />• Электропривод двери багажника<br />• Комфортный доступ — бесключевой доступ и запуск двигателя<br />• Дистанционный запуск двигателя (Remote Engine Start)<br />• Дневные ходовые огни с настройкой через меню<br />Интерьер — Individual Magnolia с камерой салона<br />Салон с премиальными материалами и редчайшими опциями BMW Individual:<br />• Декор BMW Individual Magnolia с принтом — эксклюзивное дерево светлого цвета с тонким узором, премиальная опция уровня 7-серии и X7<br />• Спортивные сиденья M Sport с электроприводом, памятью настроек и поясничной поддержкой<br />• Обогрев передних и задних сидений<br />• M-рулевое колесо с кожаной отделкой и подогревом<br />• Интерьерная камера Interior Camera — слежение за салоном и запись видео (для безопасности и контроля)<br />• Ambient Light — премиальная подсветка салона с 64 цветами<br />• Автоматический климат-контроль<br />• Премиальная аудиосистема Harman Kardon — высокое качество звука<br />• BMW Live Cockpit Professional с изогнутым дисплеем<br />• Беспроводная зарядка<br />• Персональная eSIM 5G<br />• Apple CarPlay / Android Auto<br />• Система электронной оплаты дорожных сборов (для китайских платных дорог)<br />Увеличенная база L — больше места сзади<br />• Удлиненная колесная база +110 мм — значительно больше места для ног задних пассажиров<br />• Полноценный комфорт для взрослых на заднем ряду<br />• Идеально для семей с детьми<br />Драйв и динамика<br />• Двигатель: Рядный 4-цилиндровый бензин B48 с TwinPower Turbo<br />• Мощность: 252 л.с.<br />• Крутящий момент: 350 Нм при 1450-4500 об/мин<br />• Коробка передач: 8-ступенчатая Steptronic Sport с подрулевыми лепестками<br />• Полный привод xDrive с интеллектуальным распределением<br />• M Sport подвеска с пониженным клиренсом<br />• Режимы вождения: Comfort, Sport, Sport+, Eco Pro, Individual<br />• Разгон до 100 км/ч: ~6.8 секунды<br />• Расход топлива: 8-10 л/100 км (смешанный)<br />Технологии и безопасность<br />• BMW Live Cockpit Professional с изогнутым Curved Display<br />• Driving Assistant Professional:<br />— Адаптивный круиз-контроль с функцией Stop&amp;Go<br />— Активное удержание в полосе<br />— Автоматическая смена полосы движения<br />— Контроль слепых зон<br />— Автоматическое экстренное торможение с распознаванием пешеходов<br />— Активная защита пешеходов (электронный звук)<br />• Parking Assistant Professional с камерой 360° и Reversing Assistant (автоматический задний ход)<br />• Интеллектуальный экстренный вызов<br />• Teleservices — удаленная диагностика<br />• Connected Package Professional<br />• Персональная eSIM 5G<br />Особенности китайской версии<br />China-ausfuehrung — официальная китайская спецификация<br />Упрощенный китайский язык в меню (можно перепрошить на русский)<br />Система электронной оплаты дорожных сборов (Electronic Toll System) — не нужна в России, но не мешает<br />Сборка BMW Brilliance — совместное предприятие BMW в Китае, качество не уступает немецкому<br />Удлиненная база L — стандарт для китайского рынка, редкость для России";https://static.tildacdn.com/stor6430-3764-4633-a565-613636633835/3a3f166269730bf01ea6422417dcc0a2.jpg https://static.tildacdn.com/stor3730-6632-4138-b237-636639646337/23e2de939321124a8403cdef0611b8d1.jpg;0;;;;;X46OVDd6j71UbyTR1U1K;;0;0;0;0;Купить BMW X3 xDrive30L M Sport Китай – Sky Lounge, Magnolia, Long;BMW X3 xDrive30L M Sport (Китай). R4 2.0L (252 л.с., 350 Нм), Sky Lounge, дерево Individual Magnolia, Welcome Light Carpet, M Sport тормоза, Long база. В наличии.;BMW X3 xDrive30L Китай, X3 Long база, купить X3 новый, BMW X3 Sky Lounge, X3 Magnolia Individual, BMW X3 Китай, X3 Welcome Light Carpet;;;;;
7,98673E+11;BMW;;;"Автомобили;Автомобили>>>Новые";"BMW X5 xDrive30d M Sport (G05 LCI) 2026 — Dravit Grey, Tartufo, Bowers &amp; Wilkins Diamond";"Дизельный флагман X5 в редком сочетании Individual! Новый BMW X5 xDrive30d (рестайлинг G05 LCI, 2026 г.в.) в премиальном цвете Dravit Grey Metallic с элегантным салоном Vernasca Tartufo. Дизельный R6 3.0 л TwinPower Turbo + 48V MHEV (286 л.с., 650 Нм), топовая аудиосистема Bowers &amp; Wilkins Diamond (16 динамиков, 1400 Вт, алмазные твитеры), лазерные фары Laserlight (600 м), Sky Lounge панорама, доводчики дверей, iDrive 8.5.<br />?? Цвет кузова: Dravit Grey Metallic (Individual)<br />?? Салон: Кожа Vernasca Tartufo (темно-коричневый, Individual)<br />?? Двигатель: 3.0 л R6 дизель TwinPower Turbo + 48V MHEV (286 л.с., 650 Нм)<br />?? Привод: Полный xDrive (постоянный)<br />?? Коробка: 8-ступенчатая Steptronic Sport<br />?? Пакет: M Sport (аэродинамика, выхлоп с клапанами, черные акценты)<br />?? Диски: 21"" M легкосплавные Y-spoke 744 M (опция 22"")<br />?? Свет: Лазерные фары Laserlight (дальность 600 м)<br />?? Подвеска: Adaptive M Suspension (адаптивная M-подвеска)<br />?? Комфорт: Sky Lounge, доводчики дверей, 4-зонный климат, вентиляция<br />?? Аудио: Bowers &amp; Wilkins Diamond Surround (16 дин., 1400 Вт, 4D звук)<br />?? Мультимедиа: Curved Display (12.3"" + 14.9""), iDrive 8.5, Head-Up Display<br />?? Разгон: 0-100 км/ч за 6.1 секунды<br />?? Максимальная скорость: 250 км/ч";"Экстерьер — Dravit Grey с M Sport и лазерными фарами<br />Флагманский SUV в премиальном цвете с агрессивным M-дизайном:<br />• Dravit Grey Metallic — эксклюзивный Individual цвет BMW с уникальным серо-фиолетовым отливом на солнце. В тени выглядит как глубокий серый, на солнце раскрывается благородный фиолетовый оттенок<br />• M-аэродинамический обвес — агрессивные бампера, расширенные воздухозаборники, спортивные накладки<br />• 21-дюймовые M легкосплавные диски (Y-spoke 744 M) в двухцветном исполнении — опция 22"" доступна<br />• M Sport выхлоп с клапанами и спортивным звуком — можно переключать между тихим и агрессивным режимами<br />• Лазерные фары BMW Laserlight — дальность до 600 метров (в 2 раза дальше обычных LED), редкая премиальная опция<br />• Адаптивные LED фары с автоматическим дальним светом<br />• Панорамная стеклянная крыша Sky Lounge со светодиодной подсветкой — создает эффект звездного неба в темное время суток<br />• Электропривод двери багажника с бесконтактным открытием (Hands-Free)<br />• Доводчики дверей Soft-Close — все 4 двери автоматически закрываются с кнопки<br />• Черные акценты Individual — решётка радиатора, молдинги, корпуса зеркал<br />• Комфортный доступ — бесключевой доступ и запуск двигателя<br />Интерьер — Tartufo Vernasca с Bowers &amp; Wilkins Diamond<br />Салон с премиальной кожей и топовой аудиосистемой:<br />• Премиальная кожа Vernasca цвета Tartufo (темно-коричневый) — создает теплую, уютную атмосферу, идеально контрастирует с серым кузовом<br />• Спортивные сиденья M Sport с электроприводом, памятью настроек, подогревом и вентиляцией<br />• Обогрев передних и задних сидений<br />• M-рулевое колесо с кожаной отделкой и подогревом<br />• 4-зонный автоматический климат-контроль — индивидуальные настройки для каждого пассажира<br />• Премиальная аудиосистема Bowers &amp; Wilkins Diamond Surround Sound — 16 динамиков, 1400 Вт, алмазные твитеры, одна из лучших аудиосистем в мире<br />• 4D-звук — вибрация сидений в такт музыке (Concert Hall режим)<br />• BMW Curved Display — изогнутый экран: 12.3"" приборная панель + 14.9"" центральный экран<br />• BMW iDrive 8.5 — новейшая версия мультимедиа с голосовым управлением, жестами, сенсором<br />• Live Cockpit Professional с навигацией и дополненной реальностью (AR)<br />• Head-Up Display — проекция скорости, навигации и предупреждений на лобовое стекло<br />• Декоративные вставки из алюминия или натурального дерева<br />• Ambient Light — премиальная подсветка салона с 64 цветами<br />• Беспроводная зарядка и USB-C порты<br />• Apple CarPlay / Android Auto — беспроводное подключение<br />• Объем багажника: 645-1860 литров — отличная практичность<br />Драйв и динамика — дизель B57 с 48V MHEV<br />• Двигатель: Рядный 6-цилиндровый дизель B57D30B с TwinPower Turbo + 48V Mild Hybrid<br />• Мощность: 286 л.с. при 4000 об/мин<br />• Крутящий момент: 650 Нм при 1500-3000 об/мин — паровозная тяга!<br />• Коробка передач: 8-ступенчатая Steptronic Sport с подрулевыми лепестками<br />• Полный привод xDrive (постоянный) с интеллектуальным распределением<br />• Адаптивная M подвеска Adaptive M Suspension с электронными амортизаторами<br />• M Sport выхлоп с клапанами — переключение между тихим и спортивным режимами<br />• Режимы вождения: Comfort, Sport, Sport+, Eco Pro, Individual, Adaptive<br />• Разгон до 100 км/ч: 6.1 секунды — впечатляющая динамика для дизельного SUV<br />• Максимальная скорость: 250 км/ч (электронное ограничение)<br />• Масса: 2255 кг — оптимальное соотношение для флагманского SUV<br />• Расход топлива: 7-9 л/100 км (смешанный), 6-7 л на трассе, 9-11 л в городе<br />Преимущества дизеля B57 с 48V MHEV<br />Двигатель B57D30B — один из лучших дизелей BMW с технологией мягкого гибрида:<br />• Экономичность: 7-9 л/100 км против 11-13 л у бензина<br />• Крутящий момент 650 Нм: идеально для буксировки прицепа/катера<br />• 48V Mild Hybrid: стартер-генератор помогает при разгоне, рекуперирует энергию при торможении<br />• Ресурс: 400-500 тыс. км без капитального ремонта<br />• Ликвидность: дизельные X5 ценятся на вторичке выше бензиновых<br />• Тишина: современный B57 с 48V работает тише старых дизелей<br />Технологии и безопасность<br />• BMW Live Cockpit Professional с Curved Display и iDrive 8.5<br />• BMW Intelligent Personal Assistant — голосовой ассистент с естественным языком<br />• Driving Assistant Professional:<br />— Адаптивный круиз-контроль с функцией Stop&amp;Go<br />— Активное удержание в полосе<br />— Автоматическая смена полосы движения<br />— Контроль слепых зон<br />— Автоматическое экстренное торможение с распознаванием пешеходов и велосипедистов<br />• Parking Assistant Plus — автоматическая парковка, камеры кругового обзора 360°, функция Reversing Assistant (автоматический задний ход, запоминает последние 50 м пути)<br />• Head-Up Display — проекция скорости, навигации и предупреждений на лобовое стекло<br />• Лазерные фары Laserlight — дальность до 600 метров<br />• Интеллектуальный экстренный вызов и Teleservices<br />• Connected Package Professional<br />• Персональная eSIM 5G";https://static.tildacdn.com/stor3262-6233-4232-a433-633130613138/eeaceb7f34c79f0eaf5fdb835d5ad5d3.jpg https://static.tildacdn.com/stor6666-6437-4535-b863-646634306236/4c4d81b0061f2b0934949f5890b9ef67.jpg;0;;;;;FbN7HeVSJsnx2gUj0Xci;;0;0;0;0;"Купить BMW X5 xDrive30d M Sport 2026 – Dravit Grey, B&amp;W Diamond, дизель";"Новый BMW X5 xDrive30d M Sport 2026 г.в. Дизель R6 3.0L + 48V (286 л.с., 650 Нм), Dravit Grey Individual, салон Tartufo, B&amp;W Diamond 1400 Вт, лазерные фары. В наличии.";BMW X5 xDrive30d, X5 Dravit Grey, купить X5 новый, BMW X5 дизель 2026, X5 Bowers Wilkins Diamond, BMW X5 M Sport, X5 Laserlight;;;;;
4,94291E+11;BMW;;;"Автомобили;Автомобили>>>Новые";BMW X5 xDrive30Li (G18 LWB) 2026 — Китай, Long база, Iconic Glow, Harman Kardon;"Удлиненный X5 китайской сборки с редкими опциями! Новый BMW X5 xDrive30Li (China Version, G18 LWB) — версия с увеличенной колесной базой Long (+130 мм), собранная на заводе BMW Brilliance в Китае. Бензиновый R4 2.0 л TwinPower Turbo (258 л.с., 400 Нм), решётка Iconic Glow, 21"" M-диски, панорамная крыша, вентиляция сидений, декор из натурального дерева Pappel, Harman Kardon, стеклянные элементы Crafted Clarity.<br />?? Цвет кузова: Carbonschwarz Metallic (416) — глубокий черный с синим отливом<br />?? Салон: Sensafin Dekorgesteppt Mokka (KPMY) — экокожа коричневого цвета<br />?? Двигатель: 2.0 л R4 бензин TwinPower Turbo B48B20O2 (258 л.с., 400 Нм)<br />?? Привод: Полный xDrive (постоянный)<br />?? Коробка: 8-ступенчатая Steptronic Sport<br />?? База: Long (+130 мм к стандартному X5)<br />?? Пакет: M Aerodynamics Package + Comfort Package<br />?? Диски: 21"" M легкосплавные Y-spoke 741 M Bicolor с RunFlat<br />?? Свет: Решётка Iconic Glow + автоматический дальний свет<br />?? Декор: Натуральное дерево Pappel (тополь) антрацит<br />?? Комфорт: Вентиляция передних сидений, Comfort Seats, Travel &amp; Comfort System<br />?? Аудио: Harman Kardon Surround Sound<br />?? Технологии: Live Cockpit Pro, Driving Assistant Pro, Parking Assistant Pro<br />?? Разгон: 0-100 км/ч за ~7.1 секунды<br />?? Производство: 11 марта 2026, завод Dadong (BMW Brilliance, Китай)";"Экстерьер — Carbonschwarz с Iconic Glow<br />Флагманский SUV в глубоком черном цвете с премиальными опциями:<br />• Carbonschwarz Metallic (416) — глубокий черный с благородным синим отливом на солнце, классический статусный цвет BMW<br />• Решётка радиатора BMW Iconic Glow — премиальная опция с контурной подсветкой, которая включается при приближении с ключом (встречает владельца световым шоу)<br />• 21-дюймовые M легкосплавные диски (Y-spoke 741 M Bicolor) с разноразмерными шинами RunFlat — можно ехать до 80 км на спущенном колесе<br />• M-аэродинамический пакет — агрессивные бампера, спортивные накладки, черные акценты<br />• Индивидуальные рейлинги Shadow Line на крыше (черный глянец)<br />• Расширенный пакет Shadow Line — черные глянцевые акценты по всему кузову<br />• Панорамная стеклянная крыша с электроприводом<br />• Электропривод двери багажника<br />• Комфортный доступ — бесключевой доступ и запуск двигателя<br />• Дистанционный запуск двигателя (Remote Engine Start)<br />• Автоматический дальний свет<br />• Шины RunFlat — безопасность при проколе<br />Интерьер — коричневая экокожа Sensafin с деревом Pappel<br />Салон с современными экологичными материалами и премиальным декором:<br />• Экокожа Sensafin Dekorgesteppt Mokka (KPMY) — современный экологичный материал премиум-класса коричневого цвета:<br />— Экологичнее натуральной кожи — производится без использования кожи животных<br />— Практичнее — устойчива к загрязнениям, легче чистится<br />— Долговечнее — не выгорает на солнце, не трескается<br />— Декоративная прострочка — уникальный узор, отличающий Sensafin от обычной кожи<br />• Comfort Seats — комфортные передние сиденья с электроприводом, памятью настроек<br />• Вентиляция передних сидений — редкая премиальная опция<br />• Обогрев передних и задних сидений<br />• M-рулевое колесо с кожаной отделкой<br />• Декор из натурального дерева Pappel (тополь) антрацит с открытыми порами — премиальная опция BMW Individual<br />• Стеклянные элементы Crafted Clarity — кристаллы на селекторе КПП и контроллерах<br />• Travel &amp; Comfort System — крепления для планшетов и аксессуаров на спинках передних сидений<br />• Ambient Light — премиальная подсветка салона с 64 цветами<br />• Расширенный пакет зеркал — автоматическое затемнение, складывание, подогрев<br />• Система электронной оплаты дорожных сборов (для китайских платных дорог)<br />Драйв и динамика — B48 с 400 Нм<br />• Двигатель: Рядный 4-цилиндровый бензин B48B20O2 с TwinPower Turbo<br />• Мощность: 258 л.с.<br />• Крутящий момент: 400 Нм при 1550-4400 об/мин<br />• Коробка передач: 8-ступенчатая Steptronic Sport с подрулевыми лепестками<br />• Полный привод xDrive (постоянный) с интеллектуальным распределением<br />• Система рекуперации энергии — экономия топлива<br />• Режимы вождения: Comfort, Sport, Sport+, Eco Pro, Individual<br />• Разгон до 100 км/ч: ~7.1 секунды<br />• Максимальная скорость: 235 км/ч (электронное ограничение)<br />• Расход топлива: 8-10 л/100 км (смешанный)<br />Преимущества двигателя B48<br />Двигатель B48B20O2 — один из самых надежных моторов BMW:<br />• Ресурс: 300-400 тыс. км без капитального ремонта<br />• Цепной привод ГРМ — не требует замены до 200 тыс. км<br />• Проверенная конструкция с 2015 года<br />• Доступность запчастей и обслуживания<br />Технологии и безопасность<br />• BMW Live Cockpit Professional с изогнутым Curved Display<br />• Driving Assistant Professional:<br />— Адаптивный круиз-контроль с функцией Stop&amp;Go<br />— Активное удержание в полосе<br />— Автоматическая смена полосы движения<br />— Контроль слепых зон<br />— Автоматическое экстренное торможение с распознаванием пешеходов<br />— Активная защита пешеходов (электронный звук)<br />• Parking Assistant Professional с камерой 360° и Reversing Assistant (автоматический задний ход, запоминает последние 50 м пути)<br />• Harman Kardon Surround Sound System — высокое качество звука<br />• Apple CarPlay — беспроводное подключение<br />• Беспроводная зарядка<br />• Персональная eSIM 5G<br />• Connected Package Professional<br />• Teleservices — удаленная диагностика<br />• Интеллектуальный экстренный вызов";https://static.tildacdn.com/stor3636-3364-4264-b635-373235393063/4e90fcbe88448f2149edb4092a364db1.jpg https://static.tildacdn.com/stor3032-6534-4730-b064-663730323935/48221dd1f9b57616e7ebcb1d461b2660.jpg;0;;;;;fop3GOznHsBo4004uPuC;;0;0;0;0;Купить BMW X5 xDrive30Li 2026 Китай – Long база, Iconic Glow, 258 л.с.;"BMW X5 xDrive30Li 2026 (Китай, Long +130 мм). R4 2.0L (258 л.с., 400 Нм), Iconic Glow, 21"" M диски, Harman Kardon, вентиляция, Sensafin Mokka. В наличии.";BMW X5 xDrive30Li Китай, X5 Long база, купить X5 новый, BMW X5 Iconic Glow, X5 китайская сборка, BMW X5 Sensafin, X5 BMW Brilliance;;;;;
5,46995E+11;BMW;;;"Автомобили;Автомобили>>>Новые";BMW X3 xDrive30Li M Sport (G48 LCI) 2026 — Белый, Mocha, Long Base;Удлиненный X3 в классическом белом цвете! Новый BMW X3 xDrive30Li (рестайлинг G48 LCI, 2026 г.в.) в элегантном белом цвете с салоном Vernasca Mocha. Увеличенная колесная база +110 мм (больше места сзади!), бензиновый R4 2.0 л TwinPower Turbo (245 л.с., 400 Нм), пакет M Sport, адаптивная подвеска, Harman Kardon 12 динамиков.<br />?? Цвет кузова: Белый (Alpine White / Mineral White)<br />?? Салон: Кожа Vernasca Mocha (светло-коричневый)<br />?? Двигатель: 2.0 л R4 бензин TwinPower Turbo (245 л.с., 400 Нм)<br />?? Привод: Полный xDrive<br />?? Коробка: 8-ступенчатая Steptronic Sport с лепестками<br />?? Пакет: M Sport (аэродинамика, подвеска, тормоза, черные акценты)<br />?? База: Long (+110 мм к стандартному X3)<br />?? Комфорт: 3-зонный климат, панорамная крыша, подогрев руля<br />?? Мультимедиа: Harman Kardon 12 дин. / 600 Вт, Curved Display, iDrive 8.0<br />?? Разгон: 0-100 км/ч за 6.6 секунды<br />?? Расход: 8-10 л/100 км (смешанный);"Экстерьер — белый с M Sport<br />Компактный кроссовер в элегантном белом цвете с агрессивным M-дизайном:<br />• Белый цвет (Alpine White / Mineral White) — классический цвет BMW, визуально увеличивающий кузов и создающий ощущение простора<br />• Практичность белого цвета: меньше нагревается на солнце летом, мелкие царапины и ""паутинка"" от моек менее заметны, чем на черном<br />• M-аэродинамический обвес — агрессивные бампера, расширенные воздухозаборники, спортивные накладки<br />• 19-дюймовые M легкосплавные диски (Double-spoke 698 M) в двухцветном исполнении — опция 20"" доступна<br />• M Sport тормоза с синими суппортами — усиленная тормозная система для активного вождения, идеально контрастируют с белым кузовом<br />• M Sport подвеска с пониженным клиренсом (-10 мм) — спортивный характер<br />• Черные акценты Individual — решётка радиатора, молдинги, корпуса зеркал — создают идеальный контраст с белым кузовом<br />• Адаптивные светодиодные фары с автоматическим дальним светом<br />• Панорамная стеклянная крыша с электроприводом (опция)<br />• Электропривод двери багажника с бесконтактным открытием (Hands-Free)<br />• Комфортный доступ — бесключевой доступ и запуск двигателя<br />Интерьер — светло-коричневая Mocha Vernasca<br />Салон с премиальной кожей в элегантном светло-коричневом цвете, создающий идеальный контраст с белым кузовом:<br />• Премиальная кожа Vernasca цвета Mocha (светло-коричневый) — создает теплую, уютную атмосферу, визуально увеличивает пространство салона<br />• Идеальное сочетание с белым кузовом — классическая комбинация ""белый верх, коричневый низ"", проверенная десятилетиями<br />• Увеличенная колесная база Long (+110 мм) — значительно больше места для ног задних пассажиров, полноценный комфорт для взрослых<br />• Спортивные сиденья M Sport с электроприводом, памятью настроек и поясничной поддержкой<br />• M-рулевое колесо с кожаной отделкой и подогревом<br />• Обогрев передних и задних сидений<br />• 3-зонный автоматический климат-контроль — индивидуальные настройки для водителя, переднего пассажира и задних пассажиров<br />• Премиальная аудиосистема Harman Kardon Surround Sound — 12 динамиков, 600 Вт, объемный звук Hi-Fi качества с эквалайзером и поддержкой FLAC<br />• BMW Curved Display — изогнутый экран: 12.3"" приборная панель + 12.3"" центральный экран<br />• BMW iDrive 8.0 — голосовое управление, жесты, сенсор<br />• Декоративные вставки из алюминия или натурального дерева<br />• Ambient Light — премиальная подсветка салона с 64 цветами<br />• Беспроводная зарядка и USB-C порты<br />• Apple CarPlay / Android Auto — беспроводное подключение<br />• Объем багажника: 570-1700 литров — отличная практичность<br />Драйв и динамика — B48 с 400 Нм<br />• Двигатель: Рядный 4-цилиндровый бензин B48B20B с TwinPower Turbo<br />• Мощность: 245 л.с. при 5500-6500 об/мин<br />• Крутящий момент: 400 Нм при 1550-4500 об/мин — отличный крутящий момент для 2.0 л<br />• Коробка передач: 8-ступенчатая Steptronic Sport с подрулевыми лепестками<br />• Полный привод xDrive с многодисковой муфтой<br />• Адаптивная подвеска Adaptive Suspension с электронными амортизаторами (опция)<br />• Режимы вождения: Comfort, Sport, Sport+, Eco Pro, Individual<br />• Разгон до 100 км/ч: 6.6 секунды — отличная динамика для 2.0 л<br />• Максимальная скорость: 235 км/ч<br />• Масса: 1915 кг — оптимальное соотношение для кроссовера<br />• Расход топлива: 8-10 л/100 км (смешанный), 6-7 л на трассе, 10-12 л в городе<br />Надежность двигателя B48<br />Двигатель B48B20B — один из самых надежных моторов BMW:<br />• Ресурс: 300-400 тыс. км без капитального ремонта<br />• Цепной привод ГРМ — не требует замены до 200 тыс. км<br />• Проверенная конструкция с 2015 года<br />• Доступность запчастей и обслуживания<br />Преимущества белого цвета<br />Белый BMW X3 — это умный выбор для прагматичных владельцев:<br />Меньше нагревается летом — салон на 10-15°C прохладнее, чем у черного<br />Мелкие царапины менее заметны — ""паутинка"" от моек не бросается в глаза<br />Визуально увеличивает кузов — автомобиль кажется больше и статуснее<br />Классика BMW — белый цвет никогда не выходит из моды<br />Высокая ликвидность — белые BMW продаются быстрее на вторичке<br />Технологии и безопасность<br />• BMW Live Cockpit Professional с Curved Display<br />• Driving Assistant Professional:<br />— Адаптивный круиз-контроль с функцией Stop&amp;Go<br />— Активное удержание в полосе<br />— Автоматическая смена полосы движения<br />— Контроль слепых зон<br />— Автоматическое экстренное торможение с распознаванием пешеходов<br />• Parking Assistant Plus — автоматическая парковка, камеры кругового обзора 360°, функция Reversing Assistant (автоматический задний ход)<br />• Head-Up Display — проекция скорости, навигации и предупреждений на лобовое стекло (опция)<br />• Интеллектуальный экстренный вызов и Teleservices<br />• Connected Package Professional<br />• Персональная eSIM 5G";https://static.tildacdn.com/stor3535-6235-4864-a164-333166663032/541e559def9a2cfd913524c1ce5455a4.png https://static.tildacdn.com/stor3031-6131-4037-a261-383861623839/ea10efbb61dd9c0ed2de607e456e11a3.jpg;0;;;;;pNmBAtJt7obsMRALhnz1;;0;0;0;0;Купить BMW X3 xDrive30Li M Sport 2026 – белый, Long, Mocha, Harman Kardon;Новый BMW X3 xDrive30Li M Sport 2026 г.в. База +110 мм, R4 2.0L (245 л.с., 400 Нм), белый кузов, салон Mocha, Harman Kardon, Curved Display, iDrive 8.0. В наличии.;BMW X3 xDrive30Li белый, X3 Long 2026, купить X3 новый, BMW X3 белый, X3 M Sport, BMW X3 Mocha, X3 увеличенная база;;;;;
7,46347E+11;BMW;;;"Автомобили;Автомобили>>>Новые";BMW X5 xDrive30Li (G18 LWB) 2026 — Carbonschwarz, Mokka Sensafin, Long база;"Флагманский удлиненный X5 китайской сборки! Новый BMW X5 xDrive30Li (China Version, G18 LWB, производство март 2026) с увеличенной колесной базой Long (+130 мм), комфорт уровня X7 по цене обычного X5. Глубокий черный Carbonschwarz Metallic, современная экокожа Sensafin Mokka, решётка Iconic Glow, 21"" M-диски, панорамная крыша, вентиляция сидений, декор из натурального дерева Pappel, Harman Kardon.<br />?? Цвет кузова: Carbonschwarz Metallic (416) — глубокий черный с синим отливом<br />?? Салон: Sensafin Dekorgesteppt Mokka (KPMY) — экокожа коричневого цвета<br />?? Двигатель: 2.0 л R4 бензин TwinPower Turbo B48B20O2 (258 л.с., 400 Нм)<br />?? Привод: Полный xDrive (постоянный)<br />?? Коробка: 8-ступенчатая Steptronic Sport<br />?? База: Long (+130 мм к стандартному X5)<br />?? Производство: 11 марта 2026, завод Dadong (BMW Brilliance, Китай)<br />?? Диски: 21"" M легкосплавные Y-spoke 741 M Bicolor с RunFlat<br />?? Свет: Решётка Iconic Glow + автоматический дальний свет<br />?? Декор: Натуральное дерево Pappel (тополь) антрацит<br />?? Комфорт: Вентиляция передних сидений, Comfort Seats, Travel &amp; Comfort System<br />?? Аудио: Harman Kardon Surround Sound<br />?? Технологии: Live Cockpit Pro, Driving Assistant Pro, Parking Assistant Pro<br />?? Разгон: 0-100 км/ч за ~7.1 секунды";"BMW X5 xDrive30Li — это удлиненная версия легендарного флагмана X5, созданная специально для китайского рынка. Колесная база увеличена на +130 мм (длина 5060 мм против 4930 мм у стандартного X5), что превращает среднеразмерный SUV в полноразмерный лимузин с простором заднего ряда уровня BMW X7. Автомобиль собран на совместном предприятии BMW Brilliance в Китае (завод в Dadong) — качество сборки не уступает немецкому, а цена значительно доступнее.<br />Carbonschwarz — глубокий черный с синим отливом<br />Флагманский SUV в классическом премиальном цвете:<br />• Carbonschwarz Metallic (416) — глубокий черный с благородным синим отливом на солнце, классический статусный цвет BMW<br />• В тени выглядит как классический глубокий черный<br />• На солнце раскрывается благородный синий оттенок<br />• Универсальный статусный цвет — никогда не выходит из моды<br />• Практичен — мелкие царапины менее заметны, чем на светлых цветах<br />Экстерьер с Iconic Glow и M-пакетом<br />Автомобиль оснащен редкими премиальными опциями:<br />• Решётка радиатора BMW Iconic Glow — премиальная опция с контурной подсветкой, которая включается при приближении с ключом (встречает владельца световым шоу). Доплата при заказе с завода ~150-200 тыс. руб.<br />• 21-дюймовые M легкосплавные диски (Y-spoke 741 M Bicolor) с разноразмерными шинами RunFlat — можно ехать до 80 км на спущенном колесе<br />• M-аэродинамический пакет — агрессивные бампера, спортивные накладки, черные акценты<br />• Индивидуальные рейлинги Shadow Line на крыше (черный глянец)<br />• Расширенный пакет Shadow Line — черные глянцевые акценты по всему кузову<br />• Панорамная стеклянная крыша с электроприводом<br />• Электропривод двери багажника<br />• Комфортный доступ — бесключевой доступ и запуск двигателя<br />• Дистанционный запуск двигателя (Remote Engine Start)<br />• Автоматический дальний свет<br />• Шины RunFlat — безопасность при проколе<br />Интерьер с современной экокожей Sensafin<br />Салон с современными экологичными материалами и премиальным декором:<br />• Экокожа Sensafin Dekorgesteppt Mokka (KPMY) — современный экологичный материал премиум-класса коричневого цвета:<br />— Экологичнее натуральной кожи — производится без использования кожи животных<br />— Практичнее — устойчива к загрязнениям, легче чистится, не боится когтей животных<br />— Долговечнее — не выгорает на солнце, не трескается со временем<br />— Декоративная прострочка — уникальный узор, отличающий Sensafin от обычной кожи<br />— Теплый коричневый оттенок Mokka — создает уютную атмосферу в салоне<br />• Comfort Seats — комфортные передние сиденья с электроприводом, памятью настроек<br />• Вентиляция передних сидений — редкая премиальная опция, комфорт в жаркую погоду<br />• Обогрев передних и задних сидений<br />• M-рулевое колесо с кожаной отделкой<br />• Декор из натурального дерева Pappel (тополь) антрацит с открытыми порами — премиальная опция BMW Individual<br />• Стеклянные элементы Crafted Clarity — кристаллы на селекторе КПП и контроллерах, признак топовой комплектации<br />• Travel &amp; Comfort System — крепления для планшетов и аксессуаров на спинках передних сидений (удобно для детей в дальних поездках)<br />• Ambient Light — премиальная подсветка салона с 64 цветами<br />• Расширенный пакет зеркал — автоматическое затемнение, складывание, подогрев<br />• Система электронной оплаты дорожных сборов (для китайских платных дорог)<br />Драйв и динамика — B48 с 400 Нм<br />• Двигатель: Рядный 4-цилиндровый бензин B48B20O2 с TwinPower Turbo<br />• Мощность: 258 л.с.<br />• Крутящий момент: 400 Нм при 1550-4400 об/мин<br />• Коробка передач: 8-ступенчатая Steptronic Sport с подрулевыми лепестками<br />• Полный привод xDrive (постоянный) с интеллектуальным распределением<br />• Система рекуперации энергии — экономия топлива<br />• Режимы вождения: Comfort, Sport, Sport+, Eco Pro, Individual<br />• Разгон до 100 км/ч: ~7.1 секунды<br />• Максимальная скорость: 235 км/ч (электронное ограничение)<br />• Расход топлива: 8-10 л/100 км (смешанный)<br />?? Надежность двигателя B48<br />Двигатель B48B20O2 — один из самых надежных моторов BMW:<br />• Ресурс: 300-400 тыс. км без капитального ремонта<br />• Цепной привод ГРМ — не требует замены до 200 тыс. км<br />• Проверенная конструкция с 2015 года<br />• Доступность запчастей и обслуживания<br />Технологии и безопасность<br />• BMW Live Cockpit Professional с изогнутым Curved Display<br />• Driving Assistant Professional:<br />— Адаптивный круиз-контроль с функцией Stop&amp;Go<br />— Активное удержание в полосе<br />— Автоматическая смена полосы движения<br />— Контроль слепых зон<br />— Автоматическое экстренное торможение с распознаванием пешеходов<br />— Активная защита пешеходов (электронный звук)<br />• Parking Assistant Professional с камерой 360° и Reversing Assistant (автоматический задний ход, запоминает последние 50 м пути)<br />• Harman Kardon Surround Sound System — высокое качество звука<br />• Apple CarPlay — беспроводное подключение<br />• Беспроводная зарядка<br />• Персональная eSIM 5G<br />• Connected Package Professional<br />• Teleservices — удаленная диагностика<br />• Интеллектуальный экстренный вызов<br />Особенности китайской версии<br />China-ausfuehrung — официальная китайская спецификация<br />Упрощенный китайский язык в меню (можно перепрошить на русский за 15-20 тыс. руб. — разовая процедура)<br />Система электронной оплаты дорожных сборов — не нужна в России, но не мешает<br />Сборка BMW Brilliance — совместное предприятие BMW в Китае (завод Dadong), качество не уступает немецкому<br />Удлиненная база Li — стандарт для китайского рынка, редкость для России<br />Экокожа Sensafin — современный материал, экологичнее и практичнее натуральной кожи";https://static.tildacdn.com/stor6563-3664-4262-a432-363539396237/693b4d89563d7c86520e1561bd4d8b77.jpg https://static.tildacdn.com/stor6432-3839-4061-b733-626338356361/9fd70203755b7c74f1cf65afe7855c18.jpg;0;;;;;CMvXzftYKTv6KMyXVrMh;;0;0;0;0;Купить BMW X5 xDrive30Li 2026 Китай – Long +130 мм, Carbonschwarz, Iconic Glow;"BMW X5 xDrive30Li 2026 (Китай, Long +130 мм). R4 2.0L (258 л.с., 400 Нм), Carbonschwarz, Sensafin Mokka, Iconic Glow, 21"" M диски, Harman Kardon. В наличии.";BMW X5 xDrive30Li Китай, X5 Long база, купить X5 новый, BMW X5 Carbonschwarz, X5 китайская сборка, BMW X5 Sensafin, X5 BMW Brilliance;;;;;
4,74127E+11;Land Rover;;;"Автомобили;Автомобили>>>Новые";Range Rover Velar Autobiography (L566) 2025 — Fuji White, Deep Garnet, P250;"Британский SUV в максимальной комплектации Autobiography с редким сочетанием цветов! Новый Range Rover Velar (L566, 2025 г.в.) в элегантном белом цвете Fuji White с эксклюзивным бордовым салоном Deep Garnet Windsor. Бензиновый 2.0 л Ingenium P250 (250 л.с., 365 Нм), пневмоподвеска, 4-зонный климат, матричные фары, Meridian 825 Вт, ClearSight технологии.<br />?? Цвет кузова: Fuji White (047) — классический белый<br />?? Салон: Deep Garnet (бордовый) — премиальная кожа Windsor с перфорацией<br />?? Двигатель: 2.0 л R4 бензин Ingenium P250 (250 л.с., 365 Нм)<br />?? Привод: Полный AWD с активным задним дифференциалом<br />?? Коробка: 8-ступенчатая автоматическая ZF 8HP45<br />?? Комплектация: Autobiography (максимальная)<br />?? Подвеска: Пневматическая Adaptive Dynamics<br />?? Диски: 21"" Style 1075 с алмазной отделкой<br />?? Свет: Матричные LED фары + анимированные ДХО<br />?? Аудио: Meridian Surround 17 дин. / 825 Вт<br />?? Разгон: 0-100 км/ч за 7.3 секунды";"Экстерьер — британская элегантность в белом цвете<br />Range Rover Velar в классическом цвете Fuji White с выдвижными дверными ручками и премиальными деталями:<br />• Fuji White (047) — классический белый цвет Range Rover, визуально увеличивающий элегантный силуэт Velar<br />• Выдвижные дверные ручки (Deployable Door Handles) — утоплены в кузов, выдвигаются автоматически при приближении с ключом<br />• Матричные LED фары с адаптивным дальним светом и анимированными ДХО Signature<br />• 21-дюймовые легкосплавные диски (Style 1075) с алмазной отделкой — премиальный дизайн<br />• Панорамная крыша с электроприводом шторки<br />• Электропривод двери багажника с бесконтактным открытием (жестом ноги)<br />• Доводчики дверей Soft-Close — все 4 двери автоматически закрываются с кнопки<br />• Хромированные акценты и шильдики Autobiography<br />• Адаптивные LED фары с автоматическим дальним светом<br />Интерьер — бордовый Deep Garnet с Windsor кожей<br />Салон в максимальной комплектации Autobiography с эксклюзивным бордовым цветом:<br />• Премиальная кожа Windsor в редком цвете Deep Garnet (бордовый) с перфорацией — создает ощущение британской роскоши<br />• 16-позиционные передние сиденья с памятью, подогревом, вентиляцией и массажем<br />• Подогрев задних сидений<br />• Деревянные вставки Light Eucalyptus — натуральное дерево светлого эвкалипта<br />• 4-зонный автоматический климат-контроль с ионизацией воздуха<br />• Подогрев рулевого колеса с кожаной отделкой<br />• Ambient Lighting — подсветка салона с 10 цветами<br />• Премиальная аудиосистема Meridian Surround Sound — 17 динамиков, 825 Вт, технология Trifield (объемный звук из каждого динамика), режим Concert Hall<br />• Pivi Pro — 11.4"" изогнутый сенсорный экран с тактильной обратной связью<br />• Interactive Driver Display — 12.3"" цифровая приборная панель<br />• Беспроводная зарядка для смартфона<br />• Apple CarPlay / Android Auto — беспроводное подключение<br />Драйв и динамика — Ingenium P250 с пневмоподвеской<br />• Двигатель: 2.0-литровый R4 бензин Ingenium P250 с турбонаддувом<br />• Мощность: 250 л.с. при 5500 об/мин<br />• Крутящий момент: 365 Нм при 1300-4500 об/мин<br />• Коробка передач: 8-ступенчатая автоматическая ZF 8HP45<br />• Полный привод AWD с активным задним дифференциалом<br />• Пневматическая подвеска Air Suspension с автоматической регулировкой клиренса<br />• Adaptive Dynamics — электронное управление амортизаторами<br />• Terrain Response 2 — система выбора режимов движения:<br />— Comfort, Grass/Gravel/Snow, Mud/Ruts, Sand, Eco, Dynamic<br />• Разгон до 100 км/ч: 7.3 секунды<br />• Максимальная скорость: 217 км/ч<br />• Масса: 1985 кг<br />• Объем багажника: 648-1730 литров (при сложенных задних сиденьях)<br />• Глубина брода: до 650 мм (Wade Sensing)<br />Технологии и безопасность — ClearSight<br />• Pivi Pro 11.4"" — изогнутый сенсорный экран с тактильной обратной связью<br />• ClearSight Ground View — ""прозрачный капот"": камеры показывают дорогу под автомобилем<br />• ClearSight Rear View Mirror — цифровое зеркало заднего вида с камерой (видит сквозь загруженный багажник)<br />• Адаптивный круиз-контроль с функцией Stop &amp; Go<br />• Blind Spot Assist — ассистент слепых зон с автоматическим подруливанием<br />• Lane Keep Assist — удержание в полосе с автоматическим подруливанием<br />• Emergency Braking — автоматическое экстренное торможение с распознаванием пешеходов<br />• 3D Surround Camera — камеры 360° с 3D визуализацией<br />• Wade Sensing — датчик глубины брода до 650 мм<br />• Head-Up Display — проекция на лобовое стекло (опция)";https://static.tildacdn.com/stor3536-3833-4161-a631-363461633365/f5e9c3fcab02ab9dc517bb2bdd7d8581.jpg https://static.tildacdn.com/stor3164-6666-4961-a161-643033386262/d5a5a361d26f82d105c18229c7041e9b.jpg;0;;;;;Ds2tzzdXvMy8aYknRlVz;;0;0;0;0;Купить Range Rover Velar Autobiography 2025 – белый, бордовый салон;Новый Range Rover Velar Autobiography 2025 г.в. P250 (250 л.с., 365 Нм), Fuji White, бордовый Deep Garnet, пневмоподвеска, Meridian 825 Вт, ClearSight. В наличии.;Range Rover Velar Autobiography, Velar 2025, купить Velar новый, Velar Fuji White, Velar Deep Garnet, Range Rover P250, Velar пневмоподвеска;;;;;
4,55414E+11;Land Rover;;;"Автомобили;Автомобили>>>Новые";Range Rover D350 Autobiography (L460) 2025 — Santorini Black, Caraway, Diesel 350 л.с.;"Флагманский Range Rover в максимальной комплектации Autobiography! Новый Range Rover (L460, 2025 г.в.) с дизельным R6 3.0 л Twin-Turbo + MHEV (350 л.с., 700 Нм), черный кузов Santorini Black, премиальный коричневый салон Caraway Semi-Aniline, пиксельные фары Pixel LED, Meridian Signature 35 динамиков 1600 Вт, глубина брода 900 мм, массаж горячими камнями.<br />?? Цвет кузова: Santorini Black (285) — черный металлик<br />?? Салон: Caraway (коричневый) — премиальная полуанилиновая кожа<br />?? Двигатель: 3.0 л R6 дизель Twin-Turbo + MHEV 48V (350 л.с., 700 Нм)<br />?? Привод: Постоянный полный AWD с понижающей передачей<br />?? Коробка: 8-ступенчатая автоматическая ZF 8HP70<br />?? Комплектация: Autobiography (максимальная)<br />?? Подвеска: Adaptive Dynamics + Electronic Air Suspension<br />?? Диски: 22"" Style 1075 с алмазной отделкой<br />?? Свет: Pixel LED (1.2 млн пикселей) + анимированные ДХО<br />?? Аудио: Meridian Signature 35 дин. / 1600 Вт<br />?? Брод: до 900 мм (рекорд среди серийных SUV)<br />?? Разгон: 0-100 км/ч за 6.2 секунды";"Экстерьер — флагманский Range Rover в черном цвете<br />Полноразмерный флагманский SUV в глубоком черном цвете с выдвижными ручками:<br />• Santorini Black (285) — глубокий черный металлик, классический статусный цвет Range Rover<br />• Выдвижные дверные ручки (Deployable Door Handles) — утоплены в кузов, выдвигаются автоматически при приближении с ключом<br />• Пиксельные LED фары Pixel LED с 1.2 миллионами пикселей — точное управление светом, не ослепляет встречных водителей<br />• Анимированные дневные ходовые огни Signature DRL — эффектная световая анимация<br />• 22-дюймовые легкосплавные диски (Style 1075) с алмазной отделкой — премиальный дизайн<br />• Панорамная крыша с электроприводом шторки<br />• Электропривод двери багажника с бесконтактным открытием<br />• Доводчики дверей Soft-Close — все 4 двери автоматически закрываются с кнопки<br />• Хромированные акценты и шильдики Autobiography<br />Интерьер — коричневый Caraway с массажем горячими камнями<br />Салон в максимальной комплектации Autobiography с эксклюзивным коричневым цветом:<br />• Премиальная полуанилиновая кожа Semi-Aniline в редком цвете Caraway (коричневый) с перфорацией — высший уровень отделки Land Rover, мягкая и дышащая кожа<br />• 24-позиционные передние сиденья с памятью, подогревом, вентиляцией и массажем горячими камнями — уникальная фишка Range Rover<br />• Подогрев и вентиляция задних сидений<br />• Executive Rear Seats — индивидуальные задние сиденья с откидными столиками<br />• Деревянные и металлические вставки Smoked Oak — натуральный дымчатый дуб<br />• 4-зонный автоматический климат-контроль с ионизацией воздуха и Nano-e технологией (очистка от вирусов и бактерий)<br />• Cabin Air Purification Pro — система очистки воздуха с PM2.5 фильтром<br />• Подогрев рулевого колеса с кожаной отделкой<br />• Ambient Lighting — подсветка салона с 30 цветами<br />• Встроенный холодильник в центральном подлокотнике<br />• Премиальная аудиосистема Meridian Signature Sound — 35 динамиков, 1600 Вт, технология Trifield (объемный звук), режим Concert Hall, активное шумоподавление, сабвуфер<br />• Pivi Pro — 13.1"" изогнутый сенсорный экран с тактильной обратной связью<br />• Interactive Driver Display — 12.3"" цифровая приборная панель<br />• Rear Entertainment — два 11.4"" экрана для задних пассажиров<br />• Беспроводная зарядка для смартфона<br />• Apple CarPlay / Android Auto — беспроводное подключение<br />Драйв и динамика — Ingenium D350 с MHEV<br />• Двигатель: 3.0-литровый R6 дизель Ingenium Twin-Turbo с MHEV 48V (мягкий гибрид)<br />• Мощность: 350 л.с. при 4000 об/мин<br />• Крутящий момент: 700 Нм при 1500-3000 об/мин — паровозная тяга!<br />• Коробка передач: 8-ступенчатая автоматическая ZF 8HP70<br />• Постоянный полный привод AWD с понижающей передачей<br />• Адаптивная пневматическая подвеска Adaptive Dynamics + Electronic Air Suspension<br />• Terrain Response 2 — 6 режимов движения + Auto режим:<br />— Comfort, Grass/Gravel/Snow, Mud/Ruts, Sand, Eco, Dynamic, Auto<br />• All-Terrain Progress Control — автоматическая система бездорожья (круиз-контроль для бездорожья)<br />• Wade Sensing — датчик глубины брода до 900 мм (рекорд среди серийных SUV!)<br />• Разгон до 100 км/ч: 6.2 секунды<br />• Максимальная скорость: 225 км/ч<br />• Масса: 2560 кг<br />• Объем багажника: 648-1937 литров (при сложенных задних сиденьях)<br />• Расход топлива: 8-10 л/100 км (смешанный)<br />Технологии и безопасность — ClearSight и AR Head-Up<br />• Pivi Pro 13.1"" — изогнутый сенсорный экран с тактильной обратной связью<br />• ClearSight Ground View — ""прозрачный капот"": камеры показывают дорогу под автомобилем<br />• ClearSight Rear View Mirror — цифровое зеркало заднего вида с камерой<br />• Head-Up Display с Augmented Reality — проекция навигации с дополненной реальностью на лобовое стекло<br />• Адаптивный круиз-контроль с функцией Stop &amp; Go и Steering Assist (автоматическое подруливание)<br />• Blind Spot Assist — ассистент слепых зон с автоматическим подруливанием<br />• Lane Keep Assist — удержание в полосе<br />• Emergency Braking — автоматическое экстренное торможение с распознаванием пешеходов<br />• 3D Surround Camera — камеры 360° с 3D визуализацией<br />• Wade Sensing — датчик глубины брода до 900 мм";https://static.tildacdn.com/stor6265-6637-4638-b630-646636613934/e6bf5888202eab21c90387eb700fd8ad.jpg https://static.tildacdn.com/stor6439-6464-4061-a366-626333306630/fdab0b3f67350cdc802fc8bd2bd4ac4d.jpg;0;;;;;0zNrOygyh1jTUyYnN48f;;0;0;0;0;Купить Range Rover Velar Autobiography 2025 – белый, бордовый салон;Новый Range Rover Velar Autobiography 2025 г.в. P250 (250 л.с., 365 Нм), Fuji White, бордовый Deep Garnet, пневмоподвеска, Meridian 825 Вт, ClearSight. В наличии.;Range Rover Velar Autobiography, Velar 2025, купить Velar новый, Velar Fuji White, Velar Deep Garnet, Range Rover P250, Velar пневмоподвеска;;;;;
5,65373E+11;Land Rover;;;"Автомобили;Автомобили>>>Новые";Range Rover D300 SE (L460) 2025 — Santorini Black, Perlino, Diesel 300 л.с.;"Флагманский Range Rover в рациональной комплектации SE! Новый Range Rover (L460, 2025 г.в.) с дизельным R6 3.0 л Twin-Turbo + MHEV (300 л.с., 650 Нм), черный кузов Santorini Black, элегантный белый салон Perlino Windsor, пневмоподвеска, брод 900 мм, Meridian Surround 825 Вт. Все внедорожные возможности Autobiography по более доступной цене.<br />?? Цвет кузова: Santorini Black (285) — черный металлик<br />?? Салон: Perlino (белый) — премиальная кожа Windsor с перфорацией<br />?? Двигатель: 3.0 л R6 дизель Twin-Turbo + MHEV 48V (300 л.с., 650 Нм)<br />?? Привод: Постоянный полный AWD с понижающей передачей<br />?? Коробка: 8-ступенчатая автоматическая ZF<br />?? Комплектация: SE (средняя, рациональная)<br />?? Подвеска: Adaptive Dynamics + Electronic Air Suspension<br />?? Диски: 21"" Style 9009 с алмазной отделкой<br />?? Свет: Матричные LED фары + анимированные ДХО<br />?? Аудио: Meridian Surround 19 дин. / 825 Вт<br />?? Брод: до 900 мм (как в Autobiography)<br />?? Разгон: 0-100 км/ч за 6.6 секунды";"Экстерьер — флагманский Range Rover в черном цвете<br />Полноразмерный флагманский SUV в глубоком черном цвете с выдвижными ручками:<br />• Santorini Black (285) — глубокий черный металлик, классический статусный цвет Range Rover<br />• Выдвижные дверные ручки (Deployable Door Handles) — утоплены в кузов, выдвигаются автоматически при приближении с ключом<br />• Матричные LED фары Matrix LED с адаптивным светом и анимированными ДХО Signature<br />• 21-дюймовые легкосплавные диски (Style 9009) с алмазной отделкой<br />• Панорамная крыша с электроприводом шторки<br />• Электропривод двери багажника с бесконтактным открытием<br />• Доводчики дверей Soft-Close — все 4 двери автоматически закрываются с кнопки<br />• Хромированные акценты и шильдики SE<br />Интерьер — белый Perlino с Windsor кожей<br />Салон в комплектации SE с элегантным белым цветом:<br />• Премиальная кожа Windsor в редком цвете Perlino (белый) с перфорацией — создает ощущение простора и света в салоне<br />• 16-позиционные передние сиденья с памятью, подогревом и вентиляцией<br />• Подогрев задних сидений<br />• Деревянные вставки Grey Elm — натуральный серый вяз<br />• 3-зонный автоматический климат-контроль с ионизацией воздуха<br />• Cabin Air Purification — система очистки воздуха<br />• Подогрев рулевого колеса с кожаной отделкой<br />• Ambient Lighting — подсветка салона с 10 цветами<br />• Премиальная аудиосистема Meridian Surround Sound — 19 динамиков, 825 Вт, технология Trifield, режим Concert Hall<br />• Pivi Pro — 11.4"" изогнутый сенсорный экран с тактильной обратной связью<br />• Interactive Driver Display — 12.3"" цифровая приборная панель<br />• Беспроводная зарядка для смартфона<br />• Apple CarPlay / Android Auto — беспроводное подключение<br />Драйв и динамика — Ingenium D300 с MHEV<br />• Двигатель: 3.0-литровый R6 дизель Ingenium Twin-Turbo с MHEV 48V (мягкий гибрид)<br />• Мощность: 300 л.с. при 4000 об/мин<br />• Крутящий момент: 650 Нм при 1500-2500 об/мин<br />• Коробка передач: 8-ступенчатая автоматическая ZF<br />• Постоянный полный привод AWD с понижающей передачей<br />• Адаптивная пневматическая подвеска Adaptive Dynamics + Electronic Air Suspension<br />• Terrain Response 2 — 6 режимов движения + Auto режим<br />• All-Terrain Progress Control — автоматическая система бездорожья<br />• Wade Sensing — датчик глубины брода до 900 мм (как в Autobiography!)<br />• Разгон до 100 км/ч: 6.6 секунды<br />• Максимальная скорость: 218 км/ч<br />• Масса: 2510 кг<br />• Объем багажника: 648-1937 литров<br />• Расход топлива: 8-10 л/100 км (смешанный)<br />Технологии и безопасность — ClearSight<br />• Pivi Pro 11.4"" — изогнутый сенсорный экран с тактильной обратной связью<br />• ClearSight Ground View — ""прозрачный капот"": камеры показывают дорогу под автомобилем<br />• ClearSight Rear View Mirror — цифровое зеркало заднего вида с камерой<br />• Адаптивный круиз-контроль с функцией Stop &amp; Go<br />• Blind Spot Assist — ассистент слепых зон<br />• Lane Keep Assist — удержание в полосе<br />• Emergency Braking — автоматическое экстренное торможение<br />• 3D Surround Camera — камеры 360° с 3D визуализацией<br />• Wade Sensing — датчик глубины брода до 900 мм<br />• Head-Up Display — проекция на лобовое стекло (опция)";https://static.tildacdn.com/stor6265-6637-4638-b630-646636613934/e6bf5888202eab21c90387eb700fd8ad.jpg https://static.tildacdn.com/stor6439-6464-4061-a366-626333306630/fdab0b3f67350cdc802fc8bd2bd4ac4d.jpg;0;;;;;edlLsKXy9J2YXAl7PndM;;0;0;0;0;Купить Range Rover D300 SE 2025 – дизель 300 л.с., белый салон Perlino;Новый Range Rover D300 SE 2025 г.в. Дизель R6 3.0L (300 л.с., 650 Нм), Santorini Black, салон Perlino, пневмоподвеска, брод 900 мм, Meridian 825 Вт. В наличии.;Range Rover D300 SE, RR SE 2025, купить Range Rover новый, RR дизель 300 л.с., Range Rover Perlino, RR брод 900 мм, Range Rover SE;;;;;
3,36446E+11;Land Rover;;;"Автомобили;Автомобили>>>Новые";Range Rover P400 SE (L460) 2025 — Carpathian Grey, Caraway, Бензин 400 л.с.;"Флагманский Range Rover с бензиновым 400 л.с. и редким Individual цветом! Новый Range Rover (L460, 2025 г.в.) с бензиновым R6 3.0 л Twin-Turbo + MHEV (400 л.с., 550 Нм), редкий цвет Carpathian Grey (957) с серо-коричневым отливом, коричневый салон Caraway Windsor, пневмоподвеска, брод 900 мм, разгон 0-100 км/ч за 5.7 секунды (быстрее дизеля D300!).<br />?? Цвет кузова: Carpathian Grey (957) — редкий Individual серо-коричневый<br />?? Салон: Caraway (коричневый) — премиальная кожа Windsor с перфорацией<br />?? Двигатель: 3.0 л R6 бензин Twin-Turbo + MHEV 48V (400 л.с., 550 Нм)<br />?? Привод: Постоянный полный AWD с понижающей передачей<br />?? Коробка: 8-ступенчатая автоматическая ZF 8HP70<br />?? Комплектация: SE (средняя, рациональная)<br />?? Подвеска: Adaptive Dynamics + Electronic Air Suspension<br />?? Диски: 21"" Style 9009 с алмазной отделкой<br />?? Свет: Матричные LED фары + анимированные ДХО<br />?? Аудио: Meridian Surround 19 дин. / 825 Вт<br />?? Брод: до 900 мм (рекорд среди серийных SUV)<br />?? Разгон: 0-100 км/ч за 5.7 секунды<br />?? Максимальная скорость: 242 км/ч";"Экстерьер — редкий Individual цвет Carpathian Grey<br />Полноразмерный флагманский SUV в эксклюзивном серо-коричневом цвете:<br />• Carpathian Grey (957) — редкий Individual цвет BMW с уникальным серо-коричневым отливом. В тени выглядит как строгий серый, на солнце раскрывается благородный коричневый оттенок с металлическим блеском<br />• Выдвижные дверные ручки (Deployable Door Handles) — утоплены в кузов, выдвигаются автоматически при приближении с ключом<br />• Матричные LED фары Matrix LED с адаптивным светом и анимированными ДХО Signature<br />• 21-дюймовые легкосплавные диски (Style 9009) с алмазной отделкой<br />• Панорамная крыша с электроприводом шторки<br />• Электропривод двери багажника с бесконтактным открытием<br />• Доводчики дверей Soft-Close — все 4 двери автоматически закрываются с кнопки<br />• Хромированные акценты и шильдики SE<br />Интерьер — коричневый Caraway с Windsor кожей<br />Салон в комплектации SE с элегантным коричневым цветом, создающим идеальное сочетание с серо-коричневым кузовом:<br />• Премиальная кожа Windsor в редком цвете Caraway (коричневый) с перфорацией — создает теплую, уютную атмосферу<br />• Идеальное сочетание с Carpathian Grey — серо-коричневый кузов + коричневый салон = монохромная элегантность<br />• 16-позиционные передние сиденья с памятью, подогревом и вентиляцией<br />• Подогрев задних сидений<br />• Деревянные вставки Grey Elm — натуральный серый вяз<br />• 3-зонный автоматический климат-контроль с ионизацией воздуха<br />• Cabin Air Purification — система очистки воздуха с PM2.5 фильтром<br />• Подогрев рулевого колеса с кожаной отделкой<br />• Ambient Lighting — подсветка салона с 10 цветами<br />• Премиальная аудиосистема Meridian Surround Sound — 19 динамиков, 825 Вт, технология Trifield (объемный звук из каждого динамика), режим Concert Hall, активное шумоподавление<br />• Pivi Pro — 11.4"" изогнутый сенсорный экран с тактильной обратной связью<br />• Interactive Driver Display — 12.3"" цифровая приборная панель<br />• Беспроводная зарядка для смартфона<br />• Apple CarPlay / Android Auto — беспроводное подключение<br />Драйв и динамика — бензиновый Ingenium P400 с MHEV<br />• Двигатель: 3.0-литровый R6 бензин Ingenium Twin-Turbo с MHEV 48V (мягкий гибрид)<br />• Мощность: 400 л.с. при 5500-6500 об/мин<br />• Крутящий момент: 550 Нм при 2000-5000 об/мин<br />• Коробка передач: 8-ступенчатая автоматическая ZF 8HP70<br />• Постоянный полный привод AWD с понижающей передачей<br />• Адаптивная пневматическая подвеска Adaptive Dynamics + Electronic Air Suspension<br />• Terrain Response 2 — 6 режимов движения + Auto режим:<br />— Comfort, Grass/Gravel/Snow, Mud/Ruts, Sand, Eco, Dynamic<br />• All-Terrain Progress Control — автоматическая система бездорожья (круиз-контроль для бездорожья)<br />• Wade Sensing — датчик глубины брода до 900 мм (рекорд среди серийных SUV!)<br />• Разгон до 100 км/ч: 5.7 секунды — быстрее дизеля D300 на 0.9 секунды!<br />• Максимальная скорость: 242 км/ч — выше, чем у дизеля<br />• Масса: 2455 кг — легче дизеля на 55 кг<br />• Объем багажника: 648-1937 литров<br />• Расход топлива: 11-13 л/100 км (смешанный)<br />Технологии и безопасность — ClearSight<br />• Pivi Pro 11.4"" — изогнутый сенсорный экран с тактильной обратной связью<br />• ClearSight Ground View — ""прозрачный капот"": камеры показывают дорогу под автомобилем<br />• ClearSight Rear View Mirror — цифровое зеркало заднего вида с камерой<br />• Адаптивный круиз-контроль с функцией Stop &amp; Go<br />• Blind Spot Assist — ассистент слепых зон с автоматическим подруливанием<br />• Lane Keep Assist — удержание в полосе с автоматическим подруливанием<br />• Emergency Braking — автоматическое экстренное торможение с распознаванием пешеходов и велосипедистов<br />• 3D Surround Camera — камеры 360° с 3D визуализацией<br />• Wade Sensing — датчик глубины брода до 900 мм<br />• Head-Up Display — проекция на лобовое стекло (опция)";https://static.tildacdn.com/stor6265-6637-4638-b630-646636613934/e6bf5888202eab21c90387eb700fd8ad.jpg https://static.tildacdn.com/stor6439-6464-4061-a366-626333306630/fdab0b3f67350cdc802fc8bd2bd4ac4d.jpg;0;;;;;nLxJeOyS5ANbZGcOuPKY;;0;0;0;0;Купить Range Rover P400 SE 2025 – бензин 400 л.с., Carpathian Grey;Новый Range Rover P400 SE 2025 г.в. Бензин R6 3.0L (400 л.с., 550 Нм), Carpathian Grey Individual, салон Caraway, 0-100 за 5.7 сек, брод 900 мм. В наличии.;Range Rover P400 SE, RR P400 2025, купить Range Rover новый, RR бензин 400 л.с., Range Rover Carpathian Grey, RR Individual, Range Rover P400 Caraway;;;;;
7,88237E+11;Land Rover;;;"Автомобили;Автомобили>>>Новые";Range Rover P360 SE (L460) 2026 — Fuji White, Caraway, Бензин 360 л.с.;"Флагманский Range Rover 2026 в классическом белом цвете! Новый Range Rover (L460, 2026 г.в.) с бензиновым R6 3.0 л Twin-Turbo + MHEV (360 л.с., 500 Нм), элегантный белый Fuji White, премиальный коричневый салон Caraway Windsor, пневмоподвеска, брод 900 мм, разгон 0-100 км/ч за 6.0 секунд.<br />?? Цвет кузова: Fuji White (047) — классический белый<br />?? Салон: Caraway (коричневый) — премиальная кожа Windsor с перфорацией<br />?? Двигатель: 3.0 л R6 бензин Twin-Turbo + MHEV 48V (360 л.с., 500 Нм)<br />?? Привод: Постоянный полный AWD с понижающей передачей<br />?? Коробка: 8-ступенчатая автоматическая ZF<br />?? Комплектация: SE (средняя, рациональная)<br />?? Подвеска: Adaptive Dynamics + Electronic Air Suspension<br />?? Диски: 21"" Style 9009 с алмазной отделкой<br />?? Свет: Матричные LED фары + анимированные ДХО<br />?? Аудио: Meridian Surround 19 дин. / 825 Вт<br />?? Брод: до 900 мм (рекорд среди серийных SUV)<br />?? Разгон: 0-100 км/ч за 6.0 секунды<br />?? Год: 2026 (новая модель)";"Экстерьер — классический белый Range Rover<br />Полноразмерный флагманский SUV в элегантном белом цвете с выдвижными ручками:<br />• Fuji White (047) — классический белый цвет Range Rover, визуально увеличивающий элегантный силуэт и создающий ощущение простора<br />• Выдвижные дверные ручки (Deployable Door Handles) — утоплены в кузов, выдвигаются автоматически при приближении с ключом<br />• Матричные LED фары Matrix LED с адаптивным светом и анимированными ДХО Signature<br />• 21-дюймовые легкосплавные диски (Style 9009) с алмазной отделкой<br />• Панорамная крыша с электроприводом шторки<br />• Электропривод двери багажника с бесконтактным открытием<br />• Доводчики дверей Soft-Close — все 4 двери автоматически закрываются с кнопки<br />• Хромированные акценты и шильдики SE<br />• Белый цвет практичен: меньше нагревается летом, мелкие царапины менее заметны<br />Интерьер — коричневый Caraway с Windsor кожей<br />Салон в комплектации SE с элегантным коричневым цветом, создающим идеальное классическое сочетание с белым кузовом:<br />• Премиальная кожа Windsor в редком цвете Caraway (коричневый) с перфорацией — создает теплую, уютную атмосферу<br />• Классическое сочетание белый верх + коричневый низ — проверенная десятилетиями комбинация Range Rover<br />• 16-позиционные передние сиденья с памятью, подогревом и вентиляцией<br />• Подогрев задних сидений<br />• Деревянные вставки Grey Elm — натуральный серый вяз<br />• 3-зонный автоматический климат-контроль с ионизацией воздуха<br />• Cabin Air Purification — система очистки воздуха с PM2.5 фильтром<br />• Подогрев рулевого колеса с кожаной отделкой<br />• Ambient Lighting — подсветка салона с 10 цветами<br />• Премиальная аудиосистема Meridian Surround Sound — 19 динамиков, 825 Вт, технология Trifield, режим Concert Hall, активное шумоподавление<br />• Pivi Pro — 11.4"" изогнутый сенсорный экран с тактильной обратной связью<br />• Interactive Driver Display — 12.3"" цифровая приборная панель<br />• Беспроводная зарядка для смартфона<br />• Apple CarPlay / Android Auto — беспроводное подключение<br />Драйв и динамика — бензиновый Ingenium P360 с MHEV<br />• Двигатель: 3.0-литровый R6 бензин Ingenium Twin-Turbo с MHEV 48V (мягкий гибрид)<br />• Мощность: 360 л.с. при 5500-6500 об/мин<br />• Крутящий момент: 500 Нм при 2000-5000 об/мин<br />• Коробка передач: 8-ступенчатая автоматическая ZF<br />• Постоянный полный привод AWD с понижающей передачей<br />• Адаптивная пневматическая подвеска Adaptive Dynamics + Electronic Air Suspension<br />• Terrain Response 2 — 6 режимов движения + Auto режим:<br />— Comfort, Grass/Gravel/Snow, Mud/Ruts, Sand, Eco, Dynamic<br />• All-Terrain Progress Control — автоматическая система бездорожья<br />• Wade Sensing — датчик глубины брода до 900 мм (рекорд среди серийных SUV!)<br />• Разгон до 100 км/ч: 6.0 секунды — быстрее дизеля D300 на 0.6 сек<br />• Максимальная скорость: 225 км/ч<br />• Масса: 2420 кг — легче дизеля на 90 кг<br />• Объем багажника: 648-1937 литров<br />• Расход топлива: 10-12 л/100 км (смешанный)<br />Технологии и безопасность — ClearSight<br />• Pivi Pro 11.4"" — изогнутый сенсорный экран с тактильной обратной связью<br />• ClearSight Ground View — ""прозрачный капот"": камеры показывают дорогу под автомобилем<br />• ClearSight Rear View Mirror — цифровое зеркало заднего вида с камерой<br />• Адаптивный круиз-контроль с функцией Stop &amp; Go<br />• Blind Spot Assist — ассистент слепых зон с автоматическим подруливанием<br />• Lane Keep Assist — удержание в полосе с автоматическим подруливанием<br />• Emergency Braking — автоматическое экстренное торможение с распознаванием пешеходов и велосипедистов<br />• 3D Surround Camera — камеры 360° с 3D визуализацией<br />• Wade Sensing — датчик глубины брода до 900 мм<br />• Head-Up Display — проекция на лобовое стекло (опция)";https://static.tildacdn.com/stor3765-6530-4638-a539-363637373230/90bdf2906b10ccf9852ec8c465cfc429.jpg https://static.tildacdn.com/stor6163-3538-4630-a635-313566613964/4468f13c2699f7953cc0b8524106f123.jpg;0;;;;;L1NupjnVGedo5OlCMXsY;;0;0;0;0;Купить Range Rover P400 SE 2025 – бензин 400 л.с., Carpathian Grey;Новый Range Rover P400 SE 2025 г.в. Бензин R6 3.0L (400 л.с., 550 Нм), Carpathian Grey Individual, салон Caraway, 0-100 за 5.7 сек, брод 900 мм. В наличии.;Range Rover P400 SE, RR P400 2025, купить Range Rover новый, RR бензин 400 л.с., Range Rover Carpathian Grey, RR Individual, Range Rover P400 Caraway;;;;;
2,952E+11;Land Rover;;;"Автомобили;Автомобили>>>Новые";Range Rover P360 Long SE (L460 LWB) 2026 — Carpathian Grey, Caraway, База +200 мм;"Удлиненный Range Rover с редким Individual цветом! Новый Range Rover Long (L460 LWB, 2026 г.в.) с увеличенной колесной базой +200 мм (3197 мм), бензиновым R6 3.0 л Twin-Turbo + MHEV (360 л.с., 500 Нм), редкий цвет Carpathian Grey (957) с серо-коричневым отливом, премиальный коричневый салон Caraway Windsor, багажник больше на 137 л.<br />?? Цвет кузова: Carpathian Grey (957) — редкий Individual серо-коричневый<br />?? Салон: Caraway (коричневый) — премиальная кожа Windsor с перфорацией<br />?? Двигатель: 3.0 л R6 бензин Twin-Turbo + MHEV 48V (360 л.с., 500 Нм)<br />?? Привод: Постоянный полный AWD с понижающей передачей<br />?? Коробка: 8-ступенчатая автоматическая ZF<br />?? База: Long +200 мм (3197 мм vs 2997 мм стандартной)<br />?? Комплектация: SE (средняя, рациональная)<br />?? Подвеска: Adaptive Dynamics + Electronic Air Suspension<br />?? Диски: 21"" Style 9009 с алмазной отделкой<br />?? Багажник: 648-2074 л (больше на 137 л!)<br />?? Брод: до 900 мм<br />?? Разгон: 0-100 км/ч за 6.1 секунды<br />?? Год: 2026 (новая модель)";"Экстерьер — редкий Individual цвет Carpathian Grey с удлиненной базой<br />Удлиненный флагманский SUV в эксклюзивном серо-коричневом цвете:<br />• Carpathian Grey (957) — редкий Individual цвет с уникальным серо-коричневым отливом. В тени выглядит как строгий серый, на солнце раскрывается благородный коричневый оттенок с металлическим блеском. Доплата при заказе с завода ~150-200 тыс. ?<br />• Удлиненная колесная база Long +200 мм (3197 мм vs 2997 мм у стандартной версии) — автомобиль длиннее на 200 мм, что визуально делает его еще более монументальным<br />• Выдвижные дверные ручки (Deployable Door Handles) — утоплены в кузов, выдвигаются автоматически при приближении с ключом<br />• Матричные LED фары Matrix LED с адаптивным светом и анимированными ДХО Signature<br />• 21-дюймовые легкосплавные диски (Style 9009) с алмазной отделкой<br />• Панорамная крыша с электроприводом шторки<br />• Электропривод двери багажника с бесконтактным открытием<br />• Доводчики дверей Soft-Close — все 4 двери автоматически закрываются с кнопки<br />• Хромированные акценты и шильдики SE<br />Интерьер — коричневый Caraway с увеличенным пространством<br />Салон в комплектации SE с элегантным коричневым цветом и дополнительным пространством за счет удлиненной базы:<br />• Премиальная кожа Windsor в редком цвете Caraway (коричневый) с перфорацией<br />• Идеальное сочетание Carpathian Grey + Caraway — серо-коричневый кузов + коричневый салон = монохромная элегантность<br />• Дополнительное пространство для ног задних пассажиров за счет удлиненной базы +200 мм — комфорт уровня бизнес-класса<br />• 16-позиционные передние сиденья с памятью, подогревом и вентиляцией<br />• Подогрев задних сидений<br />• Деревянные вставки Grey Elm — натуральный серый вяз<br />• 3-зонный автоматический климат-контроль с ионизацией воздуха<br />• Cabin Air Purification — система очистки воздуха с PM2.5 фильтром<br />• Подогрев рулевого колеса с кожаной отделкой<br />• Ambient Lighting — подсветка салона с 10 цветами<br />• Премиальная аудиосистема Meridian Surround Sound — 19 динамиков, 825 Вт, технология Trifield, режим Concert Hall, активное шумоподавление<br />• Pivi Pro — 11.4"" изогнутый сенсорный экран с тактильной обратной связью<br />• Interactive Driver Display — 12.3"" цифровая приборная панель<br />• Беспроводная зарядка для смартфона<br />• Apple CarPlay / Android Auto — беспроводное подключение<br />Драйв и динамика — Ingenium P360 с MHEV<br />• Двигатель: 3.0-литровый R6 бензин Ingenium Twin-Turbo с MHEV 48V (мягкий гибрид)<br />• Мощность: 360 л.с. при 5500-6500 об/мин<br />• Крутящий момент: 500 Нм при 2000-5000 об/мин<br />• Коробка передач: 8-ступенчатая автоматическая ZF<br />• Постоянный полный привод AWD с понижающей передачей<br />• Адаптивная пневматическая подвеска Adaptive Dynamics + Electronic Air Suspension<br />• Terrain Response 2 — 6 режимов движения + Auto режим<br />• All-Terrain Progress Control — автоматическая система бездорожья<br />• Wade Sensing — датчик глубины брода до 900 мм (рекорд среди серийных SUV!)<br />• Разгон до 100 км/ч: 6.1 секунды (на 0.1 сек медленнее стандартной версии из-за +65 кг массы)<br />• Максимальная скорость: 225 км/ч<br />• Масса: 2485 кг (тяжелее стандартной версии на 65 кг)<br />• Объем багажника: 648-2074 литров (больше на 137 л за счет удлиненной базы!)<br />• Расход топлива: 10-12 л/100 км (смешанный)<br />Технологии и безопасность — ClearSight<br />• Pivi Pro 11.4"" — изогнутый сенсорный экран с тактильной обратной связью<br />• ClearSight Ground View — ""прозрачный капот"": камеры показывают дорогу под автомобилем<br />• ClearSight Rear View Mirror — цифровое зеркало заднего вида с камерой<br />• Адаптивный круиз-контроль с функцией Stop &amp; Go<br />• Blind Spot Assist — ассистент слепых зон с автоматическим подруливанием<br />• Lane Keep Assist — удержание в полосе с автоматическим подруливанием<br />• Emergency Braking — автоматическое экстренное торможение<br />• 3D Surround Camera — камеры 360° с 3D визуализацией<br />• Wade Sensing — датчик глубины брода до 900 мм<br />• Head-Up Display — проекция на лобовое стекло (опция)";https://static.tildacdn.com/stor6331-6537-4230-b035-633630633861/5e1cd614e7c9019cfe76d96a3cb01408.jpg https://static.tildacdn.com/stor3864-3432-4064-b835-646331363239/667c63e65151cdbd86c3b1eea9855d98.jpg;0;;;;;nkMxkk6Mh7V6chTJZLGM;;0;0;0;0;Купить Range Rover P360 Long 2026 – Carpathian Grey, база +200 мм;Новый Range Rover P360 Long 2026 г.в. Бензин R6 3.0L (360 л.с., 500 Нм), база +200 мм, Carpathian Grey Individual, салон Caraway, багажник 2074 л. В наличии.;Range Rover P360 Long, RR Long 2026, купить Range Rover новый, RR Carpathian Grey, Range Rover LWB, RR длинная база, Range Rover Individual;;;;;
5,06431E+11;Land Rover;;;"Автомобили;Автомобили>>>Новые";Range Rover P400 Autobiography (L460) 2026 — Santorini Black, Deep Garnet, Бензин 400 л.с.;"Флагманский Range Rover Autobiography в эксклюзивном гранатовом салоне! Новый Range Rover (L460, 2026 г.в.) в максимальной комплектации Autobiography с бензиновым R6 3.0 л Twin-Turbo + MHEV (400 л.с., 550 Нм), черный кузов Santorini Black, редчайший гранатовый салон Deep Garnet Semi-Aniline, пиксельные фары Pixel LED (1.2 млн пикселей), массаж горячими камнями, Meridian Signature 35 динамиков 1600 Вт, AR Head-Up Display, встроенный холодильник.<br />?? Цвет кузова: Santorini Black (285) — черный металлик<br />?? Салон: Deep Garnet (гранатовый/темно-красный) — премиальная полуанилиновая кожа<br />?? Двигатель: 3.0 л R6 бензин Twin-Turbo + MHEV 48V (400 л.с., 550 Нм)<br />?? Привод: Постоянный полный AWD с понижающей передачей<br />?? Коробка: 8-ступенчатая автоматическая ZF 8HP70<br />?? Комплектация: Autobiography (максимальная)<br />?? Подвеска: Adaptive Dynamics + Electronic Air Suspension<br />?? Диски: 22"" Style 1075 с алмазной отделкой<br />?? Свет: Pixel LED (1.2 млн пикселей) + анимированные ДХО<br />?? Аудио: Meridian Signature 35 дин. / 1600 Вт<br />?? Массаж: Горячие камни (уникальная фишка)<br />?? Брод: до 900 мм (рекорд среди серийных SUV)<br />?? Разгон: 0-100 км/ч за 5.7 секунды<br />?? Максимальная скорость: 242 км/ч";"Экстерьер — флагманский Range Rover с Pixel LED<br />Полноразмерный флагманский SUV в глубоком черном цвете с пиксельными фарами:<br />• Santorini Black (285) — глубокий черный металлик, классический статусный цвет Range Rover<br />• Пиксельные LED фары Pixel LED с 1.2 миллионами пикселей — точное управление светом, не ослепляет встречных водителей, ""вырезает"" автомобили из светового пучка<br />• Анимированные дневные ходовые огни Signature DRL — эффектная световая анимация<br />• Выдвижные дверные ручки (Deployable Door Handles) — утоплены в кузов, выдвигаются автоматически при приближении с ключом<br />• 22-дюймовые легкосплавные диски (Style 1075) с алмазной отделкой — премиальный дизайн<br />• Панорамная крыша с электроприводом шторки<br />• Электропривод двери багажника с бесконтактным открытием<br />• Доводчики дверей Soft-Close — все 4 двери автоматически закрываются с кнопки<br />• Хромированные акценты и шильдики Autobiography<br />Интерьер — редкий гранатовый Deep Garnet с массажем горячими камнями<br />Салон в максимальной комплектации Autobiography с эксклюзивным гранатовым цветом:<br />• Премиальная полуанилиновая кожа Semi-Aniline в редчайшем цвете Deep Garnet (гранатовый/темно-красный) с перфорацией — высший уровень отделки Land Rover, встречается в 10 раз реже стандартных цветов<br />• 24-позиционные передние сиденья с памятью, подогревом, вентиляцией и массажем горячими камнями — уникальная фишка Range Rover Autobiography, имитирующая спа-процедуры<br />• Подогрев и вентиляция задних сидений<br />• Executive Rear Seats — индивидуальные задние сиденья с откидными столиками<br />• Деревянные и металлические вставки Smoked Oak — натуральный дымчатый дуб<br />• 4-зонный автоматический климат-контроль с ионизацией воздуха и Nano-e технологией (очистка от вирусов и бактерий)<br />• Cabin Air Purification Pro — система очистки воздуха с PM2.5 фильтром<br />• Подогрев рулевого колеса с кожаной отделкой<br />• Ambient Lighting — подсветка салона с 30 цветами<br />• Встроенный холодильник в центральном подлокотнике — для напитков в дальних поездках<br />• Премиальная аудиосистема Meridian Signature Sound — 35 динамиков, 1600 Вт, технология Trifield, режим Concert Hall, активное шумоподавление, сабвуфер, алмазные твитеры<br />• Rear Entertainment — два 11.4"" экрана для задних пассажиров<br />• Pivi Pro — 13.1"" изогнутый сенсорный экран с тактильной обратной связью<br />• Interactive Driver Display — 12.3"" цифровая приборная панель<br />• Беспроводная зарядка спереди и сзади<br />• Apple CarPlay / Android Auto — беспроводное подключение<br />Драйв и динамика — бензиновый Ingenium P400 с MHEV<br />• Двигатель: 3.0-литровый R6 бензин Ingenium Twin-Turbo с MHEV 48V (мягкий гибрид)<br />• Мощность: 400 л.с. при 5500-6500 об/мин<br />• Крутящий момент: 550 Нм при 2000-5000 об/мин<br />• Коробка передач: 8-ступенчатая автоматическая ZF 8HP70<br />• Постоянный полный привод AWD с понижающей передачей<br />• Адаптивная пневматическая подвеска Adaptive Dynamics + Electronic Air Suspension<br />• Terrain Response 2 — 6 режимов движения + Auto режим:<br />— Comfort, Grass/Gravel/Snow, Mud/Ruts, Sand, Eco, Dynamic<br />• All-Terrain Progress Control — автоматическая система бездорожья (круиз-контроль для бездорожья)<br />• Wade Sensing — датчик глубины брода до 900 мм (рекорд среди серийных SUV!)<br />• Разгон до 100 км/ч: 5.7 секунды — спортивная динамика для 2.5-тонного SUV<br />• Максимальная скорость: 242 км/ч<br />• Масса: 2455 кг<br />• Объем багажника: 648-1937 литров<br />• Расход топлива: 11-13 л/100 км (смешанный)<br />Технологии и безопасность — ClearSight и AR<br />• Pivi Pro 13.1"" — изогнутый сенсорный экран с тактильной обратной связью<br />• ClearSight Ground View — ""прозрачный капот"": камеры показывают дорогу под автомобилем<br />• ClearSight Rear View Mirror — цифровое зеркало заднего вида с камерой<br />• Head-Up Display с Augmented Reality — проекция навигации с дополненной реальностью на лобовое стекло<br />• Адаптивный круиз-контроль с функцией Stop &amp; Go и Steering Assist (автоматическое подруливание)<br />• Blind Spot Assist — ассистент слепых зон с автоматическим подруливанием<br />• Lane Keep Assist — удержание в полосе с автоматическим подруливанием<br />• Emergency Braking — автоматическое экстренное торможение с распознаванием пешеходов и велосипедистов<br />• 3D Surround Camera — камеры 360° с 3D визуализацией<br />• Wade Sensing — датчик глубины брода до 900 мм";https://static.tildacdn.com/stor3134-6335-4438-a133-316235363932/25d798bd8cbdc363cc992ba3de89f741.jpg https://static.tildacdn.com/stor6532-6336-4965-b833-356637356662/ea321d968a6801a911a43a9a43d0b327.jpg;0;;;;;7culsBczHxh2iFOLOThZ;;0;0;0;0;Купить Range Rover P400 Autobiography 2026 – Deep Garnet, Pixel LED;Новый Range Rover P400 Autobiography 2026 г.в. Бензин R6 3.0L (400 л.с., 550 Нм), Deep Garnet салон, Pixel LED 1.2 млн пикселей, массаж, Meridian 1600 Вт. В наличии.;Range Rover P400 Autobiography, RR Autobiography 2026, купить Range Rover новый, RR бензин 400 л.с., Range Rover Deep Garnet, RR Pixel LED, Range Rover массаж горячими камнями;;;;;
6,09559E+11;Land Rover;;;Автомобили;Range Rover P530 Autobiography Long (L460 LWB) 2023 — V8 BMW 530 л.с., 27 000 км;"Последний Range Rover с легендарным V8 BMW! Range Rover P530 Autobiography Long (L460 LWB, 2023 г.в.) с пробегом 27 000 км в состоянии ""как новое"". Двигатель BMW N63 V8 4.4L Twin-Turbo (530 л.с., 750 Нм) — последний Range Rover с BMW двигателем перед переходом на Ingenium! Самый быстрый Range Rover в списке — разгон 0-100 км/ч за 4.6 секунды, удлиненная база +200 мм, черный кузов Santorini Black, белый салон Perlino Semi-Aniline, Pixel LED фары, Meridian Signature 35 динамиков 1600 Вт, массаж, холодильник.<br />?? Цвет кузова: Santorini Black (285) — черный металлик<br />?? Салон: Perlino (белый) — премиальная полуанилиновая кожа<br />?? Двигатель: BMW N63 V8 4.4L Twin-Turbo (530 л.с., 750 Нм) — последний BMW V8 в Range Rover!<br />?? Привод: Постоянный полный AWD с понижающей передачей<br />?? Коробка: 8-ступенчатая автоматическая ZF 8HP75<br />?? База: Long +200 мм (3197 мм)<br />?? Комплектация: Autobiography (максимальная)<br />?? Пробег: 27 000 км (состояние как новое)<br />?? Подвеска: Adaptive Dynamics + Electronic Air Suspension<br />?? Диски: 22"" Style 1075 с алмазной отделкой<br />?? Свет: Pixel LED (1.2 млн пикселей)<br />?? Аудио: Meridian Signature 35 дин. / 1600 Вт<br />?? Брод: до 900 мм<br />?? Разгон: 0-100 км/ч за 4.6 секунды — самый быстрый в списке!<br />?? Максимальная скорость: 261 км/ч";"Экстерьер — флагманский Range Rover с Pixel LED<br />Полноразмерный удлиненный SUV в глубоком черном цвете:<br />• Santorini Black (285) — глубокий черный металлик, классический статусный цвет Range Rover<br />• Удлиненная колесная база Long +200 мм (3197 мм) — автомобиль длиннее на 200 мм, визуально еще более монументальный<br />• Пиксельные LED фары Pixel LED с 1.2 миллионами пикселей — точное управление светом, не ослепляет встречных водителей, ""вырезает"" автомобили из светового пучка<br />• Анимированные дневные ходовые огни Signature DRL — эффектная световая анимация<br />• Выдвижные дверные ручки (Deployable Door Handles) — утоплены в кузов, выдвигаются автоматически при приближении с ключом<br />• 22-дюймовые легкосплавные диски (Style 1075) с алмазной отделкой — премиальный дизайн<br />• Панорамная крыша с электроприводом шторки<br />• Электропривод двери багажника с бесконтактным открытием<br />• Доводчики дверей Soft-Close — все 4 двери автоматически закрываются с кнопки<br />• Хромированные акценты и шильдики Autobiography<br />Интерьер — белый Perlino с V8 характером<br />Салон в максимальной комплектации Autobiography с элегантным белым цветом:<br />• Премиальная полуанилиновая кожа Semi-Aniline в цвете Perlino (белый) с перфорацией — высший уровень отделки Land Rover, создает ощущение простора и света<br />• Классическое сочетание черный верх + белый низ — проверенная десятилетиями комбинация Range Rover<br />• 24-позиционные передние сиденья с памятью, подогревом, вентиляцией и массажем<br />• Подогрев и вентиляция задних сидений<br />• Executive Rear Seats — индивидуальные задние сиденья с откидными столиками<br />• Дополнительное пространство для ног задних пассажиров за счет удлиненной базы +200 мм — комфорт уровня бизнес-класса<br />• Деревянные и металлические вставки Smoked Oak — натуральный дымчатый дуб<br />• 4-зонный автоматический климат-контроль с ионизацией воздуха<br />• Cabin Air Purification Pro — система очистки воздуха с PM2.5 фильтром<br />• Подогрев рулевого колеса с кожаной отделкой<br />• Ambient Lighting — подсветка салона с 30 цветами<br />• Встроенный холодильник в центральном подлокотнике<br />• Премиальная аудиосистема Meridian Signature Sound — 35 динамиков, 1600 Вт, технология Trifield, режим Concert Hall, активное шумоподавление, сабвуфер, алмазные твитеры<br />• Rear Entertainment — два 11.4"" экрана для задних пассажиров<br />• Pivi Pro — 13.1"" изогнутый сенсорный экран с тактильной обратной связью<br />• Interactive Driver Display — 12.3"" цифровая приборная панель<br />• Беспроводная зарядка спереди и сзади<br />• Apple CarPlay / Android Auto — беспроводное подключение<br />Драйв и динамика — BMW V8 N63 с паровозной тягой<br />• Двигатель: BMW N63 V8 4.4L Twin-Turbo — легендарный баварский V8, последний в Range Rover!<br />• Мощность: 530 л.с. при 5500-6000 об/мин<br />• Крутящий момент: 750 Нм при 1800-4600 об/мин — паровозная тяга!<br />• Коробка передач: 8-ступенчатая автоматическая ZF 8HP75<br />• Постоянный полный привод AWD с понижающей передачей<br />• Адаптивная пневматическая подвеска Adaptive Dynamics + Electronic Air Suspension<br />• Terrain Response 2 — 6 режимов движения + Auto режим:<br />— Comfort, Grass/Gravel/Snow, Mud/Ruts, Sand, Eco, Dynamic<br />• All-Terrain Progress Control — автоматическая система бездорожья (круиз-контроль для бездорожья)<br />• Wade Sensing — датчик глубины брода до 900 мм (рекорд среди серийных SUV!)<br />• Разгон до 100 км/ч: 4.6 секунды — самый быстрый Range Rover в списке!<br />• Максимальная скорость: 261 км/ч (электронно ограничена)<br />• Масса: 2695 кг (Long версия тяжелее на 65 кг)<br />• Объем багажника: 648-2074 литров (Long версия, больше на 137 л)<br />• Расход топлива: 12-14 л/100 км (смешанный)<br />Технологии и безопасность — ClearSight и AR<br />• Pivi Pro 13.1"" — изогнутый сенсорный экран с тактильной обратной связью<br />• ClearSight Ground View — ""прозрачный капот"": камеры показывают дорогу под автомобилем<br />• ClearSight Rear View Mirror — цифровое зеркало заднего вида с камерой<br />• Head-Up Display с Augmented Reality — проекция навигации с дополненной реальностью<br />• Адаптивный круиз-контроль с функцией Stop &amp; Go и Steering Assist<br />• Blind Spot Assist — ассистент слепых зон с автоматическим подруливанием<br />• Lane Keep Assist — удержание в полосе с автоматическим подруливанием<br />• Emergency Braking — автоматическое экстренное торможение<br />• 3D Surround Camera — камеры 360° с 3D визуализацией<br />• Wade Sensing — датчик глубины брода до 900 мм";https://static.tildacdn.com/stor3863-3933-4634-b665-663038373836/8e9d29e235a1059134c2e2868da39981.jpg https://static.tildacdn.com/stor6334-3432-4564-b864-396230633866/751851828be2e8afac9016bd9ca5babc.jpg;0;;;;;GhGefSxnd7cJf9ZoyNV4;;0;0;0;0;Купить Range Rover P530 V8 BMW 2023 – Autobiography, 27 тыс км;Range Rover P530 Autobiography Long 2023 г.в., пробег 27 000 км. BMW V8 4.4L (530 л.с., 750 Нм), 0-100 за 4.6 сек, Pixel LED, Meridian 1600 Вт. Последний V8 BMW!;Range Rover P530, RR V8 BMW, купить Range Rover с пробегом, RR Autobiography 2023, Range Rover N63, RR 530 л.с., Range Rover последний V8;;;;;
9,27984E+11;Land Rover;;;"Автомобили;Автомобили>>>Новые";Range Rover Sport P400 Autobiography (L461) 2025 — Santorini Black, Caraway, 400 л.с.;"Спортивный Range Rover в максимальной комплектации Autobiography! Новый Range Rover Sport (L461, 2025 г.в.) с бензиновым R6 3.0 л Twin-Turbo + MHEV (400 л.с., 550 Нм), черный кузов Santorini Black, коричневый салон Caraway Semi-Aniline, пиксельные фары Pixel LED, пневмоподвеска, массаж, Meridian Signature 1430 Вт. Легче и динамичнее большого Range Rover!<br />?? Цвет кузова: Santorini Black (285) — черный металлик<br />?? Салон: Caraway (коричневый) — премиальная полуанилиновая кожа<br />?? Двигатель: 3.0 л R6 бензин Twin-Turbo + MHEV 48V (400 л.с., 550 Нм)<br />?? Привод: Постоянный полный AWD с понижающей передачей<br />?? Коробка: 8-ступенчатая автоматическая ZF<br />?? Комплектация: Autobiography (максимальная)<br />?? Подвеска: Adaptive Dynamics + Electronic Air Suspension<br />?? Диски: 22"" Style 1075 с алмазной отделкой<br />?? Свет: Pixel LED (1.2 млн пикселей) + анимированные ДХО<br />?? Аудио: Meridian Signature 29 дин. / 1430 Вт<br />?? Брод: до 850 мм<br />?? Разгон: 0-100 км/ч за 5.7 секунды<br />?? Масса: 2360 кг (легче Range Rover на 95 кг)";"Экстерьер — спортивный силуэт Range Rover Sport<br />Среднеразмерный спортивный SUV в глубоком черном цвете с пиксельными фарами:<br />• Santorini Black (285) — глубокий черный металлик, классический статусный цвет Range Rover<br />• Спортивный силуэт — Range Rover Sport короче и ниже большого Range Rover, что придает ему более динамичный и агрессивный вид<br />• Пиксельные LED фары Pixel LED с 1.2 миллионами пикселей — точное управление светом, не ослепляет встречных водителей<br />• Анимированные дневные ходовые огни Signature DRL — эффектная световая анимация<br />• Выдвижные дверные ручки (Deployable Door Handles) — утоплены в кузов, выдвигаются автоматически при приближении с ключом<br />• 22-дюймовые легкосплавные диски (Style 1075) с алмазной отделкой — премиальный дизайн<br />• Панорамная крыша с электроприводом шторки<br />• Электропривод двери багажника с бесконтактным открытием<br />• Доводчики дверей Soft-Close — все 4 двери автоматически закрываются с кнопки<br />• Хромированные акценты и шильдики Autobiography<br />Интерьер — коричневый Caraway с полуанилиновой кожей<br />Салон в максимальной комплектации Autobiography с элегантным коричневым цветом:<br />• Премиальная полуанилиновая кожа Semi-Aniline в цвете Caraway (коричневый) с перфорацией — высший уровень отделки Land Rover<br />• 24-позиционные передние сиденья с памятью, подогревом, вентиляцией и массажем<br />• Подогрев и вентиляция задних сидений<br />• Деревянные и металлические вставки Smoked Oak — натуральный дымчатый дуб<br />• 4-зонный автоматический климат-контроль с ионизацией воздуха<br />• Cabin Air Purification Pro — система очистки воздуха с PM2.5 фильтром<br />• Подогрев рулевого колеса с кожаной отделкой<br />• Ambient Lighting — подсветка салона с 30 цветами<br />• Встроенный холодильник в центральном подлокотнике<br />• Премиальная аудиосистема Meridian Signature Sound — 29 динамиков, 1430 Вт, технология Trifield, режим Concert Hall, активное шумоподавление, сабвуфер<br />• Pivi Pro — 13.1"" изогнутый сенсорный экран с тактильной обратной связью<br />• Interactive Driver Display — 12.3"" цифровая приборная панель<br />• Беспроводная зарядка спереди и сзади<br />• Apple CarPlay / Android Auto — беспроводное подключение<br />Драйв и динамика — Ingenium P400 с MHEV<br />• Двигатель: 3.0-литровый R6 бензин Ingenium Twin-Turbo с MHEV 48V (мягкий гибрид)<br />• Мощность: 400 л.с. при 5500-6500 об/мин<br />• Крутящий момент: 550 Нм при 2000-5000 об/мин<br />• Коробка передач: 8-ступенчатая автоматическая ZF<br />• Постоянный полный привод AWD с понижающей передачей<br />• Адаптивная пневматическая подвеска Adaptive Dynamics + Electronic Air Suspension<br />• Terrain Response 2 — 6 режимов движения + Auto режим:<br />— Comfort, Grass/Gravel/Snow, Mud/Ruts, Sand, Eco, Dynamic<br />• All-Terrain Progress Control — автоматическая система бездорожья (круиз-контроль для бездорожья)<br />• Wade Sensing — датчик глубины брода до 850 мм<br />• Разгон до 100 км/ч: 5.7 секунды — спортивная динамика для SUV<br />• Максимальная скорость: 242 км/ч<br />• Масса: 2360 кг (легче большого Range Rover на 95 кг)<br />• Объем багажника: 648-1737 литров<br />• Расход топлива: 10-12 л/100 км (смешанный)<br />Технологии и безопасность — ClearSight и AR<br />• Pivi Pro 13.1"" — изогнутый сенсорный экран с тактильной обратной связью<br />• ClearSight Ground View — ""прозрачный капот"": камеры показывают дорогу под автомобилем<br />• ClearSight Rear View Mirror — цифровое зеркало заднего вида с камерой<br />• Head-Up Display с Augmented Reality — проекция навигации с дополненной реальностью<br />• Адаптивный круиз-контроль с функцией Stop &amp; Go и Steering Assist<br />• Blind Spot Assist — ассистент слепых зон с автоматическим подруливанием<br />• Lane Keep Assist — удержание в полосе с автоматическим подруливанием<br />• Emergency Braking — автоматическое экстренное торможение<br />• 3D Surround Camera — камеры 360° с 3D визуализацией<br />• Wade Sensing — датчик глубины брода до 850 мм";https://static.tildacdn.com/stor3931-3338-4337-a337-313664356561/0f2d625a52506162c7920b5f47d7e1eb.jpg https://static.tildacdn.com/stor6331-3035-4138-b939-353331343632/64f163af5dbc76aebce17c5a2d6afb3b.jpg;0;;;;;7l5hxBKEtiLR1nDCxx1a;;0;0;0;0;Купить Range Rover Sport P400 Autobiography 2025 – 400 л.с., Pixel LED;Новый Range Rover Sport P400 Autobiography 2025 г.в. R6 3.0L (400 л.с., 550 Нм), Santorini Black, Caraway, Pixel LED, Meridian 1430 Вт, пневмоподвеска. В наличии.;Range Rover Sport P400, RR Sport Autobiography 2025, купить RR Sport новый, RR Sport бензин 400 л.с., Range Rover Sport Pixel LED, RR Sport Caraway, Range Rover Sport Santorini Black;;;;;
5,09959E+11;Land Rover;;;"Автомобили;Автомобили>>>Новые";Range Rover Sport P400 Autobiography (L461) 2026 — Borasco Grey, Caraway, 400 л.с.;"Спортивный Range Rover 2026 в современном сером Individual цвете! Новый Range Rover Sport (L461, 2026 г.в.) с бензиновым R6 3.0 л Twin-Turbo + MHEV (400 л.с., 550 Нм), серый металлик Borasco Grey (956) — современный Individual цвет, коричневый салон Caraway Semi-Aniline, пиксельные фары Pixel LED, пневмоподвеска, массаж, Meridian Signature 1430 Вт.<br />?? Цвет кузова: Borasco Grey (956) — серый металлик (современный Individual)<br />?? Салон: Caraway (коричневый) — премиальная полуанилиновая кожа<br />?? Двигатель: 3.0 л R6 бензин Twin-Turbo + MHEV 48V (400 л.с., 550 Нм)<br />?? Привод: Постоянный полный AWD с понижающей передачей<br />?? Коробка: 8-ступенчатая автоматическая ZF<br />?? Комплектация: Autobiography (максимальная)<br />?? Подвеска: Adaptive Dynamics + Electronic Air Suspension<br />?? Диски: 22"" Style 1075 с алмазной отделкой<br />?? Свет: Pixel LED (1.2 млн пикселей) + анимированные ДХО<br />?? Аудио: Meridian Signature 29 дин. / 1430 Вт<br />?? Брод: до 850 мм<br />?? Разгон: 0-100 км/ч за 5.7 секунды<br />?? Год: 2026 (новая модель)";"Экстерьер — современный серый Individual Borasco Grey<br />Среднеразмерный спортивный SUV в элегантном сером цвете с пиксельными фарами:<br />• Borasco Grey (956) — современный серый металлик Individual с холодным стальным отливом. В тени выглядит как строгий серый, на солнце раскрывается благородный металлический блеск. Современный и практичный цвет — мелкие царапины и пыль менее заметны<br />• Спортивный силуэт — Range Rover Sport короче и ниже большого Range Rover, что придает ему более динамичный и агрессивный вид<br />• Пиксельные LED фары Pixel LED с 1.2 миллионами пикселей — точное управление светом, не ослепляет встречных водителей, ""вырезает"" автомобили из светового пучка<br />• Анимированные дневные ходовые огни Signature DRL — эффектная световая анимация<br />• Выдвижные дверные ручки (Deployable Door Handles) — утоплены в кузов, выдвигаются автоматически при приближении с ключом<br />• 22-дюймовые легкосплавные диски (Style 1075) с алмазной отделкой — премиальный дизайн<br />• Панорамная крыша с электроприводом шторки<br />• Электропривод двери багажника с бесконтактным открытием<br />• Доводчики дверей Soft-Close — все 4 двери автоматически закрываются с кнопки<br />• Хромированные акценты и шильдики Autobiography<br />Интерьер — коричневый Caraway с полуанилиновой кожей<br />Салон в максимальной комплектации Autobiography с элегантным коричневым цветом, создающим идеальное сочетание с серым кузовом:<br />• Премиальная полуанилиновая кожа Semi-Aniline в цвете Caraway (коричневый) с перфорацией — высший уровень отделки Land Rover<br />• Идеальное сочетание Borasco Grey + Caraway — холодный серый кузов + теплый коричневый салон = современный контраст<br />• 24-позиционные передние сиденья с памятью, подогревом, вентиляцией и массажем<br />• Подогрев и вентиляция задних сидений<br />• Деревянные и металлические вставки Smoked Oak — натуральный дымчатый дуб<br />• 4-зонный автоматический климат-контроль с ионизацией воздуха<br />• Cabin Air Purification Pro — система очистки воздуха с PM2.5 фильтром<br />• Подогрев рулевого колеса с кожаной отделкой<br />• Ambient Lighting — подсветка салона с 30 цветами<br />• Встроенный холодильник в центральном подлокотнике<br />• Премиальная аудиосистема Meridian Signature Sound — 29 динамиков, 1430 Вт, технология Trifield, режим Concert Hall, активное шумоподавление, сабвуфер<br />• Pivi Pro — 13.1"" изогнутый сенсорный экран с тактильной обратной связью<br />• Interactive Driver Display — 12.3"" цифровая приборная панель<br />• Беспроводная зарядка спереди и сзади<br />• Apple CarPlay / Android Auto — беспроводное подключение<br />Драйв и динамика — Ingenium P400 с MHEV<br />• Двигатель: 3.0-литровый R6 бензин Ingenium Twin-Turbo с MHEV 48V (мягкий гибрид)<br />• Мощность: 400 л.с. при 5500-6500 об/мин<br />• Крутящий момент: 550 Нм при 2000-5000 об/мин<br />• Коробка передач: 8-ступенчатая автоматическая ZF<br />• Постоянный полный привод AWD с понижающей передачей<br />• Адаптивная пневматическая подвеска Adaptive Dynamics + Electronic Air Suspension<br />• Terrain Response 2 — 6 режимов движения + Auto режим:<br />— Comfort, Grass/Gravel/Snow, Mud/Ruts, Sand, Eco, Dynamic<br />• All-Terrain Progress Control — автоматическая система бездорожья (круиз-контроль для бездорожья)<br />• Wade Sensing — датчик глубины брода до 850 мм<br />• Разгон до 100 км/ч: 5.7 секунды — спортивная динамика для SUV<br />• Максимальная скорость: 242 км/ч<br />• Масса: 2360 кг (легче большого Range Rover на 95 кг)<br />• Объем багажника: 648-1737 литров<br />• Расход топлива: 10-12 л/100 км (смешанный)<br />Технологии и безопасность — ClearSight и AR<br />• Pivi Pro 13.1"" — изогнутый сенсорный экран с тактильной обратной связью<br />• ClearSight Ground View — ""прозрачный капот"": камеры показывают дорогу под автомобилем<br />• ClearSight Rear View Mirror — цифровое зеркало заднего вида с камерой<br />• Head-Up Display с Augmented Reality — проекция навигации с дополненной реальностью<br />• Адаптивный круиз-контроль с функцией Stop &amp; Go и Steering Assist<br />• Blind Spot Assist — ассистент слепых зон с автоматическим подруливанием<br />• Lane Keep Assist — удержание в полосе с автоматическим подруливанием<br />• Emergency Braking — автоматическое экстренное торможение<br />• 3D Surround Camera — камеры 360° с 3D визуализацией<br />• Wade Sensing — датчик глубины брода до 850 мм";https://static.tildacdn.com/stor3265-6133-4361-b331-363465626636/cdf3b1e01dcf99ed994af2507a6f6dd5.jpg https://static.tildacdn.com/stor3336-3461-4436-a261-346531633036/a4ba4108b80d859493107568d5260912.jpg;0;;;;;GsFaPuyvZv4PovFfiYEK;;0;0;0;0;Купить Range Rover Sport P400 Autobiography 2026 – Borasco Grey, 400 л.с.;Новый Range Rover Sport P400 Autobiography 2026 г.в. R6 3.0L (400 л.с., 550 Нм), Borasco Grey Individual, Caraway, Pixel LED, Meridian 1430 Вт, пневмоподвеска. В наличии.;Range Rover Sport P400 2026, RR Sport Autobiography, купить RR Sport новый, RR Sport Borasco Grey, Range Rover Sport Individual, RR Sport Caraway, Range Rover Sport серый;;;;;
8,04136E+11;Land Rover;;;"Автомобили;Автомобили>>>Новые";Range Rover Sport P400 Autobiography (L461) 2026 — Santorini Black, Deep Garnet, 400 л.с.;"Спортивный Range Rover с эксклюзивным гранатовым салоном! Новый Range Rover Sport (L461, 2026 г.в.) с бензиновым R6 3.0 л Twin-Turbo + MHEV (400 л.с., 550 Нм), черный кузов Santorini Black, редчайший гранатовый салон Deep Garnet Semi-Aniline (встречается в 10 раз реже стандартных цветов!), пиксельные фары Pixel LED, пневмоподвеска, массаж, Meridian Signature 1430 Вт.<br />?? Цвет кузова: Santorini Black (285) — черный металлик<br />?? Салон: Deep Garnet (гранатовый/темно-красный) — премиальная полуанилиновая кожа<br />?? Двигатель: 3.0 л R6 бензин Twin-Turbo + MHEV 48V (400 л.с., 550 Нм)<br />?? Привод: Постоянный полный AWD с понижающей передачей<br />?? Коробка: 8-ступенчатая автоматическая ZF<br />?? Комплектация: Autobiography (максимальная)<br />?? Подвеска: Adaptive Dynamics + Electronic Air Suspension<br />?? Диски: 22"" Style 1075 с алмазной отделкой<br />?? Свет: Pixel LED (1.2 млн пикселей) + анимированные ДХО<br />?? Аудио: Meridian Signature 29 дин. / 1430 Вт<br />?? Брод: до 850 мм<br />?? Разгон: 0-100 км/ч за 5.7 секунды<br />?? Год: 2026 (новая модель)";"Экстерьер — спортивный Range Rover в черном цвете<br />Среднеразмерный спортивный SUV в глубоком черном цвете с пиксельными фарами:<br />• Santorini Black (285) — глубокий черный металлик, классический статусный цвет Range Rover<br />• Спортивный силуэт — Range Rover Sport короче и ниже большого Range Rover, что придает ему более динамичный и агрессивный вид<br />• Пиксельные LED фары Pixel LED с 1.2 миллионами пикселей — точное управление светом, не ослепляет встречных водителей, ""вырезает"" автомобили из светового пучка<br />• Анимированные дневные ходовые огни Signature DRL — эффектная световая анимация<br />• Выдвижные дверные ручки (Deployable Door Handles) — утоплены в кузов, выдвигаются автоматически при приближении с ключом<br />• 22-дюймовые легкосплавные диски (Style 1075) с алмазной отделкой — премиальный дизайн<br />• Панорамная крыша с электроприводом шторки<br />• Электропривод двери багажника с бесконтактным открытием<br />• Доводчики дверей Soft-Close — все 4 двери автоматически закрываются с кнопки<br />• Хромированные акценты и шильдики Autobiography<br />Интерьер — редкий гранатовый Deep Garnet с полуанилиновой кожей<br />Салон в максимальной комплектации Autobiography с эксклюзивным гранатовым цветом:<br />• Премиальная полуанилиновая кожа Semi-Aniline в редчайшем цвете Deep Garnet (гранатовый/темно-красный) с перфорацией — высший уровень отделки Land Rover, встречается в 10 раз реже стандартных цветов и является признаком индивидуального заказа<br />• Идеальное сочетание Santorini Black + Deep Garnet — глубокий черный кузов + благородный гранатовый салон = эксклюзивный контраст для ценителей индивидуальности<br />• 24-позиционные передние сиденья с памятью, подогревом, вентиляцией и массажем<br />• Подогрев и вентиляция задних сидений<br />• Деревянные и металлические вставки Smoked Oak — натуральный дымчатый дуб<br />• 4-зонный автоматический климат-контроль с ионизацией воздуха<br />• Cabin Air Purification Pro — система очистки воздуха с PM2.5 фильтром<br />• Подогрев рулевого колеса с кожаной отделкой<br />• Ambient Lighting — подсветка салона с 30 цветами<br />• Встроенный холодильник в центральном подлокотнике<br />• Премиальная аудиосистема Meridian Signature Sound — 29 динамиков, 1430 Вт, технология Trifield, режим Concert Hall, активное шумоподавление, сабвуфер<br />• Pivi Pro — 13.1"" изогнутый сенсорный экран с тактильной обратной связью<br />• Interactive Driver Display — 12.3"" цифровая приборная панель<br />• Беспроводная зарядка спереди и сзади<br />• Apple CarPlay / Android Auto — беспроводное подключение<br />Драйв и динамика — Ingenium P400 с MHEV<br />• Двигатель: 3.0-литровый R6 бензин Ingenium Twin-Turbo с MHEV 48V (мягкий гибрид)<br />• Мощность: 400 л.с. при 5500-6500 об/мин<br />• Крутящий момент: 550 Нм при 2000-5000 об/мин<br />• Коробка передач: 8-ступенчатая автоматическая ZF<br />• Постоянный полный привод AWD с понижающей передачей<br />• Адаптивная пневматическая подвеска Adaptive Dynamics + Electronic Air Suspension<br />• Terrain Response 2 — 6 режимов движения + Auto режим:<br />— Comfort, Grass/Gravel/Snow, Mud/Ruts, Sand, Eco, Dynamic<br />• All-Terrain Progress Control — автоматическая система бездорожья (круиз-контроль для бездорожья)<br />• Wade Sensing — датчик глубины брода до 850 мм<br />• Разгон до 100 км/ч: 5.7 секунды — спортивная динамика для SUV<br />• Максимальная скорость: 242 км/ч<br />• Масса: 2360 кг (легче большого Range Rover на 95 кг)<br />• Объем багажника: 648-1737 литров<br />• Расход топлива: 10-12 л/100 км (смешанный)<br />Технологии и безопасность — ClearSight и AR<br />• Pivi Pro 13.1"" — изогнутый сенсорный экран с тактильной обратной связью<br />• ClearSight Ground View — ""прозрачный капот"": камеры показывают дорогу под автомобилем<br />• ClearSight Rear View Mirror — цифровое зеркало заднего вида с камерой<br />• Head-Up Display с Augmented Reality — проекция навигации с дополненной реальностью<br />• Адаптивный круиз-контроль с функцией Stop &amp; Go и Steering Assist<br />• Blind Spot Assist — ассистент слепых зон с автоматическим подруливанием<br />• Lane Keep Assist — удержание в полосе с автоматическим подруливанием<br />• Emergency Braking — автоматическое экстренное торможение<br />• 3D Surround Camera — камеры 360° с 3D визуализацией<br />• Wade Sensing — датчик глубины брода до 850 мм";https://static.tildacdn.com/stor6237-6165-4532-a162-356565346431/159aa1d69148492ded5a0dd6fd936d6d.jpg https://static.tildacdn.com/stor6366-6431-4739-a363-643432323433/722ebca43a238f57bb8c18862e0d1e9e.jpg;0;;;;;bjp3aiSRLKkuy4iGx71G;;0;0;0;0;Купить Range Rover Sport P400 Autobiography 2026 – Deep Garnet салон;Новый Range Rover Sport P400 Autobiography 2026 г.в. R6 3.0L (400 л.с., 550 Нм), Santorini Black, редкий Deep Garnet салон, Pixel LED, Meridian 1430 Вт. В наличии.;Range Rover Sport P400 2026, RR Sport Autobiography, купить RR Sport новый, RR Sport Deep Garnet, Range Rover Sport гранатовый, RR Sport Santorini Black, Range Rover Sport редкий салон;;;;;
1,76727E+11;Land Rover;;;"Автомобили;Автомобили>>>Новые";Range Rover P400 Autobiography (L460) 2026 — Carpathian Grey, Caraway, 400 л.с.;"Флагманский Range Rover в редком серо-коричневом Individual цвете! Новый Range Rover (L460, 2026 г.в.) в максимальной комплектации Autobiography с бензиновым R6 3.0 л Twin-Turbo + MHEV (400 л.с., 550 Нм), редкий цвет Carpathian Grey (957) с серо-коричневым отливом, монохромный коричневый салон Caraway Semi-Aniline, Pixel LED фары (1.2 млн пикселей), массаж горячими камнями, Meridian Signature 35 динамиков 1600 Вт, холодильник, Rear Entertainment.<br />?? Цвет кузова: Carpathian Grey (957) — редкий Individual серо-коричневый<br />?? Салон: Caraway (коричневый) — премиальная полуанилиновая кожа<br />?? Двигатель: 3.0 л R6 бензин Twin-Turbo + MHEV 48V (400 л.с., 550 Нм)<br />?? Привод: Постоянный полный AWD с понижающей передачей<br />?? Коробка: 8-ступенчатая автоматическая ZF<br />?? Комплектация: Autobiography (максимальная)<br />?? Подвеска: Adaptive Dynamics + Electronic Air Suspension<br />?? Диски: 22"" Style 1075 с алмазной отделкой<br />?? Свет: Pixel LED (1.2 млн пикселей) + анимированные ДХО<br />?? Аудио: Meridian Signature 35 дин. / 1600 Вт<br />?? Массаж: Горячие камни<br />?? Брод: до 900 мм (рекорд среди серийных SUV)<br />?? Разгон: 0-100 км/ч за 5.7 секунды<br />?? Расход: 10-12 л/100 км смешанный";"Экстерьер — редкий Individual цвет Carpathian Grey<br />Полноразмерный флагманский SUV в эксклюзивном серо-коричневом цвете:<br />• Carpathian Grey (957) — редкий Individual цвет с уникальным серо-коричневым отливом. В тени выглядит как строгий серый, на солнце раскрывается благородный коричневый оттенок с металлическим блеском. Доплата при заказе с завода ~150-200 тыс. ?<br />• Выдвижные дверные ручки (Deployable Door Handles) — утоплены в кузов, выдвигаются автоматически при приближении с ключом<br />• Пиксельные LED фары Pixel LED с 1.2 миллионами пикселей — точное управление светом, не ослепляет встречных водителей, ""вырезает"" автомобили из светового пучка<br />• Анимированные дневные ходовые огни Signature DRL — эффектная световая анимация<br />• 22-дюймовые легкосплавные диски (Style 1075) с алмазной отделкой — премиальный дизайн<br />• Панорамная крыша с электроприводом шторки<br />• Электропривод двери багажника с бесконтактным открытием (жестом ноги)<br />• Доводчики дверей Soft-Close — все 4 двери автоматически закрываются с кнопки<br />• Хромированные акценты и шильдики Autobiography<br />Интерьер — монохромный коричневый Caraway с массажем горячими камнями<br />Салон в максимальной комплектации Autobiography с элегантным коричневым цветом, создающим идеальную монохромную гармонию с серо-коричневым кузовом:<br />• Премиальная полуанилиновая кожа Semi-Aniline в редком цвете Caraway (коричневый) с перфорацией — высший уровень отделки Land Rover<br />• Монохромное сочетание Carpathian Grey + Caraway — серо-коричневый кузов + коричневый салон = идеальная гармония, проверенная десятилетиями<br />• 24-позиционные передние сиденья с памятью, подогревом, вентиляцией и массажем горячими камнями — уникальная фишка Range Rover Autobiography<br />• Подогрев и вентиляция задних сидений<br />• Executive Rear Seats — индивидуальные задние сиденья с откидными столиками<br />• Деревянные и металлические вставки Smoked Oak — натуральный дымчатый дуб<br />• 4-зонный автоматический климат-контроль с ионизацией воздуха и Nano-e технологией (очистка от вирусов и бактерий)<br />• Cabin Air Purification Pro — система очистки воздуха с PM2.5 фильтром<br />• Подогрев рулевого колеса с кожаной отделкой<br />• Ambient Lighting — подсветка салона с 30 цветами<br />• Встроенный холодильник в центральном подлокотнике — для напитков в дальних поездках<br />• Rear Entertainment — два 11.4"" экрана для задних пассажиров<br />• Премиальная аудиосистема Meridian Signature Sound — 35 динамиков, 1600 Вт, технология Trifield, режим Concert Hall, активное шумоподавление, сабвуфер, алмазные твитеры<br />• Pivi Pro — 13.1"" изогнутый сенсорный экран с тактильной обратной связью<br />• Interactive Driver Display — 12.3"" цифровая приборная панель<br />• Беспроводная зарядка спереди и сзади<br />• Apple CarPlay / Android Auto — беспроводное подключение<br />Драйв и динамика — бензиновый Ingenium P400 с MHEV<br />• Двигатель: 3.0-литровый R6 бензин Ingenium Twin-Turbo с MHEV 48V (мягкий гибрид)<br />• Мощность: 400 л.с. при 5500-6500 об/мин<br />• Крутящий момент: 550 Нм при 2000-5000 об/мин<br />• Коробка передач: 8-ступенчатая автоматическая ZF<br />• Постоянный полный привод AWD с понижающей передачей<br />• Адаптивная пневматическая подвеска Adaptive Dynamics + Electronic Air Suspension<br />• Terrain Response 2 — 6 режимов движения + Auto режим:<br />— Comfort, Grass/Gravel/Snow, Mud/Ruts, Sand, Eco, Dynamic<br />• All-Terrain Progress Control — автоматическая система бездорожья (круиз-контроль для бездорожья)<br />• Wade Sensing — датчик глубины брода до 900 мм (рекорд среди серийных SUV!)<br />• Разгон до 100 км/ч: 5.7 секунды — спортивная динамика для 2.5-тонного SUV<br />• Максимальная скорость: 242 км/ч<br />• Масса: 2455 кг<br />• Объем багажника: 648-1937 литров<br />• Расход топлива: 10-12 л/100 км (смешанный), 8-9 л на трассе, 13-15 л в городе<br />Технологии и безопасность — ClearSight и AR<br />• Pivi Pro 13.1"" — изогнутый сенсорный экран с тактильной обратной связью<br />• ClearSight Ground View — ""прозрачный капот"": камеры показывают дорогу под автомобилем<br />• ClearSight Rear View Mirror — цифровое зеркало заднего вида с камерой<br />• Head-Up Display с Augmented Reality — проекция навигации с дополненной реальностью<br />• Адаптивный круиз-контроль с функцией Stop &amp; Go и Steering Assist<br />• Blind Spot Assist — ассистент слепых зон с автоматическим подруливанием<br />• Lane Keep Assist — удержание в полосе с автоматическим подруливанием<br />• Emergency Braking — автоматическое экстренное торможение с распознаванием пешеходов и велосипедистов<br />• 3D Surround Camera — камеры 360° с 3D визуализацией<br />• Wade Sensing — датчик глубины брода до 900 мм";https://static.tildacdn.com/stor6564-6630-4366-b431-633531636139/e1454339df49faf6b73dec1acd95a1ef.jpg https://static.tildacdn.com/stor3239-3366-4036-b262-663834656234/9a16cf3fdff753bde39ab7c80aba894f.jpg;0;;;;;0ylxKAYfBPET5l3P10KO;;0;0;0;0;Купить Range Rover P400 Autobiography 2026 – Carpathian Grey, массаж;Новый Range Rover P400 Autobiography 2026 г.в. Бензин R6 3.0L (400 л.с., 550 Нм), Carpathian Grey Individual, салон Caraway, Pixel LED, Meridian 1600 Вт, брод 900 мм. В наличии.;Range Rover P400 Autobiography, RR Autobiography 2026, купить Range Rover новый, RR Carpathian Grey, Range Rover массаж горячими камнями, RR Pixel LED, Range Rover 400 л.с.;;;;;
2,06594E+11;Hyundai;;;"Автомобили;Автомобили>>>Новые";Hyundai Staria Lounge Inspiration (2024) — 9 мест, VIP-минивэн, HTRAC AWD;VIP-минивэн с 9 местами в топовой комплектации Lounge Inspiration! Hyundai Staria (2024 г.в.) с пробегом всего 1 000 км (фактически новый!) в максимальной VIP-комплектации с дизелем 2.2 л CRDi (177 л.с., 430 Нм), полным приводом HTRAC AWD, капитанскими креслами с массажем, панорамной крышей с электрохромным стеклом, Rear Entertainment, Bose Premium 12 динамиков.<br />?? Цвет кузова: Graphite Grey Metallic / Moonlight Blue Pearl<br />?? Салон: Двухцветная кожа Nappa Черный/Коричневый<br />?? Двигатель: 2.2 л R4 дизель CRDi (177 л.с., 430 Нм)<br />?? Привод: Полный HTRAC AWD<br />?? Коробка: 8-ступенчатая автоматическая<br />?? Пробег: 1 000 км (фактически новый!)<br />?? Салон: 9 мест (3+3+3) — капитанские кресла 2-го ряда<br />?? Комплектация: Lounge Inspiration (ТОПОВАЯ VIP-версия)<br />?? Подвеска: Адаптивная с пневмоэлементами<br />?? Свет: Матричные LED фары с адаптивным светом<br />?? Аудио: Bose Premium 12 дин. / 630 Вт<br />?? Крыша: Панорамная с электрохромным стеклом<br />?? Разгон: 0-100 км/ч за 12.5 секунды;"<p style=""text-align: left;"">Экстерьер — эксклюзивный дизайн Lounge</p><p style=""text-align: left;"">VIP-минивэн с уникальными элементами экстерьера версии Lounge:</p><p style=""text-align: left;"">• Уникальная хромированная решетка радиатора Lounge Exclusive — отличается от стандартных версий, создает премиальный облик</p><p style=""text-align: left;"">• Матричные светодиодные фары с адаптивным светом и анимированными ДХО</p><p style=""text-align: left;"">• Светодиодные задние фонари с анимацией — эффектный световой рисунок</p><p style=""text-align: left;"">• Хромированные элементы экстерьера — молдинги, ручки, акценты</p><p style=""text-align: left;"">• Электропривод боковых сдвижных дверей с обеих сторон + бесконтактное открытие</p><p style=""text-align: left;"">• Электропривод двери багажника с бесконтактным открытием (жестом ноги)</p><p style=""text-align: left;"">• Доводчики дверей Soft-Close — все двери автоматически закрываются</p><p style=""text-align: left;"">• Эксклюзивные 18"" диски Lounge — уникальный дизайн для топ-версии</p><p style=""text-align: left;"">• Тонированные задние стекла Privacy Glass</p><p style=""text-align: left;"">• Цвет Graphite Grey Metallic или Moonlight Blue Pearl — премиальные металлики</p><p style=""text-align: left;"">Интерьер — 9-местный VIP-лаунж с капитанскими креслами</p><p style=""text-align: left;"">Салон в максимальной VIP-комплектации с 9-местной конфигурацией 3+3+3:</p><p style=""text-align: left;"">• Капитанские кресла 2-го ряда Captain Seats с полным электропакетом:</p><p style=""text-align: left;"">— 10-позиционная электрорегулировка с памятью положений</p><p style=""text-align: left;"">— Массаж с 8 программами — комфорт бизнес-класса</p><p style=""text-align: left;"">— Подогрев и вентиляция</p><p style=""text-align: left;"">— Откидные подставки для ног</p><p style=""text-align: left;"">— Откидные столики</p><p style=""text-align: left;"">— Регулируемые подлокотники</p><p style=""text-align: left;"">• Третий ряд на 3 места — полноценные 9 мест (3+3+3), а не 7-8 как у конкурентов</p><p style=""text-align: left;"">• Премиальная двухцветная кожа Nappa (черный/бежевый или черный/коричневый)</p><p style=""text-align: left;"">• Деревянные вставки Open-Pore Wood — натуральный шпон с открытыми порами</p><p style=""text-align: left;"">• Металлические акценты — хромированные элементы интерьера</p><p style=""text-align: left;"">• Панорамная крыша с электрохромным стеклом — затемняется по нажатию кнопки (умное стекло!)</p><p style=""text-align: left;"">• Ambient Lighting — подсветка салона с 64 цветами и динамическими сценариями</p><p style=""text-align: left;"">• Солнцезащитные шторки на задних окнах с электроприводом</p><p style=""text-align: left;"">• 3-зонный климат-контроль с ионизацией воздуха</p><p style=""text-align: left;"">• Отдельные панели управления климатом для задних пассажиров</p><p style=""text-align: left;"">• Подогрев руля</p><p style=""text-align: left;"">• Подогрев и вентиляция передних сидений</p><p style=""text-align: left;"">• Подогрев всех задних сидений (2-й и 3-й ряд)</p><p style=""text-align: left;"">• Rear Entertainment — два 10.1"" экрана для задних пассажиров (в подголовниках передних сидений)</p><p style=""text-align: left;"">• Беспроводная зарядка спереди и сзади (в подлокотниках)</p><p style=""text-align: left;"">• USB-C Fast Charging во всех 3 рядах</p><p style=""text-align: left;"">• Премиальная аудиосистема Bose Premium Audio — 12 динамиков, 630 Вт, технология Centerpoint 2 (объемный звук из стерео), AudioPilot (компенсация шума), SoundTrue (естественное звучание)</p><p style=""text-align: left;"">• Отдельные панели управления звуком для задних пассажиров</p><p style=""text-align: left;"">Драйв и динамика — дизель CRDi с полным приводом HTRAC</p><p style=""text-align: left;"">• Двигатель: 2.2-литровый R4 дизель CRDi D4HB с турбонаддувом</p><p style=""text-align: left;"">• Мощность: 177 л.с. при 3800 об/мин</p><p style=""text-align: left;"">• Крутящий момент: 430 Нм при 1500-2500 об/мин — отличная тяга для тяжелого минивэна</p><p style=""text-align: left;"">• Коробка передач: 8-ступенчатая автоматическая</p><p style=""text-align: left;"">• Полный привод HTRAC AWD — редкость для минивэнов!</p><p style=""text-align: left;"">• Разгон до 100 км/ч: 12.5 секунды</p><p style=""text-align: left;"">• Максимальная скорость: 185 км/ч</p><p style=""text-align: left;"">• Масса: 2315 кг</p><p style=""text-align: left;"">• Расход топлива: 8-10 л/100 км (смешанный)</p><p style=""text-align: left;"">• Запас хода: до 900 км на одном баке</p><p style=""text-align: left;"">Технологии и безопасность — Hyundai SmartSense</p><p style=""text-align: left;"">• Hyundai SmartSense — полный пакет систем безопасности</p><p style=""text-align: left;"">• Smart Cruise Control — адаптивный круиз-контроль с Stop &amp; Go</p><p style=""text-align: left;"">• Lane Following Assist — ассистент следования полосе</p><p style=""text-align: left;"">• Blind Spot View Monitor — монитор слепых зон (камеры показывают слепые зоны на приборной панели!)</p><p style=""text-align: left;"">• Rear Cross-Traffic Collision Avoidance — предотвращение столкновений при выезде задним ходом</p><p style=""text-align: left;"">• Forward Collision Avoidance — автоматическое экстренное торможение с распознаванием пешеходов и велосипедистов</p><p style=""text-align: left;"">• Highway Driving Assist — ассистент вождения на трассе (адаптивный круиз + удержание в полосе)</p><p style=""text-align: left;"">• Remote Smart Parking Assist — автоматическая парковка с пульта (выезд/въезд в узкие места с ключа!)</p><p style=""text-align: left;"">• Surround View Monitor — камеры 360° с 3D визуализацией</p><p style=""text-align: left;"">• Rear Occupant Alert — предупреждение о пассажирах сзади (не забыть детей!)</p><p style=""text-align: left;"">• Safe Exit Assist — предупреждение при выходе (если сзади едет машина)</p><p style=""text-align: left;"">Мультимедиа и подключенные сервисы</p><p style=""text-align: left;"">• Цифровая приборная панель 10.25"" с тремя режимами отображения</p><p style=""text-align: left;"">• Центральный сенсорный экран 10.25"" с навигацией</p><p style=""text-align: left;"">• Беспроводные Apple CarPlay / Android Auto</p><p style=""text-align: left;"">• BlueLink — подключенные сервисы:</p><p style=""text-align: left;"">— Удаленный запуск двигателя</p><p style=""text-align: left;"">— Удаленное управление климатом</p><p style=""text-align: left;"">— Определение локации автомобиля</p><p style=""text-align: left;"">— Удаленная диагностика</p><p style=""text-align: left;"">• Digital Key — цифровой ключ через смартфон (телефон вместо ключа!)</p><p style=""text-align: left;"">• Voice Recognition — голосовое управление с искусственным интеллектом</p>";https://static.tildacdn.com/stor3161-3864-4663-b636-663137393037/c99d777ccda954d39f29f2fb26ec04b9.jpg https://static.tildacdn.com/stor3536-3937-4134-b365-653661303362/9f255fb7186c815157b96264c5363304.jpg https://static.tildacdn.com/stor3033-3131-4630-a131-393134613331/67f9e4cac6b2481d9d2bc47408871250.jpg;0;;;;;3xdINpAhJn6CR0MrDayP;;0;0;0;0;Купить Hyundai Staria Lounge Inspiration 2024 – 9 мест, VIP, HTRAC;Hyundai Staria Lounge Inspiration 2024, пробег 1 000 км. Дизель 2.2L (177 л.с., 430 Нм), 9 мест, HTRAC AWD, капитанские кресла с массажем, Bose 12 дин. В наличии.;Hyundai Staria Lounge, Staria 9 мест, купить Staria новый, Staria VIP, Hyundai Staria HTRAC, Staria капитанские кресла, Staria 2024;;;;;
